PRAGMA foreign_keys = ON;
-- Table: Videoclip
INSERT INTO Videoclip(id,url,localFilmagem,duracao) Values(0,'NONE','Poland',0);
INSERT INTO Videoclip(id,url,localFilmagem,duracao) Values(1,'NONE','Poland',0);
INSERT INTO Videoclip(id,url,localFilmagem,duracao) Values(2,'NONE','Lithuania',0);
INSERT INTO Videoclip(id,url,localFilmagem,duracao) Values(3,'NONE','Croatia',0);
INSERT INTO Videoclip(id,url,localFilmagem,duracao) Values(4,'NONE','Ukraine',0);
INSERT INTO Videoclip(id,url,localFilmagem,duracao) Values(5,'NONE','Bulgaria',0);
INSERT INTO Videoclip(id,url,localFilmagem,duracao) Values(6,'NONE','Turkey',0);
INSERT INTO Videoclip(id,url,localFilmagem,duracao) Values(7,'NONE','Italy',0);
INSERT INTO Videoclip(id,url,localFilmagem,duracao) Values(8,'NONE','Albania',0);
INSERT INTO Videoclip(id,url,localFilmagem,duracao) Values(9,'NONE','Armenia',0);
INSERT INTO Videoclip(id,url,localFilmagem,duracao) Values(10,'NONE','Russia',0);
INSERT INTO Videoclip(id,url,localFilmagem,duracao) Values(11,'NONE','Monaco',0);
INSERT INTO Videoclip(id,url,localFilmagem,duracao) Values(12,'NONE','Hungary',0);
INSERT INTO Videoclip(id,url,localFilmagem,duracao) Values(13,'NONE','Ukraine',0);
INSERT INTO Videoclip(id,url,localFilmagem,duracao) Values(14,'NONE','Estonia',0);
INSERT INTO Videoclip(id,url,localFilmagem,duracao) Values(15,'NONE','Croatia',0);
INSERT INTO Videoclip(id,url,localFilmagem,duracao) Values(16,'NONE','Latvia',0);
INSERT INTO Videoclip(id,url,localFilmagem,duracao) Values(17,'NONE','Armenia',0);
INSERT INTO Videoclip(id,url,localFilmagem,duracao) Values(18,'NONE','Norway',0);
INSERT INTO Videoclip(id,url,localFilmagem,duracao) Values(19,'NONE','Luxembourg',0);
INSERT INTO Videoclip(id,url,localFilmagem,duracao) Values(20,'NONE','Macedonia',0);
INSERT INTO Videoclip(id,url,localFilmagem,duracao) Values(21,'NONE','Netherlands',0);
INSERT INTO Videoclip(id,url,localFilmagem,duracao) Values(22,'NONE','Croatia',0);
INSERT INTO Videoclip(id,url,localFilmagem,duracao) Values(23,'NONE','Portugal',0);
INSERT INTO Videoclip(id,url,localFilmagem,duracao) Values(24,'NONE','Finland',0);
INSERT INTO Videoclip(id,url,localFilmagem,duracao) Values(25,'NONE','Albania',0);
INSERT INTO Videoclip(id,url,localFilmagem,duracao) Values(26,'NONE','Sweden',0);
INSERT INTO Videoclip(id,url,localFilmagem,duracao) Values(27,'NONE','Moldova',0);
INSERT INTO Videoclip(id,url,localFilmagem,duracao) Values(28,'NONE','Liechtenstein',0);
INSERT INTO Videoclip(id,url,localFilmagem,duracao) Values(29,'NONE','Liechtenstein',0);
INSERT INTO Videoclip(id,url,localFilmagem,duracao) Values(30,'NONE','Lithuania',0);
INSERT INTO Videoclip(id,url,localFilmagem,duracao) Values(31,'NONE','Macedonia',0);
INSERT INTO Videoclip(id,url,localFilmagem,duracao) Values(32,'NONE','Slovakia',0);
INSERT INTO Videoclip(id,url,localFilmagem,duracao) Values(33,'NONE','Turkey',0);
INSERT INTO Videoclip(id,url,localFilmagem,duracao) Values(34,'NONE','San Marino',0);
INSERT INTO Videoclip(id,url,localFilmagem,duracao) Values(35,'NONE','Macedonia',0);
INSERT INTO Videoclip(id,url,localFilmagem,duracao) Values(36,'NONE','Cyprus',0);
INSERT INTO Videoclip(id,url,localFilmagem,duracao) Values(37,'NONE','Sweden',0);
INSERT INTO Videoclip(id,url,localFilmagem,duracao) Values(38,'NONE','Azerbaijan',0);
INSERT INTO Videoclip(id,url,localFilmagem,duracao) Values(39,'NONE','Belgium',0);
INSERT INTO Videoclip(id,url,localFilmagem,duracao) Values(40,'NONE','Kosovo',0);
INSERT INTO Videoclip(id,url,localFilmagem,duracao) Values(41,'NONE','San Marino',0);
INSERT INTO Videoclip(id,url,localFilmagem,duracao) Values(42,'NONE','Iceland',0);
INSERT INTO Videoclip(id,url,localFilmagem,duracao) Values(43,'NONE','Monaco',0);
INSERT INTO Videoclip(id,url,localFilmagem,duracao) Values(44,'NONE','Hungary',0);
INSERT INTO Videoclip(id,url,localFilmagem,duracao) Values(45,'NONE','Turkey',0);
INSERT INTO Videoclip(id,url,localFilmagem,duracao) Values(46,'NONE','Ireland',0);
INSERT INTO Videoclip(id,url,localFilmagem,duracao) Values(47,'NONE','Austria',0);
INSERT INTO Videoclip(id,url,localFilmagem,duracao) Values(48,'NONE','Croatia',0);
INSERT INTO Videoclip(id,url,localFilmagem,duracao) Values(49,'NONE','Russia',0);
INSERT INTO Videoclip(id,url,localFilmagem,duracao) Values(50,'NONE','Italy',0);
INSERT INTO Videoclip(id,url,localFilmagem,duracao) Values(51,'NONE','Cyprus',0);
INSERT INTO Videoclip(id,url,localFilmagem,duracao) Values(52,'NONE','Slovenia',0);
INSERT INTO Videoclip(id,url,localFilmagem,duracao) Values(53,'NONE','Romania',0);
INSERT INTO Videoclip(id,url,localFilmagem,duracao) Values(54,'NONE','Germany',0);
INSERT INTO Videoclip(id,url,localFilmagem,duracao) Values(55,'NONE','Switzerland',0);
INSERT INTO Videoclip(id,url,localFilmagem,duracao) Values(56,'NONE','Croatia',0);
INSERT INTO Videoclip(id,url,localFilmagem,duracao) Values(57,'NONE','Ukraine',0);
INSERT INTO Videoclip(id,url,localFilmagem,duracao) Values(58,'NONE','Greece',0);
INSERT INTO Videoclip(id,url,localFilmagem,duracao) Values(59,'NONE','Estonia',0);
INSERT INTO Videoclip(id,url,localFilmagem,duracao) Values(60,'NONE','France',0);
INSERT INTO Videoclip(id,url,localFilmagem,duracao) Values(61,'NONE','Czech Republic',0);
INSERT INTO Videoclip(id,url,localFilmagem,duracao) Values(62,'NONE','Russia',0);
INSERT INTO Videoclip(id,url,localFilmagem,duracao) Values(63,'NONE','Czech Republic',0);
INSERT INTO Videoclip(id,url,localFilmagem,duracao) Values(64,'NONE','Latvia',0);
INSERT INTO Videoclip(id,url,localFilmagem,duracao) Values(65,'NONE','Hungary',0);
INSERT INTO Videoclip(id,url,localFilmagem,duracao) Values(66,'NONE','Luxembourg',0);
INSERT INTO Videoclip(id,url,localFilmagem,duracao) Values(67,'NONE','Moldova',0);
INSERT INTO Videoclip(id,url,localFilmagem,duracao) Values(68,'NONE','Ireland',0);
INSERT INTO Videoclip(id,url,localFilmagem,duracao) Values(69,'NONE','Greece',0);
INSERT INTO Videoclip(id,url,localFilmagem,duracao) Values(70,'NONE','Austria',0);
INSERT INTO Videoclip(id,url,localFilmagem,duracao) Values(71,'NONE','Ukraine',0);
INSERT INTO Videoclip(id,url,localFilmagem,duracao) Values(72,'NONE','Germany',0);
INSERT INTO Videoclip(id,url,localFilmagem,duracao) Values(73,'NONE','Macedonia',0);
INSERT INTO Videoclip(id,url,localFilmagem,duracao) Values(74,'NONE','Czech Republic',0);
INSERT INTO Videoclip(id,url,localFilmagem,duracao) Values(75,'NONE','Serbia',0);
INSERT INTO Videoclip(id,url,localFilmagem,duracao) Values(76,'NONE','Sweden',0);
INSERT INTO Videoclip(id,url,localFilmagem,duracao) Values(77,'NONE','Italy',0);
INSERT INTO Videoclip(id,url,localFilmagem,duracao) Values(78,'NONE','Azerbaijan',0);
INSERT INTO Videoclip(id,url,localFilmagem,duracao) Values(79,'NONE','Macedonia',0);
INSERT INTO Videoclip(id,url,localFilmagem,duracao) Values(80,'NONE','Montenegro',0);
INSERT INTO Videoclip(id,url,localFilmagem,duracao) Values(81,'NONE','Poland',0);
INSERT INTO Videoclip(id,url,localFilmagem,duracao) Values(82,'NONE','Belarus',0);
INSERT INTO Videoclip(id,url,localFilmagem,duracao) Values(83,'NONE','Greece',0);
INSERT INTO Videoclip(id,url,localFilmagem,duracao) Values(84,'NONE','Cyprus',0);
INSERT INTO Videoclip(id,url,localFilmagem,duracao) Values(85,'NONE','Slovenia',0);
INSERT INTO Videoclip(id,url,localFilmagem,duracao) Values(86,'NONE','Lithuania',0);
INSERT INTO Videoclip(id,url,localFilmagem,duracao) Values(87,'NONE','Kosovo',0);
INSERT INTO Videoclip(id,url,localFilmagem,duracao) Values(88,'NONE','Georgia',0);
INSERT INTO Videoclip(id,url,localFilmagem,duracao) Values(89,'NONE','Austria',0);
INSERT INTO Videoclip(id,url,localFilmagem,duracao) Values(90,'NONE','France',0);
INSERT INTO Videoclip(id,url,localFilmagem,duracao) Values(91,'NONE','France',0);
INSERT INTO Videoclip(id,url,localFilmagem,duracao) Values(92,'NONE','Serbia',0);
INSERT INTO Videoclip(id,url,localFilmagem,duracao) Values(93,'NONE','Georgia',0);
INSERT INTO Videoclip(id,url,localFilmagem,duracao) Values(94,'NONE','Finland',0);
INSERT INTO Videoclip(id,url,localFilmagem,duracao) Values(95,'NONE','Finland',0);
INSERT INTO Videoclip(id,url,localFilmagem,duracao) Values(96,'NONE','Russia',0);
INSERT INTO Videoclip(id,url,localFilmagem,duracao) Values(97,'NONE','Poland',0);
INSERT INTO Videoclip(id,url,localFilmagem,duracao) Values(98,'NONE','Albania',0);
INSERT INTO Videoclip(id,url,localFilmagem,duracao) Values(99,'NONE','Georgia',0);
INSERT INTO Videoclip(id,url,localFilmagem,duracao) Values(100,'NONE','Croatia',0);
INSERT INTO Videoclip(id,url,localFilmagem,duracao) Values(101,'NONE','Kosovo',0);
INSERT INTO Videoclip(id,url,localFilmagem,duracao) Values(102,'NONE','Latvia',0);
INSERT INTO Videoclip(id,url,localFilmagem,duracao) Values(103,'NONE','Czech Republic',0);
INSERT INTO Videoclip(id,url,localFilmagem,duracao) Values(104,'NONE','Turkey',0);
INSERT INTO Videoclip(id,url,localFilmagem,duracao) Values(105,'NONE','Andorra',0);
INSERT INTO Videoclip(id,url,localFilmagem,duracao) Values(106,'NONE','Estonia',0);
INSERT INTO Videoclip(id,url,localFilmagem,duracao) Values(107,'NONE','Belarus',0);
INSERT INTO Videoclip(id,url,localFilmagem,duracao) Values(108,'NONE','Albania',0);
INSERT INTO Videoclip(id,url,localFilmagem,duracao) Values(109,'NONE','Moldova',0);
INSERT INTO Videoclip(id,url,localFilmagem,duracao) Values(110,'NONE','Latvia',0);
INSERT INTO Videoclip(id,url,localFilmagem,duracao) Values(111,'NONE','Switzerland',0);
INSERT INTO Videoclip(id,url,localFilmagem,duracao) Values(112,'NONE','Serbia',0);
INSERT INTO Videoclip(id,url,localFilmagem,duracao) Values(113,'NONE','Ireland',0);
INSERT INTO Videoclip(id,url,localFilmagem,duracao) Values(114,'NONE','Switzerland',0);
INSERT INTO Videoclip(id,url,localFilmagem,duracao) Values(115,'NONE','Bulgaria',0);
INSERT INTO Videoclip(id,url,localFilmagem,duracao) Values(116,'NONE','Croatia',0);
INSERT INTO Videoclip(id,url,localFilmagem,duracao) Values(117,'NONE','Belgium',0);
INSERT INTO Videoclip(id,url,localFilmagem,duracao) Values(118,'NONE','Portugal',0);
INSERT INTO Videoclip(id,url,localFilmagem,duracao) Values(119,'NONE','Russia',0);
INSERT INTO Videoclip(id,url,localFilmagem,duracao) Values(120,'NONE','Georgia',0);
INSERT INTO Videoclip(id,url,localFilmagem,duracao) Values(121,'NONE','Georgia',0);
INSERT INTO Videoclip(id,url,localFilmagem,duracao) Values(122,'NONE','Netherlands',0);
INSERT INTO Videoclip(id,url,localFilmagem,duracao) Values(123,'NONE','Azerbaijan',0);
INSERT INTO Videoclip(id,url,localFilmagem,duracao) Values(124,'NONE','Macedonia',0);
INSERT INTO Videoclip(id,url,localFilmagem,duracao) Values(125,'NONE','Kosovo',0);
INSERT INTO Videoclip(id,url,localFilmagem,duracao) Values(126,'NONE','Germany',0);
INSERT INTO Videoclip(id,url,localFilmagem,duracao) Values(127,'NONE','Greece',0);
INSERT INTO Videoclip(id,url,localFilmagem,duracao) Values(128,'NONE','Czech Republic',0);
INSERT INTO Videoclip(id,url,localFilmagem,duracao) Values(129,'NONE','Bulgaria',0);
INSERT INTO Videoclip(id,url,localFilmagem,duracao) Values(130,'NONE','Romania',0);
INSERT INTO Videoclip(id,url,localFilmagem,duracao) Values(131,'NONE','Italy',0);
INSERT INTO Videoclip(id,url,localFilmagem,duracao) Values(132,'NONE','Greece',0);
INSERT INTO Videoclip(id,url,localFilmagem,duracao) Values(133,'NONE','Liechtenstein',0);
INSERT INTO Videoclip(id,url,localFilmagem,duracao) Values(134,'NONE','Slovakia',0);
INSERT INTO Videoclip(id,url,localFilmagem,duracao) Values(135,'NONE','Serbia',0);
INSERT INTO Videoclip(id,url,localFilmagem,duracao) Values(136,'NONE','Italy',0);
INSERT INTO Videoclip(id,url,localFilmagem,duracao) Values(137,'NONE','Norway',0);
INSERT INTO Videoclip(id,url,localFilmagem,duracao) Values(138,'NONE','Sweden',0);
INSERT INTO Videoclip(id,url,localFilmagem,duracao) Values(139,'NONE','Belgium',0);
INSERT INTO Videoclip(id,url,localFilmagem,duracao) Values(140,'NONE','France',0);
INSERT INTO Videoclip(id,url,localFilmagem,duracao) Values(141,'NONE','Netherlands',0);
INSERT INTO Videoclip(id,url,localFilmagem,duracao) Values(142,'NONE','Russia',0);
INSERT INTO Videoclip(id,url,localFilmagem,duracao) Values(143,'NONE','Denmark',0);
INSERT INTO Videoclip(id,url,localFilmagem,duracao) Values(144,'NONE','Ukraine',0);
INSERT INTO Videoclip(id,url,localFilmagem,duracao) Values(145,'NONE','Monaco',0);
INSERT INTO Videoclip(id,url,localFilmagem,duracao) Values(146,'NONE','Finland',0);
INSERT INTO Videoclip(id,url,localFilmagem,duracao) Values(147,'NONE','Luxembourg',0);
INSERT INTO Videoclip(id,url,localFilmagem,duracao) Values(148,'NONE','Poland',0);
INSERT INTO Videoclip(id,url,localFilmagem,duracao) Values(149,'NONE','Austria',0);
INSERT INTO Videoclip(id,url,localFilmagem,duracao) Values(150,'NONE','Bulgaria',0);
INSERT INTO Videoclip(id,url,localFilmagem,duracao) Values(151,'NONE','Hungary',0);
INSERT INTO Videoclip(id,url,localFilmagem,duracao) Values(152,'NONE','Montenegro',0);
INSERT INTO Videoclip(id,url,localFilmagem,duracao) Values(153,'NONE','Greece',0);
INSERT INTO Videoclip(id,url,localFilmagem,duracao) Values(154,'NONE','Hungary',0);
INSERT INTO Videoclip(id,url,localFilmagem,duracao) Values(155,'NONE','Lithuania',0);
INSERT INTO Videoclip(id,url,localFilmagem,duracao) Values(156,'NONE','Bulgaria',0);
INSERT INTO Videoclip(id,url,localFilmagem,duracao) Values(157,'NONE','Kosovo',0);
INSERT INTO Videoclip(id,url,localFilmagem,duracao) Values(158,'NONE','Denmark',0);
INSERT INTO Videoclip(id,url,localFilmagem,duracao) Values(159,'NONE','Albania',0);
INSERT INTO Videoclip(id,url,localFilmagem,duracao) Values(160,'NONE','Liechtenstein',0);
INSERT INTO Videoclip(id,url,localFilmagem,duracao) Values(161,'NONE','Norway',0);
INSERT INTO Videoclip(id,url,localFilmagem,duracao) Values(162,'NONE','Moldova',0);
INSERT INTO Videoclip(id,url,localFilmagem,duracao) Values(163,'NONE','Lithuania',0);
INSERT INTO Videoclip(id,url,localFilmagem,duracao) Values(164,'NONE','Malta',0);
INSERT INTO Videoclip(id,url,localFilmagem,duracao) Values(165,'NONE','Poland',0);
INSERT INTO Videoclip(id,url,localFilmagem,duracao) Values(166,'NONE','Monaco',0);
INSERT INTO Videoclip(id,url,localFilmagem,duracao) Values(167,'NONE','Lithuania',0);
INSERT INTO Videoclip(id,url,localFilmagem,duracao) Values(168,'NONE','Sweden',0);
INSERT INTO Videoclip(id,url,localFilmagem,duracao) Values(169,'NONE','Finland',0);
INSERT INTO Videoclip(id,url,localFilmagem,duracao) Values(170,'NONE','Slovenia',0);
INSERT INTO Videoclip(id,url,localFilmagem,duracao) Values(171,'NONE','Malta',0);
INSERT INTO Videoclip(id,url,localFilmagem,duracao) Values(172,'NONE','Malta',0);
INSERT INTO Videoclip(id,url,localFilmagem,duracao) Values(173,'NONE','Sweden',0);
INSERT INTO Videoclip(id,url,localFilmagem,duracao) Values(174,'NONE','Serbia',0);
INSERT INTO Videoclip(id,url,localFilmagem,duracao) Values(175,'NONE','Latvia',0);
INSERT INTO Videoclip(id,url,localFilmagem,duracao) Values(176,'NONE','Latvia',0);
INSERT INTO Videoclip(id,url,localFilmagem,duracao) Values(177,'NONE','Austria',0);
INSERT INTO Videoclip(id,url,localFilmagem,duracao) Values(178,'NONE','Kosovo',0);
INSERT INTO Videoclip(id,url,localFilmagem,duracao) Values(179,'NONE','Albania',0);
INSERT INTO Videoclip(id,url,localFilmagem,duracao) Values(180,'NONE','Georgia',0);
INSERT INTO Videoclip(id,url,localFilmagem,duracao) Values(181,'NONE','United Kingdom',0);
INSERT INTO Videoclip(id,url,localFilmagem,duracao) Values(182,'NONE','Malta',0);
INSERT INTO Videoclip(id,url,localFilmagem,duracao) Values(183,'NONE','Netherlands',0);
INSERT INTO Videoclip(id,url,localFilmagem,duracao) Values(184,'NONE','Netherlands',0);
INSERT INTO Videoclip(id,url,localFilmagem,duracao) Values(185,'NONE','Montenegro',0);
INSERT INTO Videoclip(id,url,localFilmagem,duracao) Values(186,'NONE','Lithuania',0);
INSERT INTO Videoclip(id,url,localFilmagem,duracao) Values(187,'NONE','Belarus',0);
INSERT INTO Videoclip(id,url,localFilmagem,duracao) Values(188,'NONE','Belarus',0);
INSERT INTO Videoclip(id,url,localFilmagem,duracao) Values(189,'NONE','Germany',0);
INSERT INTO Videoclip(id,url,localFilmagem,duracao) Values(190,'NONE','Azerbaijan',0);
INSERT INTO Videoclip(id,url,localFilmagem,duracao) Values(191,'NONE','Montenegro',0);
INSERT INTO Videoclip(id,url,localFilmagem,duracao) Values(192,'NONE','Ireland',0);
INSERT INTO Videoclip(id,url,localFilmagem,duracao) Values(193,'NONE','Turkey',0);
INSERT INTO Videoclip(id,url,localFilmagem,duracao) Values(194,'NONE','Sweden',0);
INSERT INTO Videoclip(id,url,localFilmagem,duracao) Values(195,'NONE','Georgia',0);
INSERT INTO Videoclip(id,url,localFilmagem,duracao) Values(196,'NONE','Kosovo',0);
INSERT INTO Videoclip(id,url,localFilmagem,duracao) Values(197,'NONE','Malta',0);
INSERT INTO Videoclip(id,url,localFilmagem,duracao) Values(198,'NONE','Belarus',0);
INSERT INTO Videoclip(id,url,localFilmagem,duracao) Values(199,'NONE','Latvia',0);
INSERT INTO Videoclip(id,url,localFilmagem,duracao) Values(200,'NONE','Slovenia',0);
INSERT INTO Videoclip(id,url,localFilmagem,duracao) Values(201,'NONE','Ukraine',0);
INSERT INTO Videoclip(id,url,localFilmagem,duracao) Values(202,'NONE','Macedonia',0);
INSERT INTO Videoclip(id,url,localFilmagem,duracao) Values(203,'NONE','Finland',0);
INSERT INTO Videoclip(id,url,localFilmagem,duracao) Values(204,'NONE','Lithuania',0);
INSERT INTO Videoclip(id,url,localFilmagem,duracao) Values(205,'NONE','Netherlands',0);
INSERT INTO Videoclip(id,url,localFilmagem,duracao) Values(206,'NONE','Iceland',0);
INSERT INTO Videoclip(id,url,localFilmagem,duracao) Values(207,'NONE','Montenegro',0);
INSERT INTO Videoclip(id,url,localFilmagem,duracao) Values(208,'NONE','Andorra',0);
INSERT INTO Videoclip(id,url,localFilmagem,duracao) Values(209,'NONE','Montenegro',0);
INSERT INTO Videoclip(id,url,localFilmagem,duracao) Values(210,'NONE','Ireland',0);
INSERT INTO Videoclip(id,url,localFilmagem,duracao) Values(211,'NONE','Ireland',0);
INSERT INTO Videoclip(id,url,localFilmagem,duracao) Values(212,'NONE','Estonia',0);
INSERT INTO Videoclip(id,url,localFilmagem,duracao) Values(213,'NONE','Spain',0);
INSERT INTO Videoclip(id,url,localFilmagem,duracao) Values(214,'NONE','Portugal',0);
INSERT INTO Videoclip(id,url,localFilmagem,duracao) Values(215,'NONE','Czech Republic',0);
INSERT INTO Videoclip(id,url,localFilmagem,duracao) Values(216,'NONE','Romania',0);
INSERT INTO Videoclip(id,url,localFilmagem,duracao) Values(217,'NONE','Spain',0);
INSERT INTO Videoclip(id,url,localFilmagem,duracao) Values(218,'NONE','Spain',0);
INSERT INTO Videoclip(id,url,localFilmagem,duracao) Values(219,'NONE','Belgium',0);
INSERT INTO Videoclip(id,url,localFilmagem,duracao) Values(220,'NONE','France',0);
INSERT INTO Videoclip(id,url,localFilmagem,duracao) Values(221,'NONE','Ukraine',0);
INSERT INTO Videoclip(id,url,localFilmagem,duracao) Values(222,'NONE','France',0);
INSERT INTO Videoclip(id,url,localFilmagem,duracao) Values(223,'NONE','San Marino',0);
INSERT INTO Videoclip(id,url,localFilmagem,duracao) Values(224,'NONE','Romania',0);
INSERT INTO Videoclip(id,url,localFilmagem,duracao) Values(225,'NONE','United Kingdom',0);
INSERT INTO Videoclip(id,url,localFilmagem,duracao) Values(226,'NONE','Andorra',0);
INSERT INTO Videoclip(id,url,localFilmagem,duracao) Values(227,'NONE','Liechtenstein',0);
INSERT INTO Videoclip(id,url,localFilmagem,duracao) Values(228,'NONE','Bulgaria',0);
INSERT INTO Videoclip(id,url,localFilmagem,duracao) Values(229,'NONE','Switzerland',0);
INSERT INTO Videoclip(id,url,localFilmagem,duracao) Values(230,'NONE','Iceland',0);
INSERT INTO Videoclip(id,url,localFilmagem,duracao) Values(231,'NONE','Serbia',0);
INSERT INTO Videoclip(id,url,localFilmagem,duracao) Values(232,'NONE','Russia',0);
INSERT INTO Videoclip(id,url,localFilmagem,duracao) Values(233,'NONE','Bulgaria',0);
INSERT INTO Videoclip(id,url,localFilmagem,duracao) Values(234,'NONE','Portugal',0);
INSERT INTO Videoclip(id,url,localFilmagem,duracao) Values(235,'NONE','Ukraine',0);
INSERT INTO Videoclip(id,url,localFilmagem,duracao) Values(236,'NONE','Kosovo',0);
INSERT INTO Videoclip(id,url,localFilmagem,duracao) Values(237,'NONE','Belarus',0);
INSERT INTO Videoclip(id,url,localFilmagem,duracao) Values(238,'NONE','Hungary',0);
INSERT INTO Videoclip(id,url,localFilmagem,duracao) Values(239,'NONE','Croatia',0);
INSERT INTO Videoclip(id,url,localFilmagem,duracao) Values(240,'NONE','Sweden',0);
INSERT INTO Videoclip(id,url,localFilmagem,duracao) Values(241,'NONE','Serbia',0);
INSERT INTO Videoclip(id,url,localFilmagem,duracao) Values(242,'NONE','Czech Republic',0);
INSERT INTO Videoclip(id,url,localFilmagem,duracao) Values(243,'NONE','France',0);
INSERT INTO Videoclip(id,url,localFilmagem,duracao) Values(244,'NONE','Monaco',0);
INSERT INTO Videoclip(id,url,localFilmagem,duracao) Values(245,'NONE','Albania',0);
INSERT INTO Videoclip(id,url,localFilmagem,duracao) Values(246,'NONE','Italy',0);
INSERT INTO Videoclip(id,url,localFilmagem,duracao) Values(247,'NONE','Croatia',0);
INSERT INTO Videoclip(id,url,localFilmagem,duracao) Values(248,'NONE','United Kingdom',0);
INSERT INTO Videoclip(id,url,localFilmagem,duracao) Values(249,'NONE','Italy',0);
INSERT INTO Videoclip(id,url,localFilmagem,duracao) Values(250,'NONE','Bosnia and Herzegovina',0);
INSERT INTO Videoclip(id,url,localFilmagem,duracao) Values(251,'NONE','Malta',0);
INSERT INTO Videoclip(id,url,localFilmagem,duracao) Values(252,'NONE','Slovakia',0);
INSERT INTO Videoclip(id,url,localFilmagem,duracao) Values(253,'NONE','Finland',0);
INSERT INTO Videoclip(id,url,localFilmagem,duracao) Values(254,'NONE','Andorra',0);
INSERT INTO Videoclip(id,url,localFilmagem,duracao) Values(255,'NONE','Belarus',0);
INSERT INTO Videoclip(id,url,localFilmagem,duracao) Values(256,'NONE','Slovenia',0);
INSERT INTO Videoclip(id,url,localFilmagem,duracao) Values(257,'NONE','Lithuania',0);
INSERT INTO Videoclip(id,url,localFilmagem,duracao) Values(258,'NONE','Belarus',0);
INSERT INTO Videoclip(id,url,localFilmagem,duracao) Values(259,'NONE','Croatia',0);
INSERT INTO Videoclip(id,url,localFilmagem,duracao) Values(260,'NONE','Lithuania',0);
INSERT INTO Videoclip(id,url,localFilmagem,duracao) Values(261,'NONE','Spain',0);
INSERT INTO Videoclip(id,url,localFilmagem,duracao) Values(262,'NONE','Hungary',0);
INSERT INTO Videoclip(id,url,localFilmagem,duracao) Values(263,'NONE','Montenegro',0);
INSERT INTO Videoclip(id,url,localFilmagem,duracao) Values(264,'NONE','Montenegro',0);
INSERT INTO Videoclip(id,url,localFilmagem,duracao) Values(265,'NONE','France',0);
INSERT INTO Videoclip(id,url,localFilmagem,duracao) Values(266,'NONE','Armenia',0);
INSERT INTO Videoclip(id,url,localFilmagem,duracao) Values(267,'NONE','Greece',0);
INSERT INTO Videoclip(id,url,localFilmagem,duracao) Values(268,'NONE','Slovakia',0);
INSERT INTO Videoclip(id,url,localFilmagem,duracao) Values(269,'NONE','Macedonia',0);
INSERT INTO Videoclip(id,url,localFilmagem,duracao) Values(270,'NONE','Liechtenstein',0);
INSERT INTO Videoclip(id,url,localFilmagem,duracao) Values(271,'NONE','Italy',0);
INSERT INTO Videoclip(id,url,localFilmagem,duracao) Values(272,'NONE','Georgia',0);
INSERT INTO Videoclip(id,url,localFilmagem,duracao) Values(273,'NONE','Moldova',0);
INSERT INTO Videoclip(id,url,localFilmagem,duracao) Values(274,'NONE','Bosnia and Herzegovina',0);
INSERT INTO Videoclip(id,url,localFilmagem,duracao) Values(275,'NONE','Montenegro',0);
INSERT INTO Videoclip(id,url,localFilmagem,duracao) Values(276,'NONE','Bulgaria',0);
INSERT INTO Videoclip(id,url,localFilmagem,duracao) Values(277,'NONE','Lithuania',0);
INSERT INTO Videoclip(id,url,localFilmagem,duracao) Values(278,'NONE','Spain',0);
INSERT INTO Videoclip(id,url,localFilmagem,duracao) Values(279,'NONE','Georgia',0);
INSERT INTO Videoclip(id,url,localFilmagem,duracao) Values(280,'NONE','Macedonia',0);
INSERT INTO Videoclip(id,url,localFilmagem,duracao) Values(281,'NONE','Russia',0);
INSERT INTO Videoclip(id,url,localFilmagem,duracao) Values(282,'NONE','France',0);
INSERT INTO Videoclip(id,url,localFilmagem,duracao) Values(283,'NONE','Georgia',0);
INSERT INTO Videoclip(id,url,localFilmagem,duracao) Values(284,'NONE','Italy',0);
INSERT INTO Videoclip(id,url,localFilmagem,duracao) Values(285,'NONE','Serbia',0);
INSERT INTO Videoclip(id,url,localFilmagem,duracao) Values(286,'NONE','Netherlands',0);
INSERT INTO Videoclip(id,url,localFilmagem,duracao) Values(287,'NONE','Netherlands',0);
INSERT INTO Videoclip(id,url,localFilmagem,duracao) Values(288,'NONE','Czech Republic',0);
INSERT INTO Videoclip(id,url,localFilmagem,duracao) Values(289,'NONE','Malta',0);
INSERT INTO Videoclip(id,url,localFilmagem,duracao) Values(290,'NONE','Slovenia',0);
-- Table: Musica
INSERT INTO Musica(id,nome,imagemCapa,reproducoes,idVideoclip) Values(3135553,'One More Time','https://api.deezer.com/album/302127/image',4031076,0);
INSERT INTO Musica(id,nome,imagemCapa,reproducoes,idVideoclip) Values(3135554,'Aerodynamic','https://api.deezer.com/album/302127/image',8468123,1);
INSERT INTO Musica(id,nome,imagemCapa,reproducoes,idVideoclip) Values(3135555,'Digital Love','https://api.deezer.com/album/302127/image',5600513,2);
INSERT INTO Musica(id,nome,imagemCapa,reproducoes,idVideoclip) Values(3135556,'Harder, Better, Faster, Stronger','https://api.deezer.com/album/302127/image',8770634,3);
INSERT INTO Musica(id,nome,imagemCapa,reproducoes,idVideoclip) Values(3135557,'Crescendolls','https://api.deezer.com/album/302127/image',6217981,4);
INSERT INTO Musica(id,nome,imagemCapa,reproducoes,idVideoclip) Values(3135558,'Nightvision','https://api.deezer.com/album/302127/image',3031263,5);
INSERT INTO Musica(id,nome,imagemCapa,reproducoes,idVideoclip) Values(3135559,'Superheroes','https://api.deezer.com/album/302127/image',3260559,6);
INSERT INTO Musica(id,nome,imagemCapa,reproducoes,idVideoclip) Values(3135560,'High Life','https://api.deezer.com/album/302127/image',5209104,7);
INSERT INTO Musica(id,nome,imagemCapa,reproducoes,idVideoclip) Values(3135561,'Something About Us','https://api.deezer.com/album/302127/image',5015503,8);
INSERT INTO Musica(id,nome,imagemCapa,reproducoes,idVideoclip) Values(3135562,'Voyager','https://api.deezer.com/album/302127/image',6205817,9);
INSERT INTO Musica(id,nome,imagemCapa,reproducoes,idVideoclip) Values(3135563,'Veridis Quo','https://api.deezer.com/album/302127/image',5562796,10);
INSERT INTO Musica(id,nome,imagemCapa,reproducoes,idVideoclip) Values(3135564,'Short Circuit','https://api.deezer.com/album/302127/image',1807408,11);
INSERT INTO Musica(id,nome,imagemCapa,reproducoes,idVideoclip) Values(3135565,'Face to Face','https://api.deezer.com/album/302127/image',1182314,12);
INSERT INTO Musica(id,nome,imagemCapa,reproducoes,idVideoclip) Values(3135566,'Too Long','https://api.deezer.com/album/302127/image',7315466,13);
INSERT INTO Musica(id,nome,imagemCapa,reproducoes,idVideoclip) Values(67238728,'Give Life Back to Music','https://api.deezer.com/album/6575789/image',2370975,14);
INSERT INTO Musica(id,nome,imagemCapa,reproducoes,idVideoclip) Values(67238729,'The Game of Love','https://api.deezer.com/album/6575789/image',947285,15);
INSERT INTO Musica(id,nome,imagemCapa,reproducoes,idVideoclip) Values(67238730,'Giorgio by Moroder','https://api.deezer.com/album/6575789/image',4023874,16);
INSERT INTO Musica(id,nome,imagemCapa,reproducoes,idVideoclip) Values(67238731,'Within','https://api.deezer.com/album/6575789/image',6558510,17);
INSERT INTO Musica(id,nome,imagemCapa,reproducoes,idVideoclip) Values(67238732,'Instant Crush (feat. Julian Casablancas)','https://api.deezer.com/album/6575789/image',9242950,18);
INSERT INTO Musica(id,nome,imagemCapa,reproducoes,idVideoclip) Values(67238733,'Lose Yourself to Dance (feat. Pharrell Williams)','https://api.deezer.com/album/6575789/image',4591913,19);
INSERT INTO Musica(id,nome,imagemCapa,reproducoes,idVideoclip) Values(67238734,'Touch (feat. Paul Williams)','https://api.deezer.com/album/6575789/image',2113656,20);
INSERT INTO Musica(id,nome,imagemCapa,reproducoes,idVideoclip) Values(67238735,'Get Lucky (feat. Pharrell Williams & Nile Rodgers)','https://api.deezer.com/album/6575789/image',7738141,21);
INSERT INTO Musica(id,nome,imagemCapa,reproducoes,idVideoclip) Values(67238736,'Beyond','https://api.deezer.com/album/6575789/image',7743476,22);
INSERT INTO Musica(id,nome,imagemCapa,reproducoes,idVideoclip) Values(67238737,'Motherboard','https://api.deezer.com/album/6575789/image',1200420,23);
INSERT INTO Musica(id,nome,imagemCapa,reproducoes,idVideoclip) Values(67238738,'Fragments of Time (feat. Todd Edwards)','https://api.deezer.com/album/6575789/image',5708704,24);
INSERT INTO Musica(id,nome,imagemCapa,reproducoes,idVideoclip) Values(67238739,'Doin'' it Right (feat. Panda Bear)','https://api.deezer.com/album/6575789/image',9826493,25);
INSERT INTO Musica(id,nome,imagemCapa,reproducoes,idVideoclip) Values(67238740,'Contact','https://api.deezer.com/album/6575789/image',3668749,26);
INSERT INTO Musica(id,nome,imagemCapa,reproducoes,idVideoclip) Values(68442677,'Get Lucky (feat. Pharrell Williams & Nile Rodgers)','https://api.deezer.com/album/6703346/image',1279336,27);
INSERT INTO Musica(id,nome,imagemCapa,reproducoes,idVideoclip) Values(70322130,'Do I Wanna Know?','https://api.deezer.com/album/6899610/image',5780373,28);
INSERT INTO Musica(id,nome,imagemCapa,reproducoes,idVideoclip) Values(70322132,'R U Mine?','https://api.deezer.com/album/6899610/image',6789154,29);
INSERT INTO Musica(id,nome,imagemCapa,reproducoes,idVideoclip) Values(70322133,'One For The Road','https://api.deezer.com/album/6899610/image',523148,30);
INSERT INTO Musica(id,nome,imagemCapa,reproducoes,idVideoclip) Values(70322134,'Arabella','https://api.deezer.com/album/6899610/image',3825055,31);
INSERT INTO Musica(id,nome,imagemCapa,reproducoes,idVideoclip) Values(70322135,'I Want It All','https://api.deezer.com/album/6899610/image',7623725,32);
INSERT INTO Musica(id,nome,imagemCapa,reproducoes,idVideoclip) Values(70322136,'No. 1 Party Anthem','https://api.deezer.com/album/6899610/image',6639162,33);
INSERT INTO Musica(id,nome,imagemCapa,reproducoes,idVideoclip) Values(70322137,'Mad Sounds','https://api.deezer.com/album/6899610/image',2591728,34);
INSERT INTO Musica(id,nome,imagemCapa,reproducoes,idVideoclip) Values(70322138,'Fireside','https://api.deezer.com/album/6899610/image',6081437,35);
INSERT INTO Musica(id,nome,imagemCapa,reproducoes,idVideoclip) Values(70322139,'Why''d You Only Call Me When You''re High?','https://api.deezer.com/album/6899610/image',3099670,36);
INSERT INTO Musica(id,nome,imagemCapa,reproducoes,idVideoclip) Values(70322140,'Snap Out Of It','https://api.deezer.com/album/6899610/image',3673780,37);
INSERT INTO Musica(id,nome,imagemCapa,reproducoes,idVideoclip) Values(70322141,'Knee Socks','https://api.deezer.com/album/6899610/image',2771184,38);
INSERT INTO Musica(id,nome,imagemCapa,reproducoes,idVideoclip) Values(70322142,'I Wanna Be Yours','https://api.deezer.com/album/6899610/image',7944188,39);
INSERT INTO Musica(id,nome,imagemCapa,reproducoes,idVideoclip) Values(4315378,'Brianstorm','https://api.deezer.com/album/401346/image',235475,40);
INSERT INTO Musica(id,nome,imagemCapa,reproducoes,idVideoclip) Values(4315379,'Teddy Picker','https://api.deezer.com/album/401346/image',2920458,41);
INSERT INTO Musica(id,nome,imagemCapa,reproducoes,idVideoclip) Values(4315380,'D is for Dangerous','https://api.deezer.com/album/401346/image',6262662,42);
INSERT INTO Musica(id,nome,imagemCapa,reproducoes,idVideoclip) Values(4315381,'Balaclava','https://api.deezer.com/album/401346/image',2306774,43);
INSERT INTO Musica(id,nome,imagemCapa,reproducoes,idVideoclip) Values(4315382,'Fluorescent Adolescent','https://api.deezer.com/album/401346/image',5804874,44);
INSERT INTO Musica(id,nome,imagemCapa,reproducoes,idVideoclip) Values(4315383,'Only Ones Who Know','https://api.deezer.com/album/401346/image',8586504,45);
INSERT INTO Musica(id,nome,imagemCapa,reproducoes,idVideoclip) Values(4315384,'Do Me a Favour','https://api.deezer.com/album/401346/image',6675579,46);
INSERT INTO Musica(id,nome,imagemCapa,reproducoes,idVideoclip) Values(4315385,'This House is a Circus','https://api.deezer.com/album/401346/image',5654492,47);
INSERT INTO Musica(id,nome,imagemCapa,reproducoes,idVideoclip) Values(4315386,'If You Were There, Beware','https://api.deezer.com/album/401346/image',6090401,48);
INSERT INTO Musica(id,nome,imagemCapa,reproducoes,idVideoclip) Values(4315387,'The Bad Thing','https://api.deezer.com/album/401346/image',3124746,49);
INSERT INTO Musica(id,nome,imagemCapa,reproducoes,idVideoclip) Values(4315388,'Old Yellow Bricks','https://api.deezer.com/album/401346/image',4171670,50);
INSERT INTO Musica(id,nome,imagemCapa,reproducoes,idVideoclip) Values(4315389,'505','https://api.deezer.com/album/401346/image',294109,51);
INSERT INTO Musica(id,nome,imagemCapa,reproducoes,idVideoclip) Values(4315309,'The View From The Afternoon','https://api.deezer.com/album/401340/image',7278698,52);
INSERT INTO Musica(id,nome,imagemCapa,reproducoes,idVideoclip) Values(4315310,'I Bet You Look Good On The Dancefloor','https://api.deezer.com/album/401340/image',9508811,53);
INSERT INTO Musica(id,nome,imagemCapa,reproducoes,idVideoclip) Values(4315311,'Fake Tales Of San Francisco','https://api.deezer.com/album/401340/image',4471037,54);
INSERT INTO Musica(id,nome,imagemCapa,reproducoes,idVideoclip) Values(4315312,'Dancing Shoes','https://api.deezer.com/album/401340/image',6145980,55);
INSERT INTO Musica(id,nome,imagemCapa,reproducoes,idVideoclip) Values(4315313,'You Probably Couldn''t See For The Lights But You Were Staring Straight At Me','https://api.deezer.com/album/401340/image',6447212,56);
INSERT INTO Musica(id,nome,imagemCapa,reproducoes,idVideoclip) Values(4315314,'Still Take You Home','https://api.deezer.com/album/401340/image',4123808,57);
INSERT INTO Musica(id,nome,imagemCapa,reproducoes,idVideoclip) Values(4315315,'Riot Van','https://api.deezer.com/album/401340/image',3844246,58);
INSERT INTO Musica(id,nome,imagemCapa,reproducoes,idVideoclip) Values(4315316,'Red Light Indicates Doors Are Secured','https://api.deezer.com/album/401340/image',7165625,59);
INSERT INTO Musica(id,nome,imagemCapa,reproducoes,idVideoclip) Values(4315317,'Mardy Bum','https://api.deezer.com/album/401340/image',6210267,60);
INSERT INTO Musica(id,nome,imagemCapa,reproducoes,idVideoclip) Values(4315318,'Perhaps Vampires Is A Bit Strong But…','https://api.deezer.com/album/401340/image',7574139,61);
INSERT INTO Musica(id,nome,imagemCapa,reproducoes,idVideoclip) Values(4315319,'When The Sun Goes Down','https://api.deezer.com/album/401340/image',6998991,62);
INSERT INTO Musica(id,nome,imagemCapa,reproducoes,idVideoclip) Values(4315320,'From The Ritz To The Rubble','https://api.deezer.com/album/401340/image',8718604,63);
INSERT INTO Musica(id,nome,imagemCapa,reproducoes,idVideoclip) Values(4315321,'A Certain Romance','https://api.deezer.com/album/401340/image',9299978,64);
INSERT INTO Musica(id,nome,imagemCapa,reproducoes,idVideoclip) Values(10064646,'Stuck on the puzzle','https://api.deezer.com/album/921000/image',2972276,65);
INSERT INTO Musica(id,nome,imagemCapa,reproducoes,idVideoclip) Values(10064647,'Hiding tonight','https://api.deezer.com/album/921000/image',5474176,66);
INSERT INTO Musica(id,nome,imagemCapa,reproducoes,idVideoclip) Values(10064648,'Glass in the park','https://api.deezer.com/album/921000/image',1333575,67);
INSERT INTO Musica(id,nome,imagemCapa,reproducoes,idVideoclip) Values(10064649,'It''s hard to get around the wind','https://api.deezer.com/album/921000/image',4270735,68);
INSERT INTO Musica(id,nome,imagemCapa,reproducoes,idVideoclip) Values(10064650,'Stuck on the puzzle','https://api.deezer.com/album/921000/image',1544630,69);
INSERT INTO Musica(id,nome,imagemCapa,reproducoes,idVideoclip) Values(10064651,'Piledriver waltz','https://api.deezer.com/album/921000/image',2356485,70);
INSERT INTO Musica(id,nome,imagemCapa,reproducoes,idVideoclip) Values(568147712,'Habibi','https://api.deezer.com/album/75624372/image',6555480,71);
INSERT INTO Musica(id,nome,imagemCapa,reproducoes,idVideoclip) Values(568147722,'Sun May Shine','https://api.deezer.com/album/75624372/image',8299196,72);
INSERT INTO Musica(id,nome,imagemCapa,reproducoes,idVideoclip) Values(568147732,'Tummy','https://api.deezer.com/album/75624372/image',9882530,73);
INSERT INTO Musica(id,nome,imagemCapa,reproducoes,idVideoclip) Values(568147742,'Chambers','https://api.deezer.com/album/75624372/image',9728094,74);
INSERT INTO Musica(id,nome,imagemCapa,reproducoes,idVideoclip) Values(568147752,'So It Goes','https://api.deezer.com/album/75624372/image',465036,75);
INSERT INTO Musica(id,nome,imagemCapa,reproducoes,idVideoclip) Values(568147762,'Indigo Night','https://api.deezer.com/album/75624372/image',9440420,76);
INSERT INTO Musica(id,nome,imagemCapa,reproducoes,idVideoclip) Values(568147772,'Cigar','https://api.deezer.com/album/75624372/image',1921346,77);
INSERT INTO Musica(id,nome,imagemCapa,reproducoes,idVideoclip) Values(568147782,'Each Time','https://api.deezer.com/album/75624372/image',3780352,78);
INSERT INTO Musica(id,nome,imagemCapa,reproducoes,idVideoclip) Values(568147792,'Verses','https://api.deezer.com/album/75624372/image',7517712,79);
INSERT INTO Musica(id,nome,imagemCapa,reproducoes,idVideoclip) Values(568147802,'w.o.t.h','https://api.deezer.com/album/75624372/image',187700,80);
INSERT INTO Musica(id,nome,imagemCapa,reproducoes,idVideoclip) Values(568147812,'Intervals','https://api.deezer.com/album/75624372/image',725931,81);
INSERT INTO Musica(id,nome,imagemCapa,reproducoes,idVideoclip) Values(568147822,'Persephone','https://api.deezer.com/album/75624372/image',8645972,82);
INSERT INTO Musica(id,nome,imagemCapa,reproducoes,idVideoclip) Values(727379302,'Bolero','https://api.deezer.com/album/106585062/image',2546084,83);
INSERT INTO Musica(id,nome,imagemCapa,reproducoes,idVideoclip) Values(74617608,'Curumim','https://api.deezer.com/album/7371939/image',1025619,84);
INSERT INTO Musica(id,nome,imagemCapa,reproducoes,idVideoclip) Values(74617609,'Oceano','https://api.deezer.com/album/7371939/image',56234,85);
INSERT INTO Musica(id,nome,imagemCapa,reproducoes,idVideoclip) Values(74617610,'Corisco','https://api.deezer.com/album/7371939/image',2724555,86);
INSERT INTO Musica(id,nome,imagemCapa,reproducoes,idVideoclip) Values(74617611,'Vida Real (Dejame Ir)','https://api.deezer.com/album/7371939/image',1420275,87);
INSERT INTO Musica(id,nome,imagemCapa,reproducoes,idVideoclip) Values(74617612,'Cigano','https://api.deezer.com/album/7371939/image',8372811,88);
INSERT INTO Musica(id,nome,imagemCapa,reproducoes,idVideoclip) Values(74617613,'Avião','https://api.deezer.com/album/7371939/image',260978,89);
INSERT INTO Musica(id,nome,imagemCapa,reproducoes,idVideoclip) Values(74617614,'Você Bem Sabe','https://api.deezer.com/album/7371939/image',4975910,90);
INSERT INTO Musica(id,nome,imagemCapa,reproducoes,idVideoclip) Values(74617615,'Mal de Mim','https://api.deezer.com/album/7371939/image',1626682,91);
INSERT INTO Musica(id,nome,imagemCapa,reproducoes,idVideoclip) Values(74617616,'Mil Vezes','https://api.deezer.com/album/7371939/image',8288218,92);
INSERT INTO Musica(id,nome,imagemCapa,reproducoes,idVideoclip) Values(2293061,'Eu Sambo Mesmo','https://api.deezer.com/album/228644/image',6856849,93);
INSERT INTO Musica(id,nome,imagemCapa,reproducoes,idVideoclip) Values(2293064,'Siga','https://api.deezer.com/album/228644/image',693511,94);
INSERT INTO Musica(id,nome,imagemCapa,reproducoes,idVideoclip) Values(2293068,'Rosinha','https://api.deezer.com/album/228644/image',434262,95);
INSERT INTO Musica(id,nome,imagemCapa,reproducoes,idVideoclip) Values(2293074,'Malaga','https://api.deezer.com/album/228644/image',601096,96);
INSERT INTO Musica(id,nome,imagemCapa,reproducoes,idVideoclip) Values(2293076,'Una Mujer','https://api.deezer.com/album/228644/image',9021673,97);
INSERT INTO Musica(id,nome,imagemCapa,reproducoes,idVideoclip) Values(2293080,'Eu E Meu Coracao','https://api.deezer.com/album/228644/image',1277945,98);
INSERT INTO Musica(id,nome,imagemCapa,reproducoes,idVideoclip) Values(2293083,'You Do Something To Me','https://api.deezer.com/album/228644/image',2188019,99);
INSERT INTO Musica(id,nome,imagemCapa,reproducoes,idVideoclip) Values(2293088,'Palpite Infeliz','https://api.deezer.com/album/228644/image',7436799,100);
INSERT INTO Musica(id,nome,imagemCapa,reproducoes,idVideoclip) Values(2293089,'Ave Maria No Morro','https://api.deezer.com/album/228644/image',8888733,101);
INSERT INTO Musica(id,nome,imagemCapa,reproducoes,idVideoclip) Values(2293092,'Sampa','https://api.deezer.com/album/228644/image',4736099,102);
INSERT INTO Musica(id,nome,imagemCapa,reproducoes,idVideoclip) Values(2293097,'Sorriu Para Mim','https://api.deezer.com/album/228644/image',714631,103);
INSERT INTO Musica(id,nome,imagemCapa,reproducoes,idVideoclip) Values(2293100,'Que Reste-T-Il De Nos Amours','https://api.deezer.com/album/228644/image',6440230,104);
INSERT INTO Musica(id,nome,imagemCapa,reproducoes,idVideoclip) Values(116348646,'Two Of Us','https://api.deezer.com/album/12047958/image',2988114,105);
INSERT INTO Musica(id,nome,imagemCapa,reproducoes,idVideoclip) Values(116348648,'Dig A Pony','https://api.deezer.com/album/12047958/image',988877,106);
INSERT INTO Musica(id,nome,imagemCapa,reproducoes,idVideoclip) Values(116348650,'Across The Universe','https://api.deezer.com/album/12047958/image',4366273,107);
INSERT INTO Musica(id,nome,imagemCapa,reproducoes,idVideoclip) Values(116348652,'I Me Mine','https://api.deezer.com/album/12047958/image',8292022,108);
INSERT INTO Musica(id,nome,imagemCapa,reproducoes,idVideoclip) Values(116348654,'Dig It','https://api.deezer.com/album/12047958/image',5986457,109);
INSERT INTO Musica(id,nome,imagemCapa,reproducoes,idVideoclip) Values(116348656,'Let It Be','https://api.deezer.com/album/12047958/image',1165836,110);
INSERT INTO Musica(id,nome,imagemCapa,reproducoes,idVideoclip) Values(116348658,'Maggie Mae','https://api.deezer.com/album/12047958/image',5805594,111);
INSERT INTO Musica(id,nome,imagemCapa,reproducoes,idVideoclip) Values(116348660,'I''ve Got A Feeling','https://api.deezer.com/album/12047958/image',4652261,112);
INSERT INTO Musica(id,nome,imagemCapa,reproducoes,idVideoclip) Values(116348662,'One After 909','https://api.deezer.com/album/12047958/image',6078878,113);
INSERT INTO Musica(id,nome,imagemCapa,reproducoes,idVideoclip) Values(116348664,'The Long And Winding Road','https://api.deezer.com/album/12047958/image',2177760,114);
INSERT INTO Musica(id,nome,imagemCapa,reproducoes,idVideoclip) Values(116348666,'For You Blue','https://api.deezer.com/album/12047958/image',584217,115);
INSERT INTO Musica(id,nome,imagemCapa,reproducoes,idVideoclip) Values(116348668,'Get Back','https://api.deezer.com/album/12047958/image',9241873,116);
INSERT INTO Musica(id,nome,imagemCapa,reproducoes,idVideoclip) Values(116348452,'Come Together','https://api.deezer.com/album/12047952/image',6291870,117);
INSERT INTO Musica(id,nome,imagemCapa,reproducoes,idVideoclip) Values(116348454,'Something','https://api.deezer.com/album/12047952/image',3832031,118);
INSERT INTO Musica(id,nome,imagemCapa,reproducoes,idVideoclip) Values(116348456,'Maxwell''s Silver Hammer','https://api.deezer.com/album/12047952/image',4790063,119);
INSERT INTO Musica(id,nome,imagemCapa,reproducoes,idVideoclip) Values(116348458,'Oh! Darling','https://api.deezer.com/album/12047952/image',1519816,120);
INSERT INTO Musica(id,nome,imagemCapa,reproducoes,idVideoclip) Values(116348460,'Octopus''s Garden','https://api.deezer.com/album/12047952/image',8065463,121);
INSERT INTO Musica(id,nome,imagemCapa,reproducoes,idVideoclip) Values(116348462,'I Want You (She''s So Heavy)','https://api.deezer.com/album/12047952/image',2212362,122);
INSERT INTO Musica(id,nome,imagemCapa,reproducoes,idVideoclip) Values(116348464,'Here Comes The Sun','https://api.deezer.com/album/12047952/image',7603897,123);
INSERT INTO Musica(id,nome,imagemCapa,reproducoes,idVideoclip) Values(116348466,'Because','https://api.deezer.com/album/12047952/image',9498361,124);
INSERT INTO Musica(id,nome,imagemCapa,reproducoes,idVideoclip) Values(116348468,'You Never Give Me Your Money','https://api.deezer.com/album/12047952/image',4058366,125);
INSERT INTO Musica(id,nome,imagemCapa,reproducoes,idVideoclip) Values(116348470,'Sun King','https://api.deezer.com/album/12047952/image',3990273,126);
INSERT INTO Musica(id,nome,imagemCapa,reproducoes,idVideoclip) Values(116348472,'Mean Mr Mustard','https://api.deezer.com/album/12047952/image',2513402,127);
INSERT INTO Musica(id,nome,imagemCapa,reproducoes,idVideoclip) Values(116348474,'Polythene Pam','https://api.deezer.com/album/12047952/image',7063351,128);
INSERT INTO Musica(id,nome,imagemCapa,reproducoes,idVideoclip) Values(116348476,'She Came In Through The Bathroom Window','https://api.deezer.com/album/12047952/image',233474,129);
INSERT INTO Musica(id,nome,imagemCapa,reproducoes,idVideoclip) Values(116348478,'Golden Slumbers','https://api.deezer.com/album/12047952/image',8782541,130);
INSERT INTO Musica(id,nome,imagemCapa,reproducoes,idVideoclip) Values(116348480,'Carry That Weight','https://api.deezer.com/album/12047952/image',3985295,131);
INSERT INTO Musica(id,nome,imagemCapa,reproducoes,idVideoclip) Values(116348482,'The End','https://api.deezer.com/album/12047952/image',7306724,132);
INSERT INTO Musica(id,nome,imagemCapa,reproducoes,idVideoclip) Values(116348484,'Her Majesty','https://api.deezer.com/album/12047952/image',7516216,133);
INSERT INTO Musica(id,nome,imagemCapa,reproducoes,idVideoclip) Values(116348592,'Love Me Do','https://api.deezer.com/album/12047956/image',6766456,134);
INSERT INTO Musica(id,nome,imagemCapa,reproducoes,idVideoclip) Values(116348594,'From Me To You','https://api.deezer.com/album/12047956/image',8815825,135);
INSERT INTO Musica(id,nome,imagemCapa,reproducoes,idVideoclip) Values(116348596,'She Loves You','https://api.deezer.com/album/12047956/image',1617352,136);
INSERT INTO Musica(id,nome,imagemCapa,reproducoes,idVideoclip) Values(116348598,'I Want To Hold Your Hand','https://api.deezer.com/album/12047956/image',4803931,137);
INSERT INTO Musica(id,nome,imagemCapa,reproducoes,idVideoclip) Values(116348600,'Can''t Buy Me Love','https://api.deezer.com/album/12047956/image',4079296,138);
INSERT INTO Musica(id,nome,imagemCapa,reproducoes,idVideoclip) Values(116348602,'A Hard Day''s Night','https://api.deezer.com/album/12047956/image',9070041,139);
INSERT INTO Musica(id,nome,imagemCapa,reproducoes,idVideoclip) Values(116348604,'I Feel Fine','https://api.deezer.com/album/12047956/image',1112023,140);
INSERT INTO Musica(id,nome,imagemCapa,reproducoes,idVideoclip) Values(116348606,'Eight Days A Week','https://api.deezer.com/album/12047956/image',9499360,141);
INSERT INTO Musica(id,nome,imagemCapa,reproducoes,idVideoclip) Values(116348608,'Ticket To Ride','https://api.deezer.com/album/12047956/image',1798251,142);
INSERT INTO Musica(id,nome,imagemCapa,reproducoes,idVideoclip) Values(116348610,'Help!','https://api.deezer.com/album/12047956/image',1373205,143);
INSERT INTO Musica(id,nome,imagemCapa,reproducoes,idVideoclip) Values(116348612,'Yesterday','https://api.deezer.com/album/12047956/image',9294176,144);
INSERT INTO Musica(id,nome,imagemCapa,reproducoes,idVideoclip) Values(116348614,'Day Tripper','https://api.deezer.com/album/12047956/image',7270091,145);
INSERT INTO Musica(id,nome,imagemCapa,reproducoes,idVideoclip) Values(116348616,'We Can Work It Out','https://api.deezer.com/album/12047956/image',1948626,146);
INSERT INTO Musica(id,nome,imagemCapa,reproducoes,idVideoclip) Values(116348618,'Paperback Writer','https://api.deezer.com/album/12047956/image',9540602,147);
INSERT INTO Musica(id,nome,imagemCapa,reproducoes,idVideoclip) Values(116348620,'Yellow Submarine','https://api.deezer.com/album/12047956/image',4673369,148);
INSERT INTO Musica(id,nome,imagemCapa,reproducoes,idVideoclip) Values(116348622,'Eleanor Rigby','https://api.deezer.com/album/12047956/image',4730912,149);
INSERT INTO Musica(id,nome,imagemCapa,reproducoes,idVideoclip) Values(116348624,'Penny Lane','https://api.deezer.com/album/12047956/image',9937908,150);
INSERT INTO Musica(id,nome,imagemCapa,reproducoes,idVideoclip) Values(116348626,'All You Need Is Love','https://api.deezer.com/album/12047956/image',5138586,151);
INSERT INTO Musica(id,nome,imagemCapa,reproducoes,idVideoclip) Values(116348628,'Hello, Goodbye','https://api.deezer.com/album/12047956/image',6318664,152);
INSERT INTO Musica(id,nome,imagemCapa,reproducoes,idVideoclip) Values(116348630,'Lady Madonna','https://api.deezer.com/album/12047956/image',5414674,153);
INSERT INTO Musica(id,nome,imagemCapa,reproducoes,idVideoclip) Values(116348632,'Hey Jude','https://api.deezer.com/album/12047956/image',4256368,154);
INSERT INTO Musica(id,nome,imagemCapa,reproducoes,idVideoclip) Values(116348634,'Get Back','https://api.deezer.com/album/12047956/image',7972774,155);
INSERT INTO Musica(id,nome,imagemCapa,reproducoes,idVideoclip) Values(116348636,'The Ballad Of John And Yoko','https://api.deezer.com/album/12047956/image',8252483,156);
INSERT INTO Musica(id,nome,imagemCapa,reproducoes,idVideoclip) Values(116348638,'Something','https://api.deezer.com/album/12047956/image',9509333,157);
INSERT INTO Musica(id,nome,imagemCapa,reproducoes,idVideoclip) Values(116348640,'Come Together','https://api.deezer.com/album/12047956/image',4663635,158);
INSERT INTO Musica(id,nome,imagemCapa,reproducoes,idVideoclip) Values(116348642,'Let It Be','https://api.deezer.com/album/12047956/image',3386295,159);
INSERT INTO Musica(id,nome,imagemCapa,reproducoes,idVideoclip) Values(116348644,'The Long And Winding Road','https://api.deezer.com/album/12047956/image',2008243,160);
INSERT INTO Musica(id,nome,imagemCapa,reproducoes,idVideoclip) Values(126772729,'Ultralight Beam','https://api.deezer.com/album/13357219/image',6273478,161);
INSERT INTO Musica(id,nome,imagemCapa,reproducoes,idVideoclip) Values(126772731,'Father Stretch My Hands Pt. 1','https://api.deezer.com/album/13357219/image',161893,162);
INSERT INTO Musica(id,nome,imagemCapa,reproducoes,idVideoclip) Values(126772733,'Pt. 2','https://api.deezer.com/album/13357219/image',5957277,163);
INSERT INTO Musica(id,nome,imagemCapa,reproducoes,idVideoclip) Values(126772735,'Famous','https://api.deezer.com/album/13357219/image',105665,164);
INSERT INTO Musica(id,nome,imagemCapa,reproducoes,idVideoclip) Values(126772737,'Feedback','https://api.deezer.com/album/13357219/image',3645437,165);
INSERT INTO Musica(id,nome,imagemCapa,reproducoes,idVideoclip) Values(126772739,'Low Lights','https://api.deezer.com/album/13357219/image',4661682,166);
INSERT INTO Musica(id,nome,imagemCapa,reproducoes,idVideoclip) Values(126772741,'Highlights','https://api.deezer.com/album/13357219/image',5760567,167);
INSERT INTO Musica(id,nome,imagemCapa,reproducoes,idVideoclip) Values(126772743,'Freestyle 4','https://api.deezer.com/album/13357219/image',9769426,168);
INSERT INTO Musica(id,nome,imagemCapa,reproducoes,idVideoclip) Values(126772745,'I Love Kanye','https://api.deezer.com/album/13357219/image',7969484,169);
INSERT INTO Musica(id,nome,imagemCapa,reproducoes,idVideoclip) Values(126772747,'Waves','https://api.deezer.com/album/13357219/image',7198181,170);
INSERT INTO Musica(id,nome,imagemCapa,reproducoes,idVideoclip) Values(126772749,'FML','https://api.deezer.com/album/13357219/image',1304019,171);
INSERT INTO Musica(id,nome,imagemCapa,reproducoes,idVideoclip) Values(126772751,'Real Friends','https://api.deezer.com/album/13357219/image',2913482,172);
INSERT INTO Musica(id,nome,imagemCapa,reproducoes,idVideoclip) Values(126772753,'Wolves','https://api.deezer.com/album/13357219/image',9768900,173);
INSERT INTO Musica(id,nome,imagemCapa,reproducoes,idVideoclip) Values(126772755,'Frank''s Track','https://api.deezer.com/album/13357219/image',222783,174);
INSERT INTO Musica(id,nome,imagemCapa,reproducoes,idVideoclip) Values(126772757,'Siiiiiiiiilver Surffffeeeeer Intermission','https://api.deezer.com/album/13357219/image',1633996,175);
INSERT INTO Musica(id,nome,imagemCapa,reproducoes,idVideoclip) Values(126772759,'30 Hours','https://api.deezer.com/album/13357219/image',8109265,176);
INSERT INTO Musica(id,nome,imagemCapa,reproducoes,idVideoclip) Values(126772761,'No More Parties In LA','https://api.deezer.com/album/13357219/image',6336420,177);
INSERT INTO Musica(id,nome,imagemCapa,reproducoes,idVideoclip) Values(126772763,'Facts (Charlie Heat Version)','https://api.deezer.com/album/13357219/image',2918947,178);
INSERT INTO Musica(id,nome,imagemCapa,reproducoes,idVideoclip) Values(126772765,'Fade','https://api.deezer.com/album/13357219/image',1808357,179);
INSERT INTO Musica(id,nome,imagemCapa,reproducoes,idVideoclip) Values(126772767,'Saint Pablo','https://api.deezer.com/album/13357219/image',9584865,180);
INSERT INTO Musica(id,nome,imagemCapa,reproducoes,idVideoclip) Values(785411452,'Every Hour','https://api.deezer.com/album/116355212/image',4934580,181);
INSERT INTO Musica(id,nome,imagemCapa,reproducoes,idVideoclip) Values(785411462,'Selah','https://api.deezer.com/album/116355212/image',9470922,182);
INSERT INTO Musica(id,nome,imagemCapa,reproducoes,idVideoclip) Values(785411472,'Follow God','https://api.deezer.com/album/116355212/image',9528647,183);
INSERT INTO Musica(id,nome,imagemCapa,reproducoes,idVideoclip) Values(785411482,'Closed On Sunday','https://api.deezer.com/album/116355212/image',7236766,184);
INSERT INTO Musica(id,nome,imagemCapa,reproducoes,idVideoclip) Values(785411492,'On God','https://api.deezer.com/album/116355212/image',899242,185);
INSERT INTO Musica(id,nome,imagemCapa,reproducoes,idVideoclip) Values(785411502,'Everything We Need','https://api.deezer.com/album/116355212/image',6634468,186);
INSERT INTO Musica(id,nome,imagemCapa,reproducoes,idVideoclip) Values(785411512,'Water','https://api.deezer.com/album/116355212/image',7389557,187);
INSERT INTO Musica(id,nome,imagemCapa,reproducoes,idVideoclip) Values(785411522,'God Is','https://api.deezer.com/album/116355212/image',8601027,188);
INSERT INTO Musica(id,nome,imagemCapa,reproducoes,idVideoclip) Values(785411532,'Hands On','https://api.deezer.com/album/116355212/image',5632261,189);
INSERT INTO Musica(id,nome,imagemCapa,reproducoes,idVideoclip) Values(785411542,'Use This Gospel','https://api.deezer.com/album/116355212/image',4560858,190);
INSERT INTO Musica(id,nome,imagemCapa,reproducoes,idVideoclip) Values(785411552,'Jesus Is Lord','https://api.deezer.com/album/116355212/image',6591955,191);
INSERT INTO Musica(id,nome,imagemCapa,reproducoes,idVideoclip) Values(1523554262,'Nós Pimba','https://api.deezer.com/album/265953002/image',1966733,192);
INSERT INTO Musica(id,nome,imagemCapa,reproducoes,idVideoclip) Values(1272174692,'F#CK FOREX (feat. eddy0)','https://api.deezer.com/album/214037042/image',1982510,193);
INSERT INTO Musica(id,nome,imagemCapa,reproducoes,idVideoclip) Values(384157561,'Foreword (feat. Rex Orange County)','https://api.deezer.com/album/44730061/image',2185859,194);
INSERT INTO Musica(id,nome,imagemCapa,reproducoes,idVideoclip) Values(384157571,'Where This Flower Blooms (feat. Frank Ocean)','https://api.deezer.com/album/44730061/image',3643316,195);
INSERT INTO Musica(id,nome,imagemCapa,reproducoes,idVideoclip) Values(384157581,'Sometimes...','https://api.deezer.com/album/44730061/image',2640644,196);
INSERT INTO Musica(id,nome,imagemCapa,reproducoes,idVideoclip) Values(384157591,'See You Again (feat. Kali Uchis)','https://api.deezer.com/album/44730061/image',2300460,197);
INSERT INTO Musica(id,nome,imagemCapa,reproducoes,idVideoclip) Values(384157601,'Who Dat Boy (feat. A$AP Rocky)','https://api.deezer.com/album/44730061/image',6482035,198);
INSERT INTO Musica(id,nome,imagemCapa,reproducoes,idVideoclip) Values(384157611,'Pothole (feat. Jaden Smith)','https://api.deezer.com/album/44730061/image',5278167,199);
INSERT INTO Musica(id,nome,imagemCapa,reproducoes,idVideoclip) Values(384157621,'Garden Shed (feat. Estelle)','https://api.deezer.com/album/44730061/image',4336299,200);
INSERT INTO Musica(id,nome,imagemCapa,reproducoes,idVideoclip) Values(384157631,'Boredom (feat. Rex Orange County & Anna of the North)','https://api.deezer.com/album/44730061/image',224944,201);
INSERT INTO Musica(id,nome,imagemCapa,reproducoes,idVideoclip) Values(384157641,'I Ain''t Got Time!','https://api.deezer.com/album/44730061/image',1222766,202);
INSERT INTO Musica(id,nome,imagemCapa,reproducoes,idVideoclip) Values(384157651,'911 / Mr. Lonely (feat. Frank Ocean & Steve Lacy)','https://api.deezer.com/album/44730061/image',4882880,203);
INSERT INTO Musica(id,nome,imagemCapa,reproducoes,idVideoclip) Values(384157661,'Droppin'' Seeds (feat. Lil'' Wayne)','https://api.deezer.com/album/44730061/image',1443677,204);
INSERT INTO Musica(id,nome,imagemCapa,reproducoes,idVideoclip) Values(384157671,'November','https://api.deezer.com/album/44730061/image',5101494,205);
INSERT INTO Musica(id,nome,imagemCapa,reproducoes,idVideoclip) Values(384157681,'Glitter','https://api.deezer.com/album/44730061/image',3625958,206);
INSERT INTO Musica(id,nome,imagemCapa,reproducoes,idVideoclip) Values(384157691,'Enjoy Right Now, Today','https://api.deezer.com/album/44730061/image',7419597,207);
INSERT INTO Musica(id,nome,imagemCapa,reproducoes,idVideoclip) Values(681009642,'IGOR''S THEME','https://api.deezer.com/album/97140952/image',7934512,208);
INSERT INTO Musica(id,nome,imagemCapa,reproducoes,idVideoclip) Values(681009652,'EARFQUAKE','https://api.deezer.com/album/97140952/image',463022,209);
INSERT INTO Musica(id,nome,imagemCapa,reproducoes,idVideoclip) Values(681009662,'I THINK','https://api.deezer.com/album/97140952/image',1596391,210);
INSERT INTO Musica(id,nome,imagemCapa,reproducoes,idVideoclip) Values(681009672,'EXACTLY WHAT YOU RUN FROM YOU END UP CHASING','https://api.deezer.com/album/97140952/image',9802907,211);
INSERT INTO Musica(id,nome,imagemCapa,reproducoes,idVideoclip) Values(681009682,'RUNNING OUT OF TIME','https://api.deezer.com/album/97140952/image',2743924,212);
INSERT INTO Musica(id,nome,imagemCapa,reproducoes,idVideoclip) Values(681009692,'NEW MAGIC WAND','https://api.deezer.com/album/97140952/image',5205765,213);
INSERT INTO Musica(id,nome,imagemCapa,reproducoes,idVideoclip) Values(681009702,'A BOY IS A GUN*','https://api.deezer.com/album/97140952/image',1474467,214);
INSERT INTO Musica(id,nome,imagemCapa,reproducoes,idVideoclip) Values(681009712,'PUPPET','https://api.deezer.com/album/97140952/image',8877791,215);
INSERT INTO Musica(id,nome,imagemCapa,reproducoes,idVideoclip) Values(681009722,'WHAT''S GOOD','https://api.deezer.com/album/97140952/image',7841784,216);
INSERT INTO Musica(id,nome,imagemCapa,reproducoes,idVideoclip) Values(681009732,'GONE, GONE / THANK YOU','https://api.deezer.com/album/97140952/image',3911563,217);
INSERT INTO Musica(id,nome,imagemCapa,reproducoes,idVideoclip) Values(681009742,'I DON''T LOVE YOU ANYMORE','https://api.deezer.com/album/97140952/image',9503114,218);
INSERT INTO Musica(id,nome,imagemCapa,reproducoes,idVideoclip) Values(681009752,'ARE WE STILL FRIENDS?','https://api.deezer.com/album/97140952/image',9585248,219);
INSERT INTO Musica(id,nome,imagemCapa,reproducoes,idVideoclip) Values(107471920,'Five Years','https://api.deezer.com/album/11205422/image',1045834,220);
INSERT INTO Musica(id,nome,imagemCapa,reproducoes,idVideoclip) Values(107471922,'Soul Love','https://api.deezer.com/album/11205422/image',5244444,221);
INSERT INTO Musica(id,nome,imagemCapa,reproducoes,idVideoclip) Values(107471924,'Moonage Daydream','https://api.deezer.com/album/11205422/image',5971078,222);
INSERT INTO Musica(id,nome,imagemCapa,reproducoes,idVideoclip) Values(107471926,'Starman','https://api.deezer.com/album/11205422/image',1774119,223);
INSERT INTO Musica(id,nome,imagemCapa,reproducoes,idVideoclip) Values(107471928,'It Ain''t Easy','https://api.deezer.com/album/11205422/image',889646,224);
INSERT INTO Musica(id,nome,imagemCapa,reproducoes,idVideoclip) Values(107471930,'Lady Stardust','https://api.deezer.com/album/11205422/image',8513353,225);
INSERT INTO Musica(id,nome,imagemCapa,reproducoes,idVideoclip) Values(107471932,'Star','https://api.deezer.com/album/11205422/image',7278567,226);
INSERT INTO Musica(id,nome,imagemCapa,reproducoes,idVideoclip) Values(107471934,'Hang on to Yourself','https://api.deezer.com/album/11205422/image',6221433,227);
INSERT INTO Musica(id,nome,imagemCapa,reproducoes,idVideoclip) Values(107471936,'Ziggy Stardust','https://api.deezer.com/album/11205422/image',9388942,228);
INSERT INTO Musica(id,nome,imagemCapa,reproducoes,idVideoclip) Values(107471938,'Suffragette City','https://api.deezer.com/album/11205422/image',3122677,229);
INSERT INTO Musica(id,nome,imagemCapa,reproducoes,idVideoclip) Values(107471940,'Rock ''n'' Roll Suicide','https://api.deezer.com/album/11205422/image',4401260,230);
INSERT INTO Musica(id,nome,imagemCapa,reproducoes,idVideoclip) Values(143848116,'Amar Pelos Dois','https://api.deezer.com/album/15586282/image',3063915,231);
INSERT INTO Musica(id,nome,imagemCapa,reproducoes,idVideoclip) Values(62724014,'Young Girls','https://api.deezer.com/album/6157080/image',1201236,232);
INSERT INTO Musica(id,nome,imagemCapa,reproducoes,idVideoclip) Values(62724015,'Locked out of Heaven','https://api.deezer.com/album/6157080/image',4275585,233);
INSERT INTO Musica(id,nome,imagemCapa,reproducoes,idVideoclip) Values(62724016,'Gorilla','https://api.deezer.com/album/6157080/image',4487406,234);
INSERT INTO Musica(id,nome,imagemCapa,reproducoes,idVideoclip) Values(62724017,'Treasure','https://api.deezer.com/album/6157080/image',1090530,235);
INSERT INTO Musica(id,nome,imagemCapa,reproducoes,idVideoclip) Values(62724018,'Moonshine','https://api.deezer.com/album/6157080/image',4358262,236);
INSERT INTO Musica(id,nome,imagemCapa,reproducoes,idVideoclip) Values(62724019,'When I Was Your Man','https://api.deezer.com/album/6157080/image',6507037,237);
INSERT INTO Musica(id,nome,imagemCapa,reproducoes,idVideoclip) Values(62724020,'Natalie','https://api.deezer.com/album/6157080/image',9295220,238);
INSERT INTO Musica(id,nome,imagemCapa,reproducoes,idVideoclip) Values(62724021,'Show Me','https://api.deezer.com/album/6157080/image',8819803,239);
INSERT INTO Musica(id,nome,imagemCapa,reproducoes,idVideoclip) Values(62724022,'Money Make Her Smile','https://api.deezer.com/album/6157080/image',2312519,240);
INSERT INTO Musica(id,nome,imagemCapa,reproducoes,idVideoclip) Values(62724023,'If I Knew','https://api.deezer.com/album/6157080/image',7897551,241);
INSERT INTO Musica(id,nome,imagemCapa,reproducoes,idVideoclip) Values(1260522302,'Leave The Door Open','https://api.deezer.com/album/211423112/image',1108766,242);
INSERT INTO Musica(id,nome,imagemCapa,reproducoes,idVideoclip) Values(585667452,'The Chase (feat. Kadhja Bonet)','https://api.deezer.com/album/78640552/image',7279474,243);
INSERT INTO Musica(id,nome,imagemCapa,reproducoes,idVideoclip) Values(585667462,'Headlow (feat. Norelle)','https://api.deezer.com/album/78640552/image',7754038,244);
INSERT INTO Musica(id,nome,imagemCapa,reproducoes,idVideoclip) Values(585667472,'Tints (feat. Kendrick Lamar)','https://api.deezer.com/album/78640552/image',4084812,245);
INSERT INTO Musica(id,nome,imagemCapa,reproducoes,idVideoclip) Values(585667482,'Who R U?','https://api.deezer.com/album/78640552/image',1499542,246);
INSERT INTO Musica(id,nome,imagemCapa,reproducoes,idVideoclip) Values(585667492,'6 Summers','https://api.deezer.com/album/78640552/image',4522913,247);
INSERT INTO Musica(id,nome,imagemCapa,reproducoes,idVideoclip) Values(585667502,'Saviers Road','https://api.deezer.com/album/78640552/image',1407380,248);
INSERT INTO Musica(id,nome,imagemCapa,reproducoes,idVideoclip) Values(585667512,'Smile/Petty (feat. Sonyae Elise)','https://api.deezer.com/album/78640552/image',298196,249);
INSERT INTO Musica(id,nome,imagemCapa,reproducoes,idVideoclip) Values(585667522,'Mansa Musa (feat. Dr. Dre & Cocoa Sarai)','https://api.deezer.com/album/78640552/image',3431381,250);
INSERT INTO Musica(id,nome,imagemCapa,reproducoes,idVideoclip) Values(585667532,'Brother''s Keeper (feat. Pusha T)','https://api.deezer.com/album/78640552/image',4098484,251);
INSERT INTO Musica(id,nome,imagemCapa,reproducoes,idVideoclip) Values(585667542,'Anywhere (feat. Snoop Dogg & The Last Artful, Dodgr)','https://api.deezer.com/album/78640552/image',6149261,252);
INSERT INTO Musica(id,nome,imagemCapa,reproducoes,idVideoclip) Values(585667552,'Trippy (feat. J. Cole)','https://api.deezer.com/album/78640552/image',2514509,253);
INSERT INTO Musica(id,nome,imagemCapa,reproducoes,idVideoclip) Values(585667562,'Cheers (feat. Q-Tip)','https://api.deezer.com/album/78640552/image',8532682,254);
INSERT INTO Musica(id,nome,imagemCapa,reproducoes,idVideoclip) Values(585667572,'Sweet Chick (feat. BJ The Chicago Kid)','https://api.deezer.com/album/78640552/image',5955534,255);
INSERT INTO Musica(id,nome,imagemCapa,reproducoes,idVideoclip) Values(585667582,'Left To Right','https://api.deezer.com/album/78640552/image',838642,256);
INSERT INTO Musica(id,nome,imagemCapa,reproducoes,idVideoclip) Values(9997008,'Death On Two Legs (Dedicated To...)','https://api.deezer.com/album/915785/image',860979,257);
INSERT INTO Musica(id,nome,imagemCapa,reproducoes,idVideoclip) Values(9997009,'Lazing On A Sunday Afternoon','https://api.deezer.com/album/915785/image',9905265,258);
INSERT INTO Musica(id,nome,imagemCapa,reproducoes,idVideoclip) Values(9997010,'I''m In Love With My Car','https://api.deezer.com/album/915785/image',489942,259);
INSERT INTO Musica(id,nome,imagemCapa,reproducoes,idVideoclip) Values(9997011,'You''re My Best Friend','https://api.deezer.com/album/915785/image',7512572,260);
INSERT INTO Musica(id,nome,imagemCapa,reproducoes,idVideoclip) Values(9997012,'''39','https://api.deezer.com/album/915785/image',1574356,261);
INSERT INTO Musica(id,nome,imagemCapa,reproducoes,idVideoclip) Values(9997013,'Sweet Lady','https://api.deezer.com/album/915785/image',484510,262);
INSERT INTO Musica(id,nome,imagemCapa,reproducoes,idVideoclip) Values(9997014,'Seaside Rendezvous','https://api.deezer.com/album/915785/image',8118025,263);
INSERT INTO Musica(id,nome,imagemCapa,reproducoes,idVideoclip) Values(9997015,'The Prophet''s Song','https://api.deezer.com/album/915785/image',8197690,264);
INSERT INTO Musica(id,nome,imagemCapa,reproducoes,idVideoclip) Values(9997016,'Love Of My Life','https://api.deezer.com/album/915785/image',2225545,265);
INSERT INTO Musica(id,nome,imagemCapa,reproducoes,idVideoclip) Values(9997017,'Good Company','https://api.deezer.com/album/915785/image',8664327,266);
INSERT INTO Musica(id,nome,imagemCapa,reproducoes,idVideoclip) Values(9997018,'Bohemian Rhapsody','https://api.deezer.com/album/915785/image',4996011,267);
INSERT INTO Musica(id,nome,imagemCapa,reproducoes,idVideoclip) Values(9997019,'God Save The Queen','https://api.deezer.com/album/915785/image',800264,268);
INSERT INTO Musica(id,nome,imagemCapa,reproducoes,idVideoclip) Values(12209320,'Mustapha','https://api.deezer.com/album/1121401/image',76418,269);
INSERT INTO Musica(id,nome,imagemCapa,reproducoes,idVideoclip) Values(12209321,'Fat Bottomed Girls','https://api.deezer.com/album/1121401/image',1461792,270);
INSERT INTO Musica(id,nome,imagemCapa,reproducoes,idVideoclip) Values(12209322,'Jealousy','https://api.deezer.com/album/1121401/image',1666301,271);
INSERT INTO Musica(id,nome,imagemCapa,reproducoes,idVideoclip) Values(12209323,'Bicycle Race','https://api.deezer.com/album/1121401/image',529841,272);
INSERT INTO Musica(id,nome,imagemCapa,reproducoes,idVideoclip) Values(12209324,'If You Can''t Beat Them','https://api.deezer.com/album/1121401/image',5367706,273);
INSERT INTO Musica(id,nome,imagemCapa,reproducoes,idVideoclip) Values(12209325,'Let Me Entertain You','https://api.deezer.com/album/1121401/image',2340066,274);
INSERT INTO Musica(id,nome,imagemCapa,reproducoes,idVideoclip) Values(12209326,'Dead On Time','https://api.deezer.com/album/1121401/image',9632285,275);
INSERT INTO Musica(id,nome,imagemCapa,reproducoes,idVideoclip) Values(12209327,'In Only Seven Days','https://api.deezer.com/album/1121401/image',6731131,276);
INSERT INTO Musica(id,nome,imagemCapa,reproducoes,idVideoclip) Values(12209328,'Dreamer''s Ball','https://api.deezer.com/album/1121401/image',6637814,277);
INSERT INTO Musica(id,nome,imagemCapa,reproducoes,idVideoclip) Values(12209329,'Fun It','https://api.deezer.com/album/1121401/image',5621089,278);
INSERT INTO Musica(id,nome,imagemCapa,reproducoes,idVideoclip) Values(12209330,'Leaving Home Ain''t Easy','https://api.deezer.com/album/1121401/image',781031,279);
INSERT INTO Musica(id,nome,imagemCapa,reproducoes,idVideoclip) Values(12209331,'Don''t Stop Me Now','https://api.deezer.com/album/1121401/image',8800501,280);
INSERT INTO Musica(id,nome,imagemCapa,reproducoes,idVideoclip) Values(12209332,'More Of That Jazz','https://api.deezer.com/album/1121401/image',3840185,281);
INSERT INTO Musica(id,nome,imagemCapa,reproducoes,idVideoclip) Values(13459064,'Radio Ga Ga','https://api.deezer.com/album/1232880/image',3555795,282);
INSERT INTO Musica(id,nome,imagemCapa,reproducoes,idVideoclip) Values(13459065,'Tear It Up','https://api.deezer.com/album/1232880/image',940131,283);
INSERT INTO Musica(id,nome,imagemCapa,reproducoes,idVideoclip) Values(13459066,'It''s A Hard Life','https://api.deezer.com/album/1232880/image',8845863,284);
INSERT INTO Musica(id,nome,imagemCapa,reproducoes,idVideoclip) Values(13459067,'Man On The Prowl','https://api.deezer.com/album/1232880/image',4718257,285);
INSERT INTO Musica(id,nome,imagemCapa,reproducoes,idVideoclip) Values(13459068,'Machines (Or Back To Humans)','https://api.deezer.com/album/1232880/image',9404454,286);
INSERT INTO Musica(id,nome,imagemCapa,reproducoes,idVideoclip) Values(13459069,'I Want To Break Free','https://api.deezer.com/album/1232880/image',9429468,287);
INSERT INTO Musica(id,nome,imagemCapa,reproducoes,idVideoclip) Values(13459070,'Keep Passing The Open Windows','https://api.deezer.com/album/1232880/image',8162485,288);
INSERT INTO Musica(id,nome,imagemCapa,reproducoes,idVideoclip) Values(13459071,'Hammer To Fall','https://api.deezer.com/album/1232880/image',523780,289);
INSERT INTO Musica(id,nome,imagemCapa,reproducoes,idVideoclip) Values(13459072,'Is This The World We Created...?','https://api.deezer.com/album/1232880/image',7200910,290);
-- Table: Utilizador
INSERT INTO Utilizador(id,nome,username,dataNascimento,nacionalidade,idUltimaOuvida) Values(0,'James Kokko','@James_Kokko','1965-04-02','Netherlands',681009702);
INSERT INTO Utilizador(id,nome,username,dataNascimento,nacionalidade,idUltimaOuvida) Values(1,'Bryant Thompson','@Bryant_Thompson','1950-11-02','Malta',67238730);
INSERT INTO Utilizador(id,nome,username,dataNascimento,nacionalidade,idUltimaOuvida) Values(2,'Melissa Himmel','@Melissa_Himmel','2004-06-10','Romania',67238739);
INSERT INTO Utilizador(id,nome,username,dataNascimento,nacionalidade,idUltimaOuvida) Values(3,'Corey Medlin','@Corey_Medlin','1981-11-12','Sweden',4315384);
INSERT INTO Utilizador(id,nome,username,dataNascimento,nacionalidade,idUltimaOuvida) Values(4,'Steven Sanchez','@Steven_Sanchez','1952-03-07','Bulgaria',568147712);
INSERT INTO Utilizador(id,nome,username,dataNascimento,nacionalidade,idUltimaOuvida) Values(5,'Aimee Grudem','@Aimee_Grudem','1966-11-18','Hungary',67238730);
INSERT INTO Utilizador(id,nome,username,dataNascimento,nacionalidade,idUltimaOuvida) Values(6,'Clair Mikeska','@Clair_Mikeska','1992-04-24','Belarus',74617612);
INSERT INTO Utilizador(id,nome,username,dataNascimento,nacionalidade,idUltimaOuvida) Values(7,'Rachel Briel','@Rachel_Briel','2006-01-30','Ukraine',568147782);
INSERT INTO Utilizador(id,nome,username,dataNascimento,nacionalidade,idUltimaOuvida) Values(8,'Lois Rucker','@Lois_Rucker','2005-10-06','Netherlands',3135558);
INSERT INTO Utilizador(id,nome,username,dataNascimento,nacionalidade,idUltimaOuvida) Values(9,'Gary Akin','@Gary_Akin','1996-08-12','Luxembourg',585667482);
INSERT INTO Utilizador(id,nome,username,dataNascimento,nacionalidade,idUltimaOuvida) Values(10,'Cary Huntington','@Cary_Huntington','1986-08-20','Serbia',2293068);
INSERT INTO Utilizador(id,nome,username,dataNascimento,nacionalidade,idUltimaOuvida) Values(11,'Mindy Solis','@Mindy_Solis','1984-05-09','Romania',13459070);
INSERT INTO Utilizador(id,nome,username,dataNascimento,nacionalidade,idUltimaOuvida) Values(12,'Nathaniel Brown','@Nathaniel_Brown','1966-06-04','Sweden',2293076);
INSERT INTO Utilizador(id,nome,username,dataNascimento,nacionalidade,idUltimaOuvida) Values(13,'Kirk Rank','@Kirk_Rank','1989-01-15','Georgia',116348628);
INSERT INTO Utilizador(id,nome,username,dataNascimento,nacionalidade,idUltimaOuvida) Values(14,'Anne Martindale','@Anne_Martindale','2001-09-25','Azerbaijan',585667532);
INSERT INTO Utilizador(id,nome,username,dataNascimento,nacionalidade,idUltimaOuvida) Values(15,'Steven Miller','@Steven_Miller','1988-08-29','Turkey',1523554262);
INSERT INTO Utilizador(id,nome,username,dataNascimento,nacionalidade,idUltimaOuvida) Values(16,'Christopher Lemaire','@Christopher_Lemaire','1988-01-29','Russia',10064651);
INSERT INTO Utilizador(id,nome,username,dataNascimento,nacionalidade,idUltimaOuvida) Values(17,'Lynn Terp','@Lynn_Terp','2012-02-04','Hungary',116348614);
INSERT INTO Utilizador(id,nome,username,dataNascimento,nacionalidade,idUltimaOuvida) Values(18,'Evangelina Mallette','@Evangelina_Mallette','1995-03-25','Bosnia and Herzegovina',681009642);
INSERT INTO Utilizador(id,nome,username,dataNascimento,nacionalidade,idUltimaOuvida) Values(19,'Martha Numbers','@Martha_Numbers','1961-02-14','Sweden',126772741);
INSERT INTO Utilizador(id,nome,username,dataNascimento,nacionalidade,idUltimaOuvida) Values(20,'Joseph Fraser','@Joseph_Fraser','1963-04-09','Bosnia and Herzegovina',3135565);
INSERT INTO Utilizador(id,nome,username,dataNascimento,nacionalidade,idUltimaOuvida) Values(21,'Brian Dunn','@Brian_Dunn','1974-11-17','Sweden',384157621);
INSERT INTO Utilizador(id,nome,username,dataNascimento,nacionalidade,idUltimaOuvida) Values(22,'Susan Keepers','@Susan_Keepers','1950-04-01','Russia',785411502);
INSERT INTO Utilizador(id,nome,username,dataNascimento,nacionalidade,idUltimaOuvida) Values(23,'Duane Roseman','@Duane_Roseman','1996-07-26','Spain',785411502);
INSERT INTO Utilizador(id,nome,username,dataNascimento,nacionalidade,idUltimaOuvida) Values(24,'Beth Parsons','@Beth_Parsons','1977-02-13','Iceland',116348592);
INSERT INTO Utilizador(id,nome,username,dataNascimento,nacionalidade,idUltimaOuvida) Values(25,'Stella Glesener','@Stella_Glesener','2001-10-20','Monaco',70322132);
INSERT INTO Utilizador(id,nome,username,dataNascimento,nacionalidade,idUltimaOuvida) Values(26,'Edward Duteau','@Edward_Duteau','1965-07-10','Switzerland',126772767);
INSERT INTO Utilizador(id,nome,username,dataNascimento,nacionalidade,idUltimaOuvida) Values(27,'Grace Rodriguez','@Grace_Rodriguez','1969-03-25','Azerbaijan',4315312);
INSERT INTO Utilizador(id,nome,username,dataNascimento,nacionalidade,idUltimaOuvida) Values(28,'Evelyn Cabrera','@Evelyn_Cabrera','2002-07-05','Switzerland',4315387);
INSERT INTO Utilizador(id,nome,username,dataNascimento,nacionalidade,idUltimaOuvida) Values(29,'Eugene Malone','@Eugene_Malone','2006-01-20','Belarus',585667552);
-- Table: Genero
INSERT INTO Genero(id,nome) Values(113,'Dance');
INSERT INTO Genero(id,nome) Values(132,'Pop');
INSERT INTO Genero(id,nome) Values(85,'Alternativa');
INSERT INTO Genero(id,nome) Values(116,'Rap/Hip Hop');
INSERT INTO Genero(id,nome) Values(129,'Jazz');
INSERT INTO Genero(id,nome) Values(152,'Rock');
-- Table: Playlist
INSERT INTO Playlist(id,nome,idUtilizador) Values(0,'Songs that make no sense',9);
INSERT INTO Playlist(id,nome,idUtilizador) Values(1,'Songs that make me Clown',15);
INSERT INTO Playlist(id,nome,idUtilizador) Values(2,'Artist''s that murmur their lyrics',28);
INSERT INTO Playlist(id,nome,idUtilizador) Values(3,'Alarm Tones disguised as Songs',6);
INSERT INTO Playlist(id,nome,idUtilizador) Values(4,'What is even Techno',7);
INSERT INTO Playlist(id,nome,idUtilizador) Values(5,'Listen With Caution',21);
INSERT INTO Playlist(id,nome,idUtilizador) Values(6,'Listen With Caution',22);
INSERT INTO Playlist(id,nome,idUtilizador) Values(7,'Songs to play at my Wedding',1);
INSERT INTO Playlist(id,nome,idUtilizador) Values(8,'This flippity dippity-hippity hip-hop',13);
INSERT INTO Playlist(id,nome,idUtilizador) Values(9,'Not Your Valentine',7);
INSERT INTO Playlist(id,nome,idUtilizador) Values(10,'Dance to the Beat',25);
INSERT INTO Playlist(id,nome,idUtilizador) Values(11,'Discooooo Baby',14);
INSERT INTO Playlist(id,nome,idUtilizador) Values(12,'Rhythmic Existentialism',15);
INSERT INTO Playlist(id,nome,idUtilizador) Values(13,'Singles feeling Heartbreak',18);
INSERT INTO Playlist(id,nome,idUtilizador) Values(14,'Rhythmic Existentialism',10);
INSERT INTO Playlist(id,nome,idUtilizador) Values(15,'Pit of Darkness',19);
INSERT INTO Playlist(id,nome,idUtilizador) Values(16,'Songs to play at my Wedding',19);
INSERT INTO Playlist(id,nome,idUtilizador) Values(17,'Listen don''t Read',19);
INSERT INTO Playlist(id,nome,idUtilizador) Values(18,'Not Your Valentine',26);
INSERT INTO Playlist(id,nome,idUtilizador) Values(19,'Personal Notes in form of songs',24);
-- Table: Editora
INSERT INTO Editora(id,nome) Values(0,'Daft Life Ltd./ADA France');
INSERT INTO Editora(id,nome) Values(1,'Columbia');
INSERT INTO Editora(id,nome) Values(2,'Domino Recording Co');
INSERT INTO Editora(id,nome) Values(3,'Communion Group Ltd');
INSERT INTO Editora(id,nome) Values(4,'Universal Music Portugal SA');
INSERT INTO Editora(id,nome) Values(5,'Decca (UMO)');
INSERT INTO Editora(id,nome) Values(6,'EMI Catalogue');
INSERT INTO Editora(id,nome) Values(7,'UMC (Universal Music Catalogue)');
INSERT INTO Editora(id,nome) Values(8,'Rock The World/IDJ/Kanye LP7');
INSERT INTO Editora(id,nome) Values(9,'Getting Out Our Dreams II / Def Jam Recordings');
INSERT INTO Editora(id,nome) Values(10,'Sony Music Entertainment');
INSERT INTO Editora(id,nome) Values(11,'Parlophone UK');
INSERT INTO Editora(id,nome) Values(12,'Sons em Trânsito');
INSERT INTO Editora(id,nome) Values(13,'Atlantic Records');
INSERT INTO Editora(id,nome) Values(14,'Aftermath Entertainment/Atlantic');
INSERT INTO Editora(id,nome) Values(15,'Aftermath/12 Tone Music, LLC');
INSERT INTO Editora(id,nome) Values(16,'EMI');
-- Table: Album
INSERT INTO Album(id,nome,dataLancamento,idEditora) Values(302127,'Discovery','2001-03-07',0);
INSERT INTO Album(id,nome,dataLancamento,idEditora) Values(6575789,'Random Access Memories','2013-05-17',1);
INSERT INTO Album(id,nome,dataLancamento,idEditora) Values(6703346,'Get Lucky (feat. Pharrell Williams & Nile Rodgers)','2013-07-03',1);
INSERT INTO Album(id,nome,dataLancamento,idEditora) Values(6899610,'AM','2013-09-09',2);
INSERT INTO Album(id,nome,dataLancamento,idEditora) Values(401346,'Favourite Worst Nightmare','2007-04-21',2);
INSERT INTO Album(id,nome,dataLancamento,idEditora) Values(401340,'Whatever People Say I Am, That''s What I''m Not','2006-02-18',2);
INSERT INTO Album(id,nome,dataLancamento,idEditora) Values(921000,'Submarine - Original Songs From The Film By Alex Turner','2011-03-14',2);
INSERT INTO Album(id,nome,dataLancamento,idEditora) Values(75624372,'Amir','2018-10-19',3);
INSERT INTO Album(id,nome,dataLancamento,idEditora) Values(106585062,'Bolero','2019-08-08',4);
INSERT INTO Album(id,nome,dataLancamento,idEditora) Values(7371939,'Djavan','2014-03-25',1);
INSERT INTO Album(id,nome,dataLancamento,idEditora) Values(228644,'Joao','1991-01-01',5);
INSERT INTO Album(id,nome,dataLancamento,idEditora) Values(12047958,'Let It Be (Remastered)','2015-12-24',6);
INSERT INTO Album(id,nome,dataLancamento,idEditora) Values(12047952,'Abbey Road (Remastered)','2015-12-24',6);
INSERT INTO Album(id,nome,dataLancamento,idEditora) Values(12047956,'1 (Remastered)','2015-12-24',7);
INSERT INTO Album(id,nome,dataLancamento,idEditora) Values(13357219,'The Life Of Pablo','2016-06-15',8);
INSERT INTO Album(id,nome,dataLancamento,idEditora) Values(116355212,'JESUS IS KING','2019-10-25',9);
INSERT INTO Album(id,nome,dataLancamento,idEditora) Values(265953002,'Nós Pimba','2021-10-22',10);
INSERT INTO Album(id,nome,dataLancamento,idEditora) Values(214037042,'F#CK FOREX (feat. eddy0)','2021-03-15',10);
INSERT INTO Album(id,nome,dataLancamento,idEditora) Values(44730061,'Flower Boy','2017-07-21',1);
INSERT INTO Album(id,nome,dataLancamento,idEditora) Values(97140952,'IGOR','2019-05-17',1);
INSERT INTO Album(id,nome,dataLancamento,idEditora) Values(11205422,'The Rise and Fall of Ziggy Stardust and the Spiders from Mars (2012 Remaster)','2012-06-04',11);
INSERT INTO Album(id,nome,dataLancamento,idEditora) Values(15586282,'Amar Pelos Dois','2017-03-10',12);
INSERT INTO Album(id,nome,dataLancamento,idEditora) Values(6157080,'Unorthodox Jukebox','2012-12-05',13);
INSERT INTO Album(id,nome,dataLancamento,idEditora) Values(211423112,'Leave The Door Open','2021-03-05',14);
INSERT INTO Album(id,nome,dataLancamento,idEditora) Values(78640552,'Oxnard','2018-11-16',15);
INSERT INTO Album(id,nome,dataLancamento,idEditora) Values(915785,'A Night At The Opera (2011 Remaster)','2011-01-01',16);
INSERT INTO Album(id,nome,dataLancamento,idEditora) Values(1121401,'Jazz (2011 Remaster)','2011-01-01',16);
INSERT INTO Album(id,nome,dataLancamento,idEditora) Values(1232880,'The Works (2011 Remaster)','2011-02-23',16);
-- Table: Autor
INSERT INTO Autor(id,nome) Values(27,'Daft Punk');
INSERT INTO Autor(id,nome) Values(100000000,'Guy-Manuel de Homem-Christo');
INSERT INTO Autor(id,nome) Values(100000001,'Thomas Bangalter');
INSERT INTO Autor(id,nome) Values(1182,'Arctic Monkeys');
INSERT INTO Autor(id,nome) Values(1195633,'Alex Turner');
INSERT INTO Autor(id,nome) Values(100000002,'Jamie Cook');
INSERT INTO Autor(id,nome) Values(100000003,'Nick O''Malley');
INSERT INTO Autor(id,nome) Values(100000004,'Matt Helders');
INSERT INTO Autor(id,nome) Values(11121068,'Tamino');
INSERT INTO Autor(id,nome) Values(10963720,'X-Tense');
INSERT INTO Autor(id,nome) Values(14687,'Djavan');
INSERT INTO Autor(id,nome) Values(5168,'João Gilberto');
INSERT INTO Autor(id,nome) Values(1,'The Beatles');
INSERT INTO Autor(id,nome) Values(226,'John Lennon');
INSERT INTO Autor(id,nome) Values(1446,'Paul McCartney');
INSERT INTO Autor(id,nome) Values(100000005,'George Harrison');
INSERT INTO Autor(id,nome) Values(100000006,'Ringo Starr');
INSERT INTO Autor(id,nome) Values(230,'Kanye West');
INSERT INTO Autor(id,nome) Values(70016862,'Chico da Tina');
INSERT INTO Autor(id,nome) Values(1194083,'Tyler, The Creator');
INSERT INTO Autor(id,nome) Values(997,'David Bowie');
INSERT INTO Autor(id,nome) Values(9877750,'Salvador Sobral');
INSERT INTO Autor(id,nome) Values(429675,'Bruno Mars');
INSERT INTO Autor(id,nome) Values(6474027,'Anderson .Paak');
INSERT INTO Autor(id,nome) Values(412,'Queen');
-- Table: Banda
INSERT INTO Banda(id,dataFormacao) Values(27,'1980');
INSERT INTO Banda(id,dataFormacao) Values(1182,'1963');
INSERT INTO Banda(id,dataFormacao) Values(1,'1967');
-- Table: Artista
INSERT INTO Artista(id,dataNascimento) Values(100000000,'1967');
INSERT INTO Artista(id,dataNascimento) Values(100000001,'1953');
INSERT INTO Artista(id,dataNascimento) Values(1195633,'1957');
INSERT INTO Artista(id,dataNascimento) Values(100000002,'1992');
INSERT INTO Artista(id,dataNascimento) Values(100000003,'1994');
INSERT INTO Artista(id,dataNascimento) Values(100000004,'1996');
INSERT INTO Artista(id,dataNascimento) Values(11121068,'1987');
INSERT INTO Artista(id,dataNascimento) Values(10963720,'1953');
INSERT INTO Artista(id,dataNascimento) Values(14687,'1980');
INSERT INTO Artista(id,dataNascimento) Values(5168,'1999');
INSERT INTO Artista(id,dataNascimento) Values(226,'2000');
INSERT INTO Artista(id,dataNascimento) Values(1446,'1950');
INSERT INTO Artista(id,dataNascimento) Values(100000005,'1951');
INSERT INTO Artista(id,dataNascimento) Values(100000006,'1961');
INSERT INTO Artista(id,dataNascimento) Values(230,'1972');
INSERT INTO Artista(id,dataNascimento) Values(70016862,'1999');
INSERT INTO Artista(id,dataNascimento) Values(1194083,'1997');
INSERT INTO Artista(id,dataNascimento) Values(997,'1961');
INSERT INTO Artista(id,dataNascimento) Values(9877750,'1966');
INSERT INTO Artista(id,dataNascimento) Values(429675,'1968');
INSERT INTO Artista(id,dataNascimento) Values(6474027,'1960');
INSERT INTO Artista(id,dataNascimento) Values(412,'1974');
-- Table: Concerto
INSERT INTO Concerto(id,data,local) Values(0,'1969-05-20','Slovakia');
INSERT INTO Concerto(id,data,local) Values(1,'2008-04-27','Norway');
INSERT INTO Concerto(id,data,local) Values(2,'1961-04-03','Kosovo');
INSERT INTO Concerto(id,data,local) Values(3,'1986-06-24','Montenegro');
INSERT INTO Concerto(id,data,local) Values(4,'1953-02-14','Ireland');
INSERT INTO Concerto(id,data,local) Values(5,'1986-09-16','Luxembourg');
INSERT INTO Concerto(id,data,local) Values(6,'1963-10-13','Liechtenstein');
INSERT INTO Concerto(id,data,local) Values(7,'1994-03-01','Netherlands');
INSERT INTO Concerto(id,data,local) Values(8,'1969-10-27','San Marino');
INSERT INTO Concerto(id,data,local) Values(9,'1969-09-29','Ireland');
INSERT INTO Concerto(id,data,local) Values(10,'1994-11-18','Macedonia');
INSERT INTO Concerto(id,data,local) Values(11,'2014-05-19','Iceland');
INSERT INTO Concerto(id,data,local) Values(12,'1980-08-08','Greece');
INSERT INTO Concerto(id,data,local) Values(13,'1992-07-02','Russia');
INSERT INTO Concerto(id,data,local) Values(14,'1956-11-26','Russia');
INSERT INTO Concerto(id,data,local) Values(15,'1964-09-07','Hungary');
INSERT INTO Concerto(id,data,local) Values(16,'2002-06-25','Spain');
INSERT INTO Concerto(id,data,local) Values(17,'1994-12-11','Bosnia and Herzegovina');
INSERT INTO Concerto(id,data,local) Values(18,'1983-10-11','Hungary');
INSERT INTO Concerto(id,data,local) Values(19,'1962-01-09','Switzerland');
INSERT INTO Concerto(id,data,local) Values(20,'1959-07-15','Denmark');
INSERT INTO Concerto(id,data,local) Values(21,'1985-06-16','Serbia');
INSERT INTO Concerto(id,data,local) Values(22,'1988-01-30','Lithuania');
INSERT INTO Concerto(id,data,local) Values(23,'1954-11-21','Germany');
INSERT INTO Concerto(id,data,local) Values(24,'1973-08-13','Bosnia and Herzegovina');
INSERT INTO Concerto(id,data,local) Values(25,'1998-12-24','Liechtenstein');
INSERT INTO Concerto(id,data,local) Values(26,'1953-12-14','Ukraine');
INSERT INTO Concerto(id,data,local) Values(27,'1961-04-03','United Kingdom');
INSERT INTO Concerto(id,data,local) Values(28,'1954-06-11','Macedonia');
INSERT INTO Concerto(id,data,local) Values(29,'1962-03-18','Malta');
INSERT INTO Concerto(id,data,local) Values(30,'1962-06-05','Sweden');
INSERT INTO Concerto(id,data,local) Values(31,'1999-08-31','Portugal');
INSERT INTO Concerto(id,data,local) Values(32,'1986-02-24','Kosovo');
INSERT INTO Concerto(id,data,local) Values(33,'2003-11-08','Ireland');
INSERT INTO Concerto(id,data,local) Values(34,'2009-09-02','Estonia');
-- Table: Ator
INSERT INTO Ator(id,nome) Values(0,'Randall Lopes');
INSERT INTO Ator(id,nome) Values(1,'Gloria Darcangelo');
INSERT INTO Ator(id,nome) Values(2,'Josh Brown');
INSERT INTO Ator(id,nome) Values(3,'Gail Blocker');
INSERT INTO Ator(id,nome) Values(4,'Ernest Martin');
INSERT INTO Ator(id,nome) Values(5,'Sergio Keaton');
INSERT INTO Ator(id,nome) Values(6,'Kristen Carrera');
INSERT INTO Ator(id,nome) Values(7,'David Serviss');
INSERT INTO Ator(id,nome) Values(8,'Janice Leggio');
INSERT INTO Ator(id,nome) Values(9,'Louise Ledbetter');
INSERT INTO Ator(id,nome) Values(10,'Amelia Jones');
INSERT INTO Ator(id,nome) Values(11,'Maureen Scholz');
INSERT INTO Ator(id,nome) Values(12,'Christopher Hyde');
INSERT INTO Ator(id,nome) Values(13,'Brandi Barlow');
INSERT INTO Ator(id,nome) Values(14,'Stella Park');
INSERT INTO Ator(id,nome) Values(15,'Robert Campbell');
INSERT INTO Ator(id,nome) Values(16,'Jennifer Robbins');
INSERT INTO Ator(id,nome) Values(17,'Kenneth Rose');
INSERT INTO Ator(id,nome) Values(18,'Delbert Abbott');
INSERT INTO Ator(id,nome) Values(19,'Melissa Laseter');
INSERT INTO Ator(id,nome) Values(20,'Linda Silva');
INSERT INTO Ator(id,nome) Values(21,'Timmy Carr');
INSERT INTO Ator(id,nome) Values(22,'Marcel Woods');
INSERT INTO Ator(id,nome) Values(23,'Neil Childs');
INSERT INTO Ator(id,nome) Values(24,'Sandy Rowe');
INSERT INTO Ator(id,nome) Values(25,'John Anson');
INSERT INTO Ator(id,nome) Values(26,'Lisa Vaughn');
INSERT INTO Ator(id,nome) Values(27,'Edwin Pennock');
INSERT INTO Ator(id,nome) Values(28,'Donnie Ivory');
INSERT INTO Ator(id,nome) Values(29,'James Mariscal');
-- Table: Produtor
INSERT INTO Produtor(id,nome) Values(0,'Mario Edelson');
INSERT INTO Produtor(id,nome) Values(1,'Trevor Lee');
INSERT INTO Produtor(id,nome) Values(2,'Teresa Thompson');
INSERT INTO Produtor(id,nome) Values(3,'Carmen Seymore');
INSERT INTO Produtor(id,nome) Values(4,'John Mitchell');
INSERT INTO Produtor(id,nome) Values(5,'Sara Felter');
INSERT INTO Produtor(id,nome) Values(6,'Kenneth Delarosa');
INSERT INTO Produtor(id,nome) Values(7,'Rebecca Heflin');
INSERT INTO Produtor(id,nome) Values(8,'Shonda Hutcherson');
INSERT INTO Produtor(id,nome) Values(9,'Ronnie Wang');
INSERT INTO Produtor(id,nome) Values(10,'Aurora Mirza');
INSERT INTO Produtor(id,nome) Values(11,'Leonardo Goodwin');
INSERT INTO Produtor(id,nome) Values(12,'Kathy Davis');
INSERT INTO Produtor(id,nome) Values(13,'Gregory Gonzalez');
INSERT INTO Produtor(id,nome) Values(14,'Glenn Rodriguez');
INSERT INTO Produtor(id,nome) Values(15,'Martha White');
INSERT INTO Produtor(id,nome) Values(16,'Patricia Joubert');
INSERT INTO Produtor(id,nome) Values(17,'Jennifer Wakefield');
INSERT INTO Produtor(id,nome) Values(18,'Lizzie Thomas');
INSERT INTO Produtor(id,nome) Values(19,'Lera Pridgen');
INSERT INTO Produtor(id,nome) Values(20,'Jonathan Maynard');
INSERT INTO Produtor(id,nome) Values(21,'Nancy Flores');
INSERT INTO Produtor(id,nome) Values(22,'Pat Gordon');
INSERT INTO Produtor(id,nome) Values(23,'Ruth Rogers');
INSERT INTO Produtor(id,nome) Values(24,'Mattie Walling');
INSERT INTO Produtor(id,nome) Values(25,'Hope Ward');
INSERT INTO Produtor(id,nome) Values(26,'Troy Mcclarty');
INSERT INTO Produtor(id,nome) Values(27,'Susan Myrick');
INSERT INTO Produtor(id,nome) Values(28,'Crystal Bickel');
INSERT INTO Produtor(id,nome) Values(29,'David Shipley');
-- Table: MusicaAlbum
INSERT INTO MusicaAlbum(idMusica,idAlbum) Values(3135553,302127);
INSERT INTO MusicaAlbum(idMusica,idAlbum) Values(3135554,302127);
INSERT INTO MusicaAlbum(idMusica,idAlbum) Values(3135555,302127);
INSERT INTO MusicaAlbum(idMusica,idAlbum) Values(3135556,302127);
INSERT INTO MusicaAlbum(idMusica,idAlbum) Values(3135557,302127);
INSERT INTO MusicaAlbum(idMusica,idAlbum) Values(3135558,302127);
INSERT INTO MusicaAlbum(idMusica,idAlbum) Values(3135559,302127);
INSERT INTO MusicaAlbum(idMusica,idAlbum) Values(3135560,302127);
INSERT INTO MusicaAlbum(idMusica,idAlbum) Values(3135561,302127);
INSERT INTO MusicaAlbum(idMusica,idAlbum) Values(3135562,302127);
INSERT INTO MusicaAlbum(idMusica,idAlbum) Values(3135563,302127);
INSERT INTO MusicaAlbum(idMusica,idAlbum) Values(3135564,302127);
INSERT INTO MusicaAlbum(idMusica,idAlbum) Values(3135565,302127);
INSERT INTO MusicaAlbum(idMusica,idAlbum) Values(3135566,302127);
INSERT INTO MusicaAlbum(idMusica,idAlbum) Values(67238728,6575789);
INSERT INTO MusicaAlbum(idMusica,idAlbum) Values(67238729,6575789);
INSERT INTO MusicaAlbum(idMusica,idAlbum) Values(67238730,6575789);
INSERT INTO MusicaAlbum(idMusica,idAlbum) Values(67238731,6575789);
INSERT INTO MusicaAlbum(idMusica,idAlbum) Values(67238732,6575789);
INSERT INTO MusicaAlbum(idMusica,idAlbum) Values(67238733,6575789);
INSERT INTO MusicaAlbum(idMusica,idAlbum) Values(67238734,6575789);
INSERT INTO MusicaAlbum(idMusica,idAlbum) Values(67238735,6575789);
INSERT INTO MusicaAlbum(idMusica,idAlbum) Values(67238736,6575789);
INSERT INTO MusicaAlbum(idMusica,idAlbum) Values(67238737,6575789);
INSERT INTO MusicaAlbum(idMusica,idAlbum) Values(67238738,6575789);
INSERT INTO MusicaAlbum(idMusica,idAlbum) Values(67238739,6575789);
INSERT INTO MusicaAlbum(idMusica,idAlbum) Values(67238740,6575789);
INSERT INTO MusicaAlbum(idMusica,idAlbum) Values(68442677,6703346);
INSERT INTO MusicaAlbum(idMusica,idAlbum) Values(70322130,6899610);
INSERT INTO MusicaAlbum(idMusica,idAlbum) Values(70322132,6899610);
INSERT INTO MusicaAlbum(idMusica,idAlbum) Values(70322133,6899610);
INSERT INTO MusicaAlbum(idMusica,idAlbum) Values(70322134,6899610);
INSERT INTO MusicaAlbum(idMusica,idAlbum) Values(70322135,6899610);
INSERT INTO MusicaAlbum(idMusica,idAlbum) Values(70322136,6899610);
INSERT INTO MusicaAlbum(idMusica,idAlbum) Values(70322137,6899610);
INSERT INTO MusicaAlbum(idMusica,idAlbum) Values(70322138,6899610);
INSERT INTO MusicaAlbum(idMusica,idAlbum) Values(70322139,6899610);
INSERT INTO MusicaAlbum(idMusica,idAlbum) Values(70322140,6899610);
INSERT INTO MusicaAlbum(idMusica,idAlbum) Values(70322141,6899610);
INSERT INTO MusicaAlbum(idMusica,idAlbum) Values(70322142,6899610);
INSERT INTO MusicaAlbum(idMusica,idAlbum) Values(4315378,401346);
INSERT INTO MusicaAlbum(idMusica,idAlbum) Values(4315379,401346);
INSERT INTO MusicaAlbum(idMusica,idAlbum) Values(4315380,401346);
INSERT INTO MusicaAlbum(idMusica,idAlbum) Values(4315381,401346);
INSERT INTO MusicaAlbum(idMusica,idAlbum) Values(4315382,401346);
INSERT INTO MusicaAlbum(idMusica,idAlbum) Values(4315383,401346);
INSERT INTO MusicaAlbum(idMusica,idAlbum) Values(4315384,401346);
INSERT INTO MusicaAlbum(idMusica,idAlbum) Values(4315385,401346);
INSERT INTO MusicaAlbum(idMusica,idAlbum) Values(4315386,401346);
INSERT INTO MusicaAlbum(idMusica,idAlbum) Values(4315387,401346);
INSERT INTO MusicaAlbum(idMusica,idAlbum) Values(4315388,401346);
INSERT INTO MusicaAlbum(idMusica,idAlbum) Values(4315389,401346);
INSERT INTO MusicaAlbum(idMusica,idAlbum) Values(4315309,401340);
INSERT INTO MusicaAlbum(idMusica,idAlbum) Values(4315310,401340);
INSERT INTO MusicaAlbum(idMusica,idAlbum) Values(4315311,401340);
INSERT INTO MusicaAlbum(idMusica,idAlbum) Values(4315312,401340);
INSERT INTO MusicaAlbum(idMusica,idAlbum) Values(4315313,401340);
INSERT INTO MusicaAlbum(idMusica,idAlbum) Values(4315314,401340);
INSERT INTO MusicaAlbum(idMusica,idAlbum) Values(4315315,401340);
INSERT INTO MusicaAlbum(idMusica,idAlbum) Values(4315316,401340);
INSERT INTO MusicaAlbum(idMusica,idAlbum) Values(4315317,401340);
INSERT INTO MusicaAlbum(idMusica,idAlbum) Values(4315318,401340);
INSERT INTO MusicaAlbum(idMusica,idAlbum) Values(4315319,401340);
INSERT INTO MusicaAlbum(idMusica,idAlbum) Values(4315320,401340);
INSERT INTO MusicaAlbum(idMusica,idAlbum) Values(4315321,401340);
INSERT INTO MusicaAlbum(idMusica,idAlbum) Values(10064646,921000);
INSERT INTO MusicaAlbum(idMusica,idAlbum) Values(10064647,921000);
INSERT INTO MusicaAlbum(idMusica,idAlbum) Values(10064648,921000);
INSERT INTO MusicaAlbum(idMusica,idAlbum) Values(10064649,921000);
INSERT INTO MusicaAlbum(idMusica,idAlbum) Values(10064650,921000);
INSERT INTO MusicaAlbum(idMusica,idAlbum) Values(10064651,921000);
INSERT INTO MusicaAlbum(idMusica,idAlbum) Values(568147712,75624372);
INSERT INTO MusicaAlbum(idMusica,idAlbum) Values(568147722,75624372);
INSERT INTO MusicaAlbum(idMusica,idAlbum) Values(568147732,75624372);
INSERT INTO MusicaAlbum(idMusica,idAlbum) Values(568147742,75624372);
INSERT INTO MusicaAlbum(idMusica,idAlbum) Values(568147752,75624372);
INSERT INTO MusicaAlbum(idMusica,idAlbum) Values(568147762,75624372);
INSERT INTO MusicaAlbum(idMusica,idAlbum) Values(568147772,75624372);
INSERT INTO MusicaAlbum(idMusica,idAlbum) Values(568147782,75624372);
INSERT INTO MusicaAlbum(idMusica,idAlbum) Values(568147792,75624372);
INSERT INTO MusicaAlbum(idMusica,idAlbum) Values(568147802,75624372);
INSERT INTO MusicaAlbum(idMusica,idAlbum) Values(568147812,75624372);
INSERT INTO MusicaAlbum(idMusica,idAlbum) Values(568147822,75624372);
INSERT INTO MusicaAlbum(idMusica,idAlbum) Values(727379302,106585062);
INSERT INTO MusicaAlbum(idMusica,idAlbum) Values(74617608,7371939);
INSERT INTO MusicaAlbum(idMusica,idAlbum) Values(74617609,7371939);
INSERT INTO MusicaAlbum(idMusica,idAlbum) Values(74617610,7371939);
INSERT INTO MusicaAlbum(idMusica,idAlbum) Values(74617611,7371939);
INSERT INTO MusicaAlbum(idMusica,idAlbum) Values(74617612,7371939);
INSERT INTO MusicaAlbum(idMusica,idAlbum) Values(74617613,7371939);
INSERT INTO MusicaAlbum(idMusica,idAlbum) Values(74617614,7371939);
INSERT INTO MusicaAlbum(idMusica,idAlbum) Values(74617615,7371939);
INSERT INTO MusicaAlbum(idMusica,idAlbum) Values(74617616,7371939);
INSERT INTO MusicaAlbum(idMusica,idAlbum) Values(2293061,228644);
INSERT INTO MusicaAlbum(idMusica,idAlbum) Values(2293064,228644);
INSERT INTO MusicaAlbum(idMusica,idAlbum) Values(2293068,228644);
INSERT INTO MusicaAlbum(idMusica,idAlbum) Values(2293074,228644);
INSERT INTO MusicaAlbum(idMusica,idAlbum) Values(2293076,228644);
INSERT INTO MusicaAlbum(idMusica,idAlbum) Values(2293080,228644);
INSERT INTO MusicaAlbum(idMusica,idAlbum) Values(2293083,228644);
INSERT INTO MusicaAlbum(idMusica,idAlbum) Values(2293088,228644);
INSERT INTO MusicaAlbum(idMusica,idAlbum) Values(2293089,228644);
INSERT INTO MusicaAlbum(idMusica,idAlbum) Values(2293092,228644);
INSERT INTO MusicaAlbum(idMusica,idAlbum) Values(2293097,228644);
INSERT INTO MusicaAlbum(idMusica,idAlbum) Values(2293100,228644);
INSERT INTO MusicaAlbum(idMusica,idAlbum) Values(116348646,12047958);
INSERT INTO MusicaAlbum(idMusica,idAlbum) Values(116348648,12047958);
INSERT INTO MusicaAlbum(idMusica,idAlbum) Values(116348650,12047958);
INSERT INTO MusicaAlbum(idMusica,idAlbum) Values(116348652,12047958);
INSERT INTO MusicaAlbum(idMusica,idAlbum) Values(116348654,12047958);
INSERT INTO MusicaAlbum(idMusica,idAlbum) Values(116348656,12047958);
INSERT INTO MusicaAlbum(idMusica,idAlbum) Values(116348658,12047958);
INSERT INTO MusicaAlbum(idMusica,idAlbum) Values(116348660,12047958);
INSERT INTO MusicaAlbum(idMusica,idAlbum) Values(116348662,12047958);
INSERT INTO MusicaAlbum(idMusica,idAlbum) Values(116348664,12047958);
INSERT INTO MusicaAlbum(idMusica,idAlbum) Values(116348666,12047958);
INSERT INTO MusicaAlbum(idMusica,idAlbum) Values(116348668,12047958);
INSERT INTO MusicaAlbum(idMusica,idAlbum) Values(116348452,12047952);
INSERT INTO MusicaAlbum(idMusica,idAlbum) Values(116348454,12047952);
INSERT INTO MusicaAlbum(idMusica,idAlbum) Values(116348456,12047952);
INSERT INTO MusicaAlbum(idMusica,idAlbum) Values(116348458,12047952);
INSERT INTO MusicaAlbum(idMusica,idAlbum) Values(116348460,12047952);
INSERT INTO MusicaAlbum(idMusica,idAlbum) Values(116348462,12047952);
INSERT INTO MusicaAlbum(idMusica,idAlbum) Values(116348464,12047952);
INSERT INTO MusicaAlbum(idMusica,idAlbum) Values(116348466,12047952);
INSERT INTO MusicaAlbum(idMusica,idAlbum) Values(116348468,12047952);
INSERT INTO MusicaAlbum(idMusica,idAlbum) Values(116348470,12047952);
INSERT INTO MusicaAlbum(idMusica,idAlbum) Values(116348472,12047952);
INSERT INTO MusicaAlbum(idMusica,idAlbum) Values(116348474,12047952);
INSERT INTO MusicaAlbum(idMusica,idAlbum) Values(116348476,12047952);
INSERT INTO MusicaAlbum(idMusica,idAlbum) Values(116348478,12047952);
INSERT INTO MusicaAlbum(idMusica,idAlbum) Values(116348480,12047952);
INSERT INTO MusicaAlbum(idMusica,idAlbum) Values(116348482,12047952);
INSERT INTO MusicaAlbum(idMusica,idAlbum) Values(116348484,12047952);
INSERT INTO MusicaAlbum(idMusica,idAlbum) Values(116348592,12047956);
INSERT INTO MusicaAlbum(idMusica,idAlbum) Values(116348594,12047956);
INSERT INTO MusicaAlbum(idMusica,idAlbum) Values(116348596,12047956);
INSERT INTO MusicaAlbum(idMusica,idAlbum) Values(116348598,12047956);
INSERT INTO MusicaAlbum(idMusica,idAlbum) Values(116348600,12047956);
INSERT INTO MusicaAlbum(idMusica,idAlbum) Values(116348602,12047956);
INSERT INTO MusicaAlbum(idMusica,idAlbum) Values(116348604,12047956);
INSERT INTO MusicaAlbum(idMusica,idAlbum) Values(116348606,12047956);
INSERT INTO MusicaAlbum(idMusica,idAlbum) Values(116348608,12047956);
INSERT INTO MusicaAlbum(idMusica,idAlbum) Values(116348610,12047956);
INSERT INTO MusicaAlbum(idMusica,idAlbum) Values(116348612,12047956);
INSERT INTO MusicaAlbum(idMusica,idAlbum) Values(116348614,12047956);
INSERT INTO MusicaAlbum(idMusica,idAlbum) Values(116348616,12047956);
INSERT INTO MusicaAlbum(idMusica,idAlbum) Values(116348618,12047956);
INSERT INTO MusicaAlbum(idMusica,idAlbum) Values(116348620,12047956);
INSERT INTO MusicaAlbum(idMusica,idAlbum) Values(116348622,12047956);
INSERT INTO MusicaAlbum(idMusica,idAlbum) Values(116348624,12047956);
INSERT INTO MusicaAlbum(idMusica,idAlbum) Values(116348626,12047956);
INSERT INTO MusicaAlbum(idMusica,idAlbum) Values(116348628,12047956);
INSERT INTO MusicaAlbum(idMusica,idAlbum) Values(116348630,12047956);
INSERT INTO MusicaAlbum(idMusica,idAlbum) Values(116348632,12047956);
INSERT INTO MusicaAlbum(idMusica,idAlbum) Values(116348634,12047956);
INSERT INTO MusicaAlbum(idMusica,idAlbum) Values(116348636,12047956);
INSERT INTO MusicaAlbum(idMusica,idAlbum) Values(116348638,12047956);
INSERT INTO MusicaAlbum(idMusica,idAlbum) Values(116348640,12047956);
INSERT INTO MusicaAlbum(idMusica,idAlbum) Values(116348642,12047956);
INSERT INTO MusicaAlbum(idMusica,idAlbum) Values(116348644,12047956);
INSERT INTO MusicaAlbum(idMusica,idAlbum) Values(126772729,13357219);
INSERT INTO MusicaAlbum(idMusica,idAlbum) Values(126772731,13357219);
INSERT INTO MusicaAlbum(idMusica,idAlbum) Values(126772733,13357219);
INSERT INTO MusicaAlbum(idMusica,idAlbum) Values(126772735,13357219);
INSERT INTO MusicaAlbum(idMusica,idAlbum) Values(126772737,13357219);
INSERT INTO MusicaAlbum(idMusica,idAlbum) Values(126772739,13357219);
INSERT INTO MusicaAlbum(idMusica,idAlbum) Values(126772741,13357219);
INSERT INTO MusicaAlbum(idMusica,idAlbum) Values(126772743,13357219);
INSERT INTO MusicaAlbum(idMusica,idAlbum) Values(126772745,13357219);
INSERT INTO MusicaAlbum(idMusica,idAlbum) Values(126772747,13357219);
INSERT INTO MusicaAlbum(idMusica,idAlbum) Values(126772749,13357219);
INSERT INTO MusicaAlbum(idMusica,idAlbum) Values(126772751,13357219);
INSERT INTO MusicaAlbum(idMusica,idAlbum) Values(126772753,13357219);
INSERT INTO MusicaAlbum(idMusica,idAlbum) Values(126772755,13357219);
INSERT INTO MusicaAlbum(idMusica,idAlbum) Values(126772757,13357219);
INSERT INTO MusicaAlbum(idMusica,idAlbum) Values(126772759,13357219);
INSERT INTO MusicaAlbum(idMusica,idAlbum) Values(126772761,13357219);
INSERT INTO MusicaAlbum(idMusica,idAlbum) Values(126772763,13357219);
INSERT INTO MusicaAlbum(idMusica,idAlbum) Values(126772765,13357219);
INSERT INTO MusicaAlbum(idMusica,idAlbum) Values(126772767,13357219);
INSERT INTO MusicaAlbum(idMusica,idAlbum) Values(785411452,116355212);
INSERT INTO MusicaAlbum(idMusica,idAlbum) Values(785411462,116355212);
INSERT INTO MusicaAlbum(idMusica,idAlbum) Values(785411472,116355212);
INSERT INTO MusicaAlbum(idMusica,idAlbum) Values(785411482,116355212);
INSERT INTO MusicaAlbum(idMusica,idAlbum) Values(785411492,116355212);
INSERT INTO MusicaAlbum(idMusica,idAlbum) Values(785411502,116355212);
INSERT INTO MusicaAlbum(idMusica,idAlbum) Values(785411512,116355212);
INSERT INTO MusicaAlbum(idMusica,idAlbum) Values(785411522,116355212);
INSERT INTO MusicaAlbum(idMusica,idAlbum) Values(785411532,116355212);
INSERT INTO MusicaAlbum(idMusica,idAlbum) Values(785411542,116355212);
INSERT INTO MusicaAlbum(idMusica,idAlbum) Values(785411552,116355212);
INSERT INTO MusicaAlbum(idMusica,idAlbum) Values(1523554262,265953002);
INSERT INTO MusicaAlbum(idMusica,idAlbum) Values(1272174692,214037042);
INSERT INTO MusicaAlbum(idMusica,idAlbum) Values(384157561,44730061);
INSERT INTO MusicaAlbum(idMusica,idAlbum) Values(384157571,44730061);
INSERT INTO MusicaAlbum(idMusica,idAlbum) Values(384157581,44730061);
INSERT INTO MusicaAlbum(idMusica,idAlbum) Values(384157591,44730061);
INSERT INTO MusicaAlbum(idMusica,idAlbum) Values(384157601,44730061);
INSERT INTO MusicaAlbum(idMusica,idAlbum) Values(384157611,44730061);
INSERT INTO MusicaAlbum(idMusica,idAlbum) Values(384157621,44730061);
INSERT INTO MusicaAlbum(idMusica,idAlbum) Values(384157631,44730061);
INSERT INTO MusicaAlbum(idMusica,idAlbum) Values(384157641,44730061);
INSERT INTO MusicaAlbum(idMusica,idAlbum) Values(384157651,44730061);
INSERT INTO MusicaAlbum(idMusica,idAlbum) Values(384157661,44730061);
INSERT INTO MusicaAlbum(idMusica,idAlbum) Values(384157671,44730061);
INSERT INTO MusicaAlbum(idMusica,idAlbum) Values(384157681,44730061);
INSERT INTO MusicaAlbum(idMusica,idAlbum) Values(384157691,44730061);
INSERT INTO MusicaAlbum(idMusica,idAlbum) Values(681009642,97140952);
INSERT INTO MusicaAlbum(idMusica,idAlbum) Values(681009652,97140952);
INSERT INTO MusicaAlbum(idMusica,idAlbum) Values(681009662,97140952);
INSERT INTO MusicaAlbum(idMusica,idAlbum) Values(681009672,97140952);
INSERT INTO MusicaAlbum(idMusica,idAlbum) Values(681009682,97140952);
INSERT INTO MusicaAlbum(idMusica,idAlbum) Values(681009692,97140952);
INSERT INTO MusicaAlbum(idMusica,idAlbum) Values(681009702,97140952);
INSERT INTO MusicaAlbum(idMusica,idAlbum) Values(681009712,97140952);
INSERT INTO MusicaAlbum(idMusica,idAlbum) Values(681009722,97140952);
INSERT INTO MusicaAlbum(idMusica,idAlbum) Values(681009732,97140952);
INSERT INTO MusicaAlbum(idMusica,idAlbum) Values(681009742,97140952);
INSERT INTO MusicaAlbum(idMusica,idAlbum) Values(681009752,97140952);
INSERT INTO MusicaAlbum(idMusica,idAlbum) Values(107471920,11205422);
INSERT INTO MusicaAlbum(idMusica,idAlbum) Values(107471922,11205422);
INSERT INTO MusicaAlbum(idMusica,idAlbum) Values(107471924,11205422);
INSERT INTO MusicaAlbum(idMusica,idAlbum) Values(107471926,11205422);
INSERT INTO MusicaAlbum(idMusica,idAlbum) Values(107471928,11205422);
INSERT INTO MusicaAlbum(idMusica,idAlbum) Values(107471930,11205422);
INSERT INTO MusicaAlbum(idMusica,idAlbum) Values(107471932,11205422);
INSERT INTO MusicaAlbum(idMusica,idAlbum) Values(107471934,11205422);
INSERT INTO MusicaAlbum(idMusica,idAlbum) Values(107471936,11205422);
INSERT INTO MusicaAlbum(idMusica,idAlbum) Values(107471938,11205422);
INSERT INTO MusicaAlbum(idMusica,idAlbum) Values(107471940,11205422);
INSERT INTO MusicaAlbum(idMusica,idAlbum) Values(143848116,15586282);
INSERT INTO MusicaAlbum(idMusica,idAlbum) Values(62724014,6157080);
INSERT INTO MusicaAlbum(idMusica,idAlbum) Values(62724015,6157080);
INSERT INTO MusicaAlbum(idMusica,idAlbum) Values(62724016,6157080);
INSERT INTO MusicaAlbum(idMusica,idAlbum) Values(62724017,6157080);
INSERT INTO MusicaAlbum(idMusica,idAlbum) Values(62724018,6157080);
INSERT INTO MusicaAlbum(idMusica,idAlbum) Values(62724019,6157080);
INSERT INTO MusicaAlbum(idMusica,idAlbum) Values(62724020,6157080);
INSERT INTO MusicaAlbum(idMusica,idAlbum) Values(62724021,6157080);
INSERT INTO MusicaAlbum(idMusica,idAlbum) Values(62724022,6157080);
INSERT INTO MusicaAlbum(idMusica,idAlbum) Values(62724023,6157080);
INSERT INTO MusicaAlbum(idMusica,idAlbum) Values(1260522302,211423112);
INSERT INTO MusicaAlbum(idMusica,idAlbum) Values(585667452,78640552);
INSERT INTO MusicaAlbum(idMusica,idAlbum) Values(585667462,78640552);
INSERT INTO MusicaAlbum(idMusica,idAlbum) Values(585667472,78640552);
INSERT INTO MusicaAlbum(idMusica,idAlbum) Values(585667482,78640552);
INSERT INTO MusicaAlbum(idMusica,idAlbum) Values(585667492,78640552);
INSERT INTO MusicaAlbum(idMusica,idAlbum) Values(585667502,78640552);
INSERT INTO MusicaAlbum(idMusica,idAlbum) Values(585667512,78640552);
INSERT INTO MusicaAlbum(idMusica,idAlbum) Values(585667522,78640552);
INSERT INTO MusicaAlbum(idMusica,idAlbum) Values(585667532,78640552);
INSERT INTO MusicaAlbum(idMusica,idAlbum) Values(585667542,78640552);
INSERT INTO MusicaAlbum(idMusica,idAlbum) Values(585667552,78640552);
INSERT INTO MusicaAlbum(idMusica,idAlbum) Values(585667562,78640552);
INSERT INTO MusicaAlbum(idMusica,idAlbum) Values(585667572,78640552);
INSERT INTO MusicaAlbum(idMusica,idAlbum) Values(585667582,78640552);
INSERT INTO MusicaAlbum(idMusica,idAlbum) Values(9997008,915785);
INSERT INTO MusicaAlbum(idMusica,idAlbum) Values(9997009,915785);
INSERT INTO MusicaAlbum(idMusica,idAlbum) Values(9997010,915785);
INSERT INTO MusicaAlbum(idMusica,idAlbum) Values(9997011,915785);
INSERT INTO MusicaAlbum(idMusica,idAlbum) Values(9997012,915785);
INSERT INTO MusicaAlbum(idMusica,idAlbum) Values(9997013,915785);
INSERT INTO MusicaAlbum(idMusica,idAlbum) Values(9997014,915785);
INSERT INTO MusicaAlbum(idMusica,idAlbum) Values(9997015,915785);
INSERT INTO MusicaAlbum(idMusica,idAlbum) Values(9997016,915785);
INSERT INTO MusicaAlbum(idMusica,idAlbum) Values(9997017,915785);
INSERT INTO MusicaAlbum(idMusica,idAlbum) Values(9997018,915785);
INSERT INTO MusicaAlbum(idMusica,idAlbum) Values(9997019,915785);
INSERT INTO MusicaAlbum(idMusica,idAlbum) Values(12209320,1121401);
INSERT INTO MusicaAlbum(idMusica,idAlbum) Values(12209321,1121401);
INSERT INTO MusicaAlbum(idMusica,idAlbum) Values(12209322,1121401);
INSERT INTO MusicaAlbum(idMusica,idAlbum) Values(12209323,1121401);
INSERT INTO MusicaAlbum(idMusica,idAlbum) Values(12209324,1121401);
INSERT INTO MusicaAlbum(idMusica,idAlbum) Values(12209325,1121401);
INSERT INTO MusicaAlbum(idMusica,idAlbum) Values(12209326,1121401);
INSERT INTO MusicaAlbum(idMusica,idAlbum) Values(12209327,1121401);
INSERT INTO MusicaAlbum(idMusica,idAlbum) Values(12209328,1121401);
INSERT INTO MusicaAlbum(idMusica,idAlbum) Values(12209329,1121401);
INSERT INTO MusicaAlbum(idMusica,idAlbum) Values(12209330,1121401);
INSERT INTO MusicaAlbum(idMusica,idAlbum) Values(12209331,1121401);
INSERT INTO MusicaAlbum(idMusica,idAlbum) Values(12209332,1121401);
INSERT INTO MusicaAlbum(idMusica,idAlbum) Values(13459064,1232880);
INSERT INTO MusicaAlbum(idMusica,idAlbum) Values(13459065,1232880);
INSERT INTO MusicaAlbum(idMusica,idAlbum) Values(13459066,1232880);
INSERT INTO MusicaAlbum(idMusica,idAlbum) Values(13459067,1232880);
INSERT INTO MusicaAlbum(idMusica,idAlbum) Values(13459068,1232880);
INSERT INTO MusicaAlbum(idMusica,idAlbum) Values(13459069,1232880);
INSERT INTO MusicaAlbum(idMusica,idAlbum) Values(13459070,1232880);
INSERT INTO MusicaAlbum(idMusica,idAlbum) Values(13459071,1232880);
INSERT INTO MusicaAlbum(idMusica,idAlbum) Values(13459072,1232880);
-- Table: VideoclipAtor
INSERT INTO VideoclipAtor(idVideoclip,idAtor) Values(0,13);
INSERT INTO VideoclipAtor(idVideoclip,idAtor) Values(1,6);
INSERT INTO VideoclipAtor(idVideoclip,idAtor) Values(2,8);
INSERT INTO VideoclipAtor(idVideoclip,idAtor) Values(3,15);
INSERT INTO VideoclipAtor(idVideoclip,idAtor) Values(3,25);
INSERT INTO VideoclipAtor(idVideoclip,idAtor) Values(3,22);
INSERT INTO VideoclipAtor(idVideoclip,idAtor) Values(4,15);
INSERT INTO VideoclipAtor(idVideoclip,idAtor) Values(4,20);
INSERT INTO VideoclipAtor(idVideoclip,idAtor) Values(5,13);
INSERT INTO VideoclipAtor(idVideoclip,idAtor) Values(5,18);
INSERT INTO VideoclipAtor(idVideoclip,idAtor) Values(5,19);
INSERT INTO VideoclipAtor(idVideoclip,idAtor) Values(6,11);
INSERT INTO VideoclipAtor(idVideoclip,idAtor) Values(6,20);
INSERT INTO VideoclipAtor(idVideoclip,idAtor) Values(7,28);
INSERT INTO VideoclipAtor(idVideoclip,idAtor) Values(7,27);
INSERT INTO VideoclipAtor(idVideoclip,idAtor) Values(8,27);
INSERT INTO VideoclipAtor(idVideoclip,idAtor) Values(8,20);
INSERT INTO VideoclipAtor(idVideoclip,idAtor) Values(9,4);
INSERT INTO VideoclipAtor(idVideoclip,idAtor) Values(9,25);
INSERT INTO VideoclipAtor(idVideoclip,idAtor) Values(9,7);
INSERT INTO VideoclipAtor(idVideoclip,idAtor) Values(10,27);
INSERT INTO VideoclipAtor(idVideoclip,idAtor) Values(10,13);
INSERT INTO VideoclipAtor(idVideoclip,idAtor) Values(10,24);
INSERT INTO VideoclipAtor(idVideoclip,idAtor) Values(11,18);
INSERT INTO VideoclipAtor(idVideoclip,idAtor) Values(12,12);
INSERT INTO VideoclipAtor(idVideoclip,idAtor) Values(13,28);
INSERT INTO VideoclipAtor(idVideoclip,idAtor) Values(14,23);
INSERT INTO VideoclipAtor(idVideoclip,idAtor) Values(15,11);
INSERT INTO VideoclipAtor(idVideoclip,idAtor) Values(16,24);
INSERT INTO VideoclipAtor(idVideoclip,idAtor) Values(16,16);
INSERT INTO VideoclipAtor(idVideoclip,idAtor) Values(17,9);
INSERT INTO VideoclipAtor(idVideoclip,idAtor) Values(18,18);
INSERT INTO VideoclipAtor(idVideoclip,idAtor) Values(19,1);
INSERT INTO VideoclipAtor(idVideoclip,idAtor) Values(19,10);
INSERT INTO VideoclipAtor(idVideoclip,idAtor) Values(20,20);
INSERT INTO VideoclipAtor(idVideoclip,idAtor) Values(20,2);
INSERT INTO VideoclipAtor(idVideoclip,idAtor) Values(21,0);
INSERT INTO VideoclipAtor(idVideoclip,idAtor) Values(21,17);
INSERT INTO VideoclipAtor(idVideoclip,idAtor) Values(22,22);
INSERT INTO VideoclipAtor(idVideoclip,idAtor) Values(22,16);
INSERT INTO VideoclipAtor(idVideoclip,idAtor) Values(22,24);
INSERT INTO VideoclipAtor(idVideoclip,idAtor) Values(23,24);
INSERT INTO VideoclipAtor(idVideoclip,idAtor) Values(24,22);
INSERT INTO VideoclipAtor(idVideoclip,idAtor) Values(25,12);
INSERT INTO VideoclipAtor(idVideoclip,idAtor) Values(26,19);
INSERT INTO VideoclipAtor(idVideoclip,idAtor) Values(26,3);
INSERT INTO VideoclipAtor(idVideoclip,idAtor) Values(27,23);
INSERT INTO VideoclipAtor(idVideoclip,idAtor) Values(27,27);
INSERT INTO VideoclipAtor(idVideoclip,idAtor) Values(27,28);
INSERT INTO VideoclipAtor(idVideoclip,idAtor) Values(28,10);
INSERT INTO VideoclipAtor(idVideoclip,idAtor) Values(29,24);
INSERT INTO VideoclipAtor(idVideoclip,idAtor) Values(29,6);
INSERT INTO VideoclipAtor(idVideoclip,idAtor) Values(30,11);
INSERT INTO VideoclipAtor(idVideoclip,idAtor) Values(30,26);
INSERT INTO VideoclipAtor(idVideoclip,idAtor) Values(31,16);
INSERT INTO VideoclipAtor(idVideoclip,idAtor) Values(31,21);
INSERT INTO VideoclipAtor(idVideoclip,idAtor) Values(31,25);
INSERT INTO VideoclipAtor(idVideoclip,idAtor) Values(32,5);
INSERT INTO VideoclipAtor(idVideoclip,idAtor) Values(33,28);
INSERT INTO VideoclipAtor(idVideoclip,idAtor) Values(34,10);
INSERT INTO VideoclipAtor(idVideoclip,idAtor) Values(35,10);
INSERT INTO VideoclipAtor(idVideoclip,idAtor) Values(35,7);
INSERT INTO VideoclipAtor(idVideoclip,idAtor) Values(35,12);
INSERT INTO VideoclipAtor(idVideoclip,idAtor) Values(36,14);
INSERT INTO VideoclipAtor(idVideoclip,idAtor) Values(37,1);
INSERT INTO VideoclipAtor(idVideoclip,idAtor) Values(37,18);
INSERT INTO VideoclipAtor(idVideoclip,idAtor) Values(37,14);
INSERT INTO VideoclipAtor(idVideoclip,idAtor) Values(38,29);
INSERT INTO VideoclipAtor(idVideoclip,idAtor) Values(38,8);
INSERT INTO VideoclipAtor(idVideoclip,idAtor) Values(38,0);
INSERT INTO VideoclipAtor(idVideoclip,idAtor) Values(39,20);
INSERT INTO VideoclipAtor(idVideoclip,idAtor) Values(40,21);
INSERT INTO VideoclipAtor(idVideoclip,idAtor) Values(40,28);
INSERT INTO VideoclipAtor(idVideoclip,idAtor) Values(41,22);
INSERT INTO VideoclipAtor(idVideoclip,idAtor) Values(41,0);
INSERT INTO VideoclipAtor(idVideoclip,idAtor) Values(41,18);
INSERT INTO VideoclipAtor(idVideoclip,idAtor) Values(42,19);
INSERT INTO VideoclipAtor(idVideoclip,idAtor) Values(42,12);
INSERT INTO VideoclipAtor(idVideoclip,idAtor) Values(42,23);
INSERT INTO VideoclipAtor(idVideoclip,idAtor) Values(43,5);
INSERT INTO VideoclipAtor(idVideoclip,idAtor) Values(44,3);
INSERT INTO VideoclipAtor(idVideoclip,idAtor) Values(44,14);
INSERT INTO VideoclipAtor(idVideoclip,idAtor) Values(45,6);
INSERT INTO VideoclipAtor(idVideoclip,idAtor) Values(46,20);
INSERT INTO VideoclipAtor(idVideoclip,idAtor) Values(47,7);
INSERT INTO VideoclipAtor(idVideoclip,idAtor) Values(47,16);
INSERT INTO VideoclipAtor(idVideoclip,idAtor) Values(48,15);
INSERT INTO VideoclipAtor(idVideoclip,idAtor) Values(49,8);
INSERT INTO VideoclipAtor(idVideoclip,idAtor) Values(49,5);
INSERT INTO VideoclipAtor(idVideoclip,idAtor) Values(49,15);
INSERT INTO VideoclipAtor(idVideoclip,idAtor) Values(50,24);
INSERT INTO VideoclipAtor(idVideoclip,idAtor) Values(51,28);
INSERT INTO VideoclipAtor(idVideoclip,idAtor) Values(51,17);
INSERT INTO VideoclipAtor(idVideoclip,idAtor) Values(52,2);
INSERT INTO VideoclipAtor(idVideoclip,idAtor) Values(53,7);
INSERT INTO VideoclipAtor(idVideoclip,idAtor) Values(54,2);
INSERT INTO VideoclipAtor(idVideoclip,idAtor) Values(54,14);
INSERT INTO VideoclipAtor(idVideoclip,idAtor) Values(55,18);
INSERT INTO VideoclipAtor(idVideoclip,idAtor) Values(55,21);
INSERT INTO VideoclipAtor(idVideoclip,idAtor) Values(56,28);
INSERT INTO VideoclipAtor(idVideoclip,idAtor) Values(57,28);
INSERT INTO VideoclipAtor(idVideoclip,idAtor) Values(58,14);
INSERT INTO VideoclipAtor(idVideoclip,idAtor) Values(58,2);
INSERT INTO VideoclipAtor(idVideoclip,idAtor) Values(58,17);
INSERT INTO VideoclipAtor(idVideoclip,idAtor) Values(59,11);
INSERT INTO VideoclipAtor(idVideoclip,idAtor) Values(60,5);
INSERT INTO VideoclipAtor(idVideoclip,idAtor) Values(60,21);
INSERT INTO VideoclipAtor(idVideoclip,idAtor) Values(61,28);
INSERT INTO VideoclipAtor(idVideoclip,idAtor) Values(62,28);
INSERT INTO VideoclipAtor(idVideoclip,idAtor) Values(62,12);
INSERT INTO VideoclipAtor(idVideoclip,idAtor) Values(62,8);
INSERT INTO VideoclipAtor(idVideoclip,idAtor) Values(63,26);
INSERT INTO VideoclipAtor(idVideoclip,idAtor) Values(63,12);
INSERT INTO VideoclipAtor(idVideoclip,idAtor) Values(63,21);
INSERT INTO VideoclipAtor(idVideoclip,idAtor) Values(64,20);
INSERT INTO VideoclipAtor(idVideoclip,idAtor) Values(65,25);
INSERT INTO VideoclipAtor(idVideoclip,idAtor) Values(65,21);
INSERT INTO VideoclipAtor(idVideoclip,idAtor) Values(65,0);
INSERT INTO VideoclipAtor(idVideoclip,idAtor) Values(66,7);
INSERT INTO VideoclipAtor(idVideoclip,idAtor) Values(67,14);
INSERT INTO VideoclipAtor(idVideoclip,idAtor) Values(67,5);
INSERT INTO VideoclipAtor(idVideoclip,idAtor) Values(67,27);
INSERT INTO VideoclipAtor(idVideoclip,idAtor) Values(68,16);
INSERT INTO VideoclipAtor(idVideoclip,idAtor) Values(68,8);
INSERT INTO VideoclipAtor(idVideoclip,idAtor) Values(69,14);
INSERT INTO VideoclipAtor(idVideoclip,idAtor) Values(69,0);
INSERT INTO VideoclipAtor(idVideoclip,idAtor) Values(70,8);
INSERT INTO VideoclipAtor(idVideoclip,idAtor) Values(71,1);
INSERT INTO VideoclipAtor(idVideoclip,idAtor) Values(71,27);
INSERT INTO VideoclipAtor(idVideoclip,idAtor) Values(72,15);
INSERT INTO VideoclipAtor(idVideoclip,idAtor) Values(72,10);
INSERT INTO VideoclipAtor(idVideoclip,idAtor) Values(73,13);
INSERT INTO VideoclipAtor(idVideoclip,idAtor) Values(74,17);
INSERT INTO VideoclipAtor(idVideoclip,idAtor) Values(74,15);
INSERT INTO VideoclipAtor(idVideoclip,idAtor) Values(75,27);
INSERT INTO VideoclipAtor(idVideoclip,idAtor) Values(76,9);
INSERT INTO VideoclipAtor(idVideoclip,idAtor) Values(76,25);
INSERT INTO VideoclipAtor(idVideoclip,idAtor) Values(77,25);
INSERT INTO VideoclipAtor(idVideoclip,idAtor) Values(78,24);
INSERT INTO VideoclipAtor(idVideoclip,idAtor) Values(78,0);
INSERT INTO VideoclipAtor(idVideoclip,idAtor) Values(79,15);
INSERT INTO VideoclipAtor(idVideoclip,idAtor) Values(80,17);
INSERT INTO VideoclipAtor(idVideoclip,idAtor) Values(80,12);
INSERT INTO VideoclipAtor(idVideoclip,idAtor) Values(81,21);
INSERT INTO VideoclipAtor(idVideoclip,idAtor) Values(81,9);
INSERT INTO VideoclipAtor(idVideoclip,idAtor) Values(81,25);
INSERT INTO VideoclipAtor(idVideoclip,idAtor) Values(82,14);
INSERT INTO VideoclipAtor(idVideoclip,idAtor) Values(82,13);
INSERT INTO VideoclipAtor(idVideoclip,idAtor) Values(82,4);
INSERT INTO VideoclipAtor(idVideoclip,idAtor) Values(83,16);
INSERT INTO VideoclipAtor(idVideoclip,idAtor) Values(83,1);
INSERT INTO VideoclipAtor(idVideoclip,idAtor) Values(83,26);
INSERT INTO VideoclipAtor(idVideoclip,idAtor) Values(84,1);
INSERT INTO VideoclipAtor(idVideoclip,idAtor) Values(84,23);
INSERT INTO VideoclipAtor(idVideoclip,idAtor) Values(84,8);
INSERT INTO VideoclipAtor(idVideoclip,idAtor) Values(85,27);
INSERT INTO VideoclipAtor(idVideoclip,idAtor) Values(85,2);
INSERT INTO VideoclipAtor(idVideoclip,idAtor) Values(85,7);
INSERT INTO VideoclipAtor(idVideoclip,idAtor) Values(86,29);
INSERT INTO VideoclipAtor(idVideoclip,idAtor) Values(86,9);
INSERT INTO VideoclipAtor(idVideoclip,idAtor) Values(87,1);
INSERT INTO VideoclipAtor(idVideoclip,idAtor) Values(87,2);
INSERT INTO VideoclipAtor(idVideoclip,idAtor) Values(88,11);
INSERT INTO VideoclipAtor(idVideoclip,idAtor) Values(89,25);
INSERT INTO VideoclipAtor(idVideoclip,idAtor) Values(89,13);
INSERT INTO VideoclipAtor(idVideoclip,idAtor) Values(90,15);
INSERT INTO VideoclipAtor(idVideoclip,idAtor) Values(90,17);
INSERT INTO VideoclipAtor(idVideoclip,idAtor) Values(91,1);
INSERT INTO VideoclipAtor(idVideoclip,idAtor) Values(91,2);
INSERT INTO VideoclipAtor(idVideoclip,idAtor) Values(92,5);
INSERT INTO VideoclipAtor(idVideoclip,idAtor) Values(93,27);
INSERT INTO VideoclipAtor(idVideoclip,idAtor) Values(93,6);
INSERT INTO VideoclipAtor(idVideoclip,idAtor) Values(93,14);
INSERT INTO VideoclipAtor(idVideoclip,idAtor) Values(94,1);
INSERT INTO VideoclipAtor(idVideoclip,idAtor) Values(94,10);
INSERT INTO VideoclipAtor(idVideoclip,idAtor) Values(95,6);
INSERT INTO VideoclipAtor(idVideoclip,idAtor) Values(96,22);
INSERT INTO VideoclipAtor(idVideoclip,idAtor) Values(96,1);
INSERT INTO VideoclipAtor(idVideoclip,idAtor) Values(96,16);
INSERT INTO VideoclipAtor(idVideoclip,idAtor) Values(97,6);
INSERT INTO VideoclipAtor(idVideoclip,idAtor) Values(97,15);
INSERT INTO VideoclipAtor(idVideoclip,idAtor) Values(98,19);
INSERT INTO VideoclipAtor(idVideoclip,idAtor) Values(98,27);
INSERT INTO VideoclipAtor(idVideoclip,idAtor) Values(98,25);
INSERT INTO VideoclipAtor(idVideoclip,idAtor) Values(99,28);
INSERT INTO VideoclipAtor(idVideoclip,idAtor) Values(99,27);
INSERT INTO VideoclipAtor(idVideoclip,idAtor) Values(100,3);
INSERT INTO VideoclipAtor(idVideoclip,idAtor) Values(100,23);
INSERT INTO VideoclipAtor(idVideoclip,idAtor) Values(101,7);
INSERT INTO VideoclipAtor(idVideoclip,idAtor) Values(102,16);
INSERT INTO VideoclipAtor(idVideoclip,idAtor) Values(103,2);
INSERT INTO VideoclipAtor(idVideoclip,idAtor) Values(103,10);
INSERT INTO VideoclipAtor(idVideoclip,idAtor) Values(103,19);
INSERT INTO VideoclipAtor(idVideoclip,idAtor) Values(104,4);
INSERT INTO VideoclipAtor(idVideoclip,idAtor) Values(105,19);
INSERT INTO VideoclipAtor(idVideoclip,idAtor) Values(105,6);
INSERT INTO VideoclipAtor(idVideoclip,idAtor) Values(105,21);
INSERT INTO VideoclipAtor(idVideoclip,idAtor) Values(106,1);
INSERT INTO VideoclipAtor(idVideoclip,idAtor) Values(106,6);
INSERT INTO VideoclipAtor(idVideoclip,idAtor) Values(107,28);
INSERT INTO VideoclipAtor(idVideoclip,idAtor) Values(107,27);
INSERT INTO VideoclipAtor(idVideoclip,idAtor) Values(108,27);
INSERT INTO VideoclipAtor(idVideoclip,idAtor) Values(109,1);
INSERT INTO VideoclipAtor(idVideoclip,idAtor) Values(109,0);
INSERT INTO VideoclipAtor(idVideoclip,idAtor) Values(110,7);
INSERT INTO VideoclipAtor(idVideoclip,idAtor) Values(110,12);
INSERT INTO VideoclipAtor(idVideoclip,idAtor) Values(111,29);
INSERT INTO VideoclipAtor(idVideoclip,idAtor) Values(111,14);
INSERT INTO VideoclipAtor(idVideoclip,idAtor) Values(111,4);
INSERT INTO VideoclipAtor(idVideoclip,idAtor) Values(112,20);
INSERT INTO VideoclipAtor(idVideoclip,idAtor) Values(113,4);
INSERT INTO VideoclipAtor(idVideoclip,idAtor) Values(114,15);
INSERT INTO VideoclipAtor(idVideoclip,idAtor) Values(115,25);
INSERT INTO VideoclipAtor(idVideoclip,idAtor) Values(115,0);
INSERT INTO VideoclipAtor(idVideoclip,idAtor) Values(115,10);
INSERT INTO VideoclipAtor(idVideoclip,idAtor) Values(116,21);
INSERT INTO VideoclipAtor(idVideoclip,idAtor) Values(116,16);
INSERT INTO VideoclipAtor(idVideoclip,idAtor) Values(116,8);
INSERT INTO VideoclipAtor(idVideoclip,idAtor) Values(117,15);
INSERT INTO VideoclipAtor(idVideoclip,idAtor) Values(118,0);
INSERT INTO VideoclipAtor(idVideoclip,idAtor) Values(118,28);
INSERT INTO VideoclipAtor(idVideoclip,idAtor) Values(119,23);
INSERT INTO VideoclipAtor(idVideoclip,idAtor) Values(119,24);
INSERT INTO VideoclipAtor(idVideoclip,idAtor) Values(119,4);
INSERT INTO VideoclipAtor(idVideoclip,idAtor) Values(120,1);
INSERT INTO VideoclipAtor(idVideoclip,idAtor) Values(120,28);
INSERT INTO VideoclipAtor(idVideoclip,idAtor) Values(121,10);
INSERT INTO VideoclipAtor(idVideoclip,idAtor) Values(122,4);
INSERT INTO VideoclipAtor(idVideoclip,idAtor) Values(122,18);
INSERT INTO VideoclipAtor(idVideoclip,idAtor) Values(122,12);
INSERT INTO VideoclipAtor(idVideoclip,idAtor) Values(123,14);
INSERT INTO VideoclipAtor(idVideoclip,idAtor) Values(123,9);
INSERT INTO VideoclipAtor(idVideoclip,idAtor) Values(124,27);
INSERT INTO VideoclipAtor(idVideoclip,idAtor) Values(124,1);
INSERT INTO VideoclipAtor(idVideoclip,idAtor) Values(125,17);
INSERT INTO VideoclipAtor(idVideoclip,idAtor) Values(125,23);
INSERT INTO VideoclipAtor(idVideoclip,idAtor) Values(125,27);
INSERT INTO VideoclipAtor(idVideoclip,idAtor) Values(126,3);
INSERT INTO VideoclipAtor(idVideoclip,idAtor) Values(126,11);
INSERT INTO VideoclipAtor(idVideoclip,idAtor) Values(127,15);
INSERT INTO VideoclipAtor(idVideoclip,idAtor) Values(128,27);
INSERT INTO VideoclipAtor(idVideoclip,idAtor) Values(128,17);
INSERT INTO VideoclipAtor(idVideoclip,idAtor) Values(129,15);
INSERT INTO VideoclipAtor(idVideoclip,idAtor) Values(129,20);
INSERT INTO VideoclipAtor(idVideoclip,idAtor) Values(129,3);
INSERT INTO VideoclipAtor(idVideoclip,idAtor) Values(130,9);
INSERT INTO VideoclipAtor(idVideoclip,idAtor) Values(130,21);
INSERT INTO VideoclipAtor(idVideoclip,idAtor) Values(131,19);
INSERT INTO VideoclipAtor(idVideoclip,idAtor) Values(131,29);
INSERT INTO VideoclipAtor(idVideoclip,idAtor) Values(132,24);
INSERT INTO VideoclipAtor(idVideoclip,idAtor) Values(132,4);
INSERT INTO VideoclipAtor(idVideoclip,idAtor) Values(132,1);
INSERT INTO VideoclipAtor(idVideoclip,idAtor) Values(133,21);
INSERT INTO VideoclipAtor(idVideoclip,idAtor) Values(134,18);
INSERT INTO VideoclipAtor(idVideoclip,idAtor) Values(134,7);
INSERT INTO VideoclipAtor(idVideoclip,idAtor) Values(134,11);
INSERT INTO VideoclipAtor(idVideoclip,idAtor) Values(135,8);
INSERT INTO VideoclipAtor(idVideoclip,idAtor) Values(136,16);
INSERT INTO VideoclipAtor(idVideoclip,idAtor) Values(136,24);
INSERT INTO VideoclipAtor(idVideoclip,idAtor) Values(136,29);
INSERT INTO VideoclipAtor(idVideoclip,idAtor) Values(137,23);
INSERT INTO VideoclipAtor(idVideoclip,idAtor) Values(137,0);
INSERT INTO VideoclipAtor(idVideoclip,idAtor) Values(137,26);
INSERT INTO VideoclipAtor(idVideoclip,idAtor) Values(138,6);
INSERT INTO VideoclipAtor(idVideoclip,idAtor) Values(138,19);
INSERT INTO VideoclipAtor(idVideoclip,idAtor) Values(138,5);
INSERT INTO VideoclipAtor(idVideoclip,idAtor) Values(139,15);
INSERT INTO VideoclipAtor(idVideoclip,idAtor) Values(140,23);
INSERT INTO VideoclipAtor(idVideoclip,idAtor) Values(141,23);
INSERT INTO VideoclipAtor(idVideoclip,idAtor) Values(142,3);
INSERT INTO VideoclipAtor(idVideoclip,idAtor) Values(143,18);
INSERT INTO VideoclipAtor(idVideoclip,idAtor) Values(143,15);
INSERT INTO VideoclipAtor(idVideoclip,idAtor) Values(143,17);
INSERT INTO VideoclipAtor(idVideoclip,idAtor) Values(144,24);
INSERT INTO VideoclipAtor(idVideoclip,idAtor) Values(145,16);
INSERT INTO VideoclipAtor(idVideoclip,idAtor) Values(145,17);
INSERT INTO VideoclipAtor(idVideoclip,idAtor) Values(145,6);
INSERT INTO VideoclipAtor(idVideoclip,idAtor) Values(146,28);
INSERT INTO VideoclipAtor(idVideoclip,idAtor) Values(146,5);
INSERT INTO VideoclipAtor(idVideoclip,idAtor) Values(147,11);
INSERT INTO VideoclipAtor(idVideoclip,idAtor) Values(147,5);
INSERT INTO VideoclipAtor(idVideoclip,idAtor) Values(147,23);
INSERT INTO VideoclipAtor(idVideoclip,idAtor) Values(148,23);
INSERT INTO VideoclipAtor(idVideoclip,idAtor) Values(149,5);
INSERT INTO VideoclipAtor(idVideoclip,idAtor) Values(149,10);
INSERT INTO VideoclipAtor(idVideoclip,idAtor) Values(149,8);
INSERT INTO VideoclipAtor(idVideoclip,idAtor) Values(150,6);
INSERT INTO VideoclipAtor(idVideoclip,idAtor) Values(150,8);
INSERT INTO VideoclipAtor(idVideoclip,idAtor) Values(151,24);
INSERT INTO VideoclipAtor(idVideoclip,idAtor) Values(151,0);
INSERT INTO VideoclipAtor(idVideoclip,idAtor) Values(151,20);
INSERT INTO VideoclipAtor(idVideoclip,idAtor) Values(152,18);
INSERT INTO VideoclipAtor(idVideoclip,idAtor) Values(152,27);
INSERT INTO VideoclipAtor(idVideoclip,idAtor) Values(152,3);
INSERT INTO VideoclipAtor(idVideoclip,idAtor) Values(153,25);
INSERT INTO VideoclipAtor(idVideoclip,idAtor) Values(154,14);
INSERT INTO VideoclipAtor(idVideoclip,idAtor) Values(154,5);
INSERT INTO VideoclipAtor(idVideoclip,idAtor) Values(154,11);
INSERT INTO VideoclipAtor(idVideoclip,idAtor) Values(155,11);
INSERT INTO VideoclipAtor(idVideoclip,idAtor) Values(155,5);
INSERT INTO VideoclipAtor(idVideoclip,idAtor) Values(156,24);
INSERT INTO VideoclipAtor(idVideoclip,idAtor) Values(156,26);
INSERT INTO VideoclipAtor(idVideoclip,idAtor) Values(156,7);
INSERT INTO VideoclipAtor(idVideoclip,idAtor) Values(157,24);
INSERT INTO VideoclipAtor(idVideoclip,idAtor) Values(157,21);
INSERT INTO VideoclipAtor(idVideoclip,idAtor) Values(157,14);
INSERT INTO VideoclipAtor(idVideoclip,idAtor) Values(158,2);
INSERT INTO VideoclipAtor(idVideoclip,idAtor) Values(158,28);
INSERT INTO VideoclipAtor(idVideoclip,idAtor) Values(159,24);
INSERT INTO VideoclipAtor(idVideoclip,idAtor) Values(159,1);
INSERT INTO VideoclipAtor(idVideoclip,idAtor) Values(159,3);
INSERT INTO VideoclipAtor(idVideoclip,idAtor) Values(160,7);
INSERT INTO VideoclipAtor(idVideoclip,idAtor) Values(161,5);
INSERT INTO VideoclipAtor(idVideoclip,idAtor) Values(161,13);
INSERT INTO VideoclipAtor(idVideoclip,idAtor) Values(161,17);
INSERT INTO VideoclipAtor(idVideoclip,idAtor) Values(162,3);
INSERT INTO VideoclipAtor(idVideoclip,idAtor) Values(163,19);
INSERT INTO VideoclipAtor(idVideoclip,idAtor) Values(163,7);
INSERT INTO VideoclipAtor(idVideoclip,idAtor) Values(164,1);
INSERT INTO VideoclipAtor(idVideoclip,idAtor) Values(164,20);
INSERT INTO VideoclipAtor(idVideoclip,idAtor) Values(165,28);
INSERT INTO VideoclipAtor(idVideoclip,idAtor) Values(165,8);
INSERT INTO VideoclipAtor(idVideoclip,idAtor) Values(166,27);
INSERT INTO VideoclipAtor(idVideoclip,idAtor) Values(166,19);
INSERT INTO VideoclipAtor(idVideoclip,idAtor) Values(167,28);
INSERT INTO VideoclipAtor(idVideoclip,idAtor) Values(167,24);
INSERT INTO VideoclipAtor(idVideoclip,idAtor) Values(167,19);
INSERT INTO VideoclipAtor(idVideoclip,idAtor) Values(168,24);
INSERT INTO VideoclipAtor(idVideoclip,idAtor) Values(168,20);
INSERT INTO VideoclipAtor(idVideoclip,idAtor) Values(169,22);
INSERT INTO VideoclipAtor(idVideoclip,idAtor) Values(170,1);
INSERT INTO VideoclipAtor(idVideoclip,idAtor) Values(171,27);
INSERT INTO VideoclipAtor(idVideoclip,idAtor) Values(172,3);
INSERT INTO VideoclipAtor(idVideoclip,idAtor) Values(172,21);
INSERT INTO VideoclipAtor(idVideoclip,idAtor) Values(173,9);
INSERT INTO VideoclipAtor(idVideoclip,idAtor) Values(173,21);
INSERT INTO VideoclipAtor(idVideoclip,idAtor) Values(173,11);
INSERT INTO VideoclipAtor(idVideoclip,idAtor) Values(174,6);
INSERT INTO VideoclipAtor(idVideoclip,idAtor) Values(174,25);
INSERT INTO VideoclipAtor(idVideoclip,idAtor) Values(174,4);
INSERT INTO VideoclipAtor(idVideoclip,idAtor) Values(175,11);
INSERT INTO VideoclipAtor(idVideoclip,idAtor) Values(176,9);
INSERT INTO VideoclipAtor(idVideoclip,idAtor) Values(176,23);
INSERT INTO VideoclipAtor(idVideoclip,idAtor) Values(177,16);
INSERT INTO VideoclipAtor(idVideoclip,idAtor) Values(177,13);
INSERT INTO VideoclipAtor(idVideoclip,idAtor) Values(178,9);
INSERT INTO VideoclipAtor(idVideoclip,idAtor) Values(179,12);
INSERT INTO VideoclipAtor(idVideoclip,idAtor) Values(179,9);
INSERT INTO VideoclipAtor(idVideoclip,idAtor) Values(179,6);
INSERT INTO VideoclipAtor(idVideoclip,idAtor) Values(180,21);
INSERT INTO VideoclipAtor(idVideoclip,idAtor) Values(180,1);
INSERT INTO VideoclipAtor(idVideoclip,idAtor) Values(181,11);
INSERT INTO VideoclipAtor(idVideoclip,idAtor) Values(182,12);
INSERT INTO VideoclipAtor(idVideoclip,idAtor) Values(182,29);
INSERT INTO VideoclipAtor(idVideoclip,idAtor) Values(182,14);
INSERT INTO VideoclipAtor(idVideoclip,idAtor) Values(183,22);
INSERT INTO VideoclipAtor(idVideoclip,idAtor) Values(183,24);
INSERT INTO VideoclipAtor(idVideoclip,idAtor) Values(184,7);
INSERT INTO VideoclipAtor(idVideoclip,idAtor) Values(184,29);
INSERT INTO VideoclipAtor(idVideoclip,idAtor) Values(184,22);
INSERT INTO VideoclipAtor(idVideoclip,idAtor) Values(185,8);
INSERT INTO VideoclipAtor(idVideoclip,idAtor) Values(186,3);
INSERT INTO VideoclipAtor(idVideoclip,idAtor) Values(187,19);
INSERT INTO VideoclipAtor(idVideoclip,idAtor) Values(187,12);
INSERT INTO VideoclipAtor(idVideoclip,idAtor) Values(188,24);
INSERT INTO VideoclipAtor(idVideoclip,idAtor) Values(188,22);
INSERT INTO VideoclipAtor(idVideoclip,idAtor) Values(188,29);
INSERT INTO VideoclipAtor(idVideoclip,idAtor) Values(189,3);
INSERT INTO VideoclipAtor(idVideoclip,idAtor) Values(190,27);
INSERT INTO VideoclipAtor(idVideoclip,idAtor) Values(190,21);
INSERT INTO VideoclipAtor(idVideoclip,idAtor) Values(191,13);
INSERT INTO VideoclipAtor(idVideoclip,idAtor) Values(191,1);
INSERT INTO VideoclipAtor(idVideoclip,idAtor) Values(191,19);
INSERT INTO VideoclipAtor(idVideoclip,idAtor) Values(192,29);
INSERT INTO VideoclipAtor(idVideoclip,idAtor) Values(193,20);
INSERT INTO VideoclipAtor(idVideoclip,idAtor) Values(193,16);
INSERT INTO VideoclipAtor(idVideoclip,idAtor) Values(193,19);
INSERT INTO VideoclipAtor(idVideoclip,idAtor) Values(194,29);
INSERT INTO VideoclipAtor(idVideoclip,idAtor) Values(194,17);
INSERT INTO VideoclipAtor(idVideoclip,idAtor) Values(194,18);
INSERT INTO VideoclipAtor(idVideoclip,idAtor) Values(195,22);
INSERT INTO VideoclipAtor(idVideoclip,idAtor) Values(195,10);
INSERT INTO VideoclipAtor(idVideoclip,idAtor) Values(196,14);
INSERT INTO VideoclipAtor(idVideoclip,idAtor) Values(196,18);
INSERT INTO VideoclipAtor(idVideoclip,idAtor) Values(196,10);
INSERT INTO VideoclipAtor(idVideoclip,idAtor) Values(197,9);
INSERT INTO VideoclipAtor(idVideoclip,idAtor) Values(198,2);
INSERT INTO VideoclipAtor(idVideoclip,idAtor) Values(199,13);
INSERT INTO VideoclipAtor(idVideoclip,idAtor) Values(200,16);
INSERT INTO VideoclipAtor(idVideoclip,idAtor) Values(200,11);
INSERT INTO VideoclipAtor(idVideoclip,idAtor) Values(201,13);
INSERT INTO VideoclipAtor(idVideoclip,idAtor) Values(201,21);
INSERT INTO VideoclipAtor(idVideoclip,idAtor) Values(201,29);
INSERT INTO VideoclipAtor(idVideoclip,idAtor) Values(202,25);
INSERT INTO VideoclipAtor(idVideoclip,idAtor) Values(203,22);
INSERT INTO VideoclipAtor(idVideoclip,idAtor) Values(204,23);
INSERT INTO VideoclipAtor(idVideoclip,idAtor) Values(204,15);
INSERT INTO VideoclipAtor(idVideoclip,idAtor) Values(205,23);
INSERT INTO VideoclipAtor(idVideoclip,idAtor) Values(205,3);
INSERT INTO VideoclipAtor(idVideoclip,idAtor) Values(206,23);
INSERT INTO VideoclipAtor(idVideoclip,idAtor) Values(206,22);
INSERT INTO VideoclipAtor(idVideoclip,idAtor) Values(206,14);
INSERT INTO VideoclipAtor(idVideoclip,idAtor) Values(207,17);
INSERT INTO VideoclipAtor(idVideoclip,idAtor) Values(207,19);
INSERT INTO VideoclipAtor(idVideoclip,idAtor) Values(208,6);
INSERT INTO VideoclipAtor(idVideoclip,idAtor) Values(208,12);
INSERT INTO VideoclipAtor(idVideoclip,idAtor) Values(209,9);
INSERT INTO VideoclipAtor(idVideoclip,idAtor) Values(209,4);
INSERT INTO VideoclipAtor(idVideoclip,idAtor) Values(210,10);
INSERT INTO VideoclipAtor(idVideoclip,idAtor) Values(211,19);
INSERT INTO VideoclipAtor(idVideoclip,idAtor) Values(212,14);
INSERT INTO VideoclipAtor(idVideoclip,idAtor) Values(213,11);
INSERT INTO VideoclipAtor(idVideoclip,idAtor) Values(213,15);
INSERT INTO VideoclipAtor(idVideoclip,idAtor) Values(214,14);
INSERT INTO VideoclipAtor(idVideoclip,idAtor) Values(214,4);
INSERT INTO VideoclipAtor(idVideoclip,idAtor) Values(214,18);
INSERT INTO VideoclipAtor(idVideoclip,idAtor) Values(215,3);
INSERT INTO VideoclipAtor(idVideoclip,idAtor) Values(216,20);
INSERT INTO VideoclipAtor(idVideoclip,idAtor) Values(217,27);
INSERT INTO VideoclipAtor(idVideoclip,idAtor) Values(217,28);
INSERT INTO VideoclipAtor(idVideoclip,idAtor) Values(218,15);
INSERT INTO VideoclipAtor(idVideoclip,idAtor) Values(218,29);
INSERT INTO VideoclipAtor(idVideoclip,idAtor) Values(219,24);
INSERT INTO VideoclipAtor(idVideoclip,idAtor) Values(220,0);
INSERT INTO VideoclipAtor(idVideoclip,idAtor) Values(220,1);
INSERT INTO VideoclipAtor(idVideoclip,idAtor) Values(220,8);
INSERT INTO VideoclipAtor(idVideoclip,idAtor) Values(221,19);
INSERT INTO VideoclipAtor(idVideoclip,idAtor) Values(222,3);
INSERT INTO VideoclipAtor(idVideoclip,idAtor) Values(222,20);
INSERT INTO VideoclipAtor(idVideoclip,idAtor) Values(222,6);
INSERT INTO VideoclipAtor(idVideoclip,idAtor) Values(223,3);
INSERT INTO VideoclipAtor(idVideoclip,idAtor) Values(224,10);
INSERT INTO VideoclipAtor(idVideoclip,idAtor) Values(225,3);
INSERT INTO VideoclipAtor(idVideoclip,idAtor) Values(226,26);
INSERT INTO VideoclipAtor(idVideoclip,idAtor) Values(226,27);
INSERT INTO VideoclipAtor(idVideoclip,idAtor) Values(227,6);
INSERT INTO VideoclipAtor(idVideoclip,idAtor) Values(227,4);
INSERT INTO VideoclipAtor(idVideoclip,idAtor) Values(228,2);
INSERT INTO VideoclipAtor(idVideoclip,idAtor) Values(228,12);
INSERT INTO VideoclipAtor(idVideoclip,idAtor) Values(228,22);
INSERT INTO VideoclipAtor(idVideoclip,idAtor) Values(229,9);
INSERT INTO VideoclipAtor(idVideoclip,idAtor) Values(229,5);
INSERT INTO VideoclipAtor(idVideoclip,idAtor) Values(230,25);
INSERT INTO VideoclipAtor(idVideoclip,idAtor) Values(231,5);
INSERT INTO VideoclipAtor(idVideoclip,idAtor) Values(231,22);
INSERT INTO VideoclipAtor(idVideoclip,idAtor) Values(231,27);
INSERT INTO VideoclipAtor(idVideoclip,idAtor) Values(232,3);
INSERT INTO VideoclipAtor(idVideoclip,idAtor) Values(233,25);
INSERT INTO VideoclipAtor(idVideoclip,idAtor) Values(234,18);
INSERT INTO VideoclipAtor(idVideoclip,idAtor) Values(234,20);
INSERT INTO VideoclipAtor(idVideoclip,idAtor) Values(234,14);
INSERT INTO VideoclipAtor(idVideoclip,idAtor) Values(235,11);
INSERT INTO VideoclipAtor(idVideoclip,idAtor) Values(235,13);
INSERT INTO VideoclipAtor(idVideoclip,idAtor) Values(236,18);
INSERT INTO VideoclipAtor(idVideoclip,idAtor) Values(236,17);
INSERT INTO VideoclipAtor(idVideoclip,idAtor) Values(236,27);
INSERT INTO VideoclipAtor(idVideoclip,idAtor) Values(237,6);
INSERT INTO VideoclipAtor(idVideoclip,idAtor) Values(237,20);
INSERT INTO VideoclipAtor(idVideoclip,idAtor) Values(237,7);
INSERT INTO VideoclipAtor(idVideoclip,idAtor) Values(238,26);
INSERT INTO VideoclipAtor(idVideoclip,idAtor) Values(238,3);
INSERT INTO VideoclipAtor(idVideoclip,idAtor) Values(239,22);
INSERT INTO VideoclipAtor(idVideoclip,idAtor) Values(239,1);
INSERT INTO VideoclipAtor(idVideoclip,idAtor) Values(239,12);
INSERT INTO VideoclipAtor(idVideoclip,idAtor) Values(240,7);
INSERT INTO VideoclipAtor(idVideoclip,idAtor) Values(241,10);
INSERT INTO VideoclipAtor(idVideoclip,idAtor) Values(241,27);
INSERT INTO VideoclipAtor(idVideoclip,idAtor) Values(241,8);
INSERT INTO VideoclipAtor(idVideoclip,idAtor) Values(242,8);
INSERT INTO VideoclipAtor(idVideoclip,idAtor) Values(243,26);
INSERT INTO VideoclipAtor(idVideoclip,idAtor) Values(243,17);
INSERT INTO VideoclipAtor(idVideoclip,idAtor) Values(243,21);
INSERT INTO VideoclipAtor(idVideoclip,idAtor) Values(244,10);
INSERT INTO VideoclipAtor(idVideoclip,idAtor) Values(244,13);
INSERT INTO VideoclipAtor(idVideoclip,idAtor) Values(245,13);
INSERT INTO VideoclipAtor(idVideoclip,idAtor) Values(245,27);
INSERT INTO VideoclipAtor(idVideoclip,idAtor) Values(246,9);
INSERT INTO VideoclipAtor(idVideoclip,idAtor) Values(246,2);
INSERT INTO VideoclipAtor(idVideoclip,idAtor) Values(247,16);
INSERT INTO VideoclipAtor(idVideoclip,idAtor) Values(247,28);
INSERT INTO VideoclipAtor(idVideoclip,idAtor) Values(248,10);
INSERT INTO VideoclipAtor(idVideoclip,idAtor) Values(248,6);
INSERT INTO VideoclipAtor(idVideoclip,idAtor) Values(248,7);
INSERT INTO VideoclipAtor(idVideoclip,idAtor) Values(249,23);
INSERT INTO VideoclipAtor(idVideoclip,idAtor) Values(249,8);
INSERT INTO VideoclipAtor(idVideoclip,idAtor) Values(250,6);
INSERT INTO VideoclipAtor(idVideoclip,idAtor) Values(251,13);
INSERT INTO VideoclipAtor(idVideoclip,idAtor) Values(251,7);
INSERT INTO VideoclipAtor(idVideoclip,idAtor) Values(251,12);
INSERT INTO VideoclipAtor(idVideoclip,idAtor) Values(252,16);
INSERT INTO VideoclipAtor(idVideoclip,idAtor) Values(252,8);
INSERT INTO VideoclipAtor(idVideoclip,idAtor) Values(253,6);
INSERT INTO VideoclipAtor(idVideoclip,idAtor) Values(253,17);
INSERT INTO VideoclipAtor(idVideoclip,idAtor) Values(253,18);
INSERT INTO VideoclipAtor(idVideoclip,idAtor) Values(254,12);
INSERT INTO VideoclipAtor(idVideoclip,idAtor) Values(254,14);
INSERT INTO VideoclipAtor(idVideoclip,idAtor) Values(254,13);
INSERT INTO VideoclipAtor(idVideoclip,idAtor) Values(255,10);
INSERT INTO VideoclipAtor(idVideoclip,idAtor) Values(256,23);
INSERT INTO VideoclipAtor(idVideoclip,idAtor) Values(256,1);
INSERT INTO VideoclipAtor(idVideoclip,idAtor) Values(256,9);
INSERT INTO VideoclipAtor(idVideoclip,idAtor) Values(257,25);
INSERT INTO VideoclipAtor(idVideoclip,idAtor) Values(258,18);
INSERT INTO VideoclipAtor(idVideoclip,idAtor) Values(258,27);
INSERT INTO VideoclipAtor(idVideoclip,idAtor) Values(259,3);
INSERT INTO VideoclipAtor(idVideoclip,idAtor) Values(259,16);
INSERT INTO VideoclipAtor(idVideoclip,idAtor) Values(260,9);
INSERT INTO VideoclipAtor(idVideoclip,idAtor) Values(260,11);
INSERT INTO VideoclipAtor(idVideoclip,idAtor) Values(260,0);
INSERT INTO VideoclipAtor(idVideoclip,idAtor) Values(261,25);
INSERT INTO VideoclipAtor(idVideoclip,idAtor) Values(261,1);
INSERT INTO VideoclipAtor(idVideoclip,idAtor) Values(262,2);
INSERT INTO VideoclipAtor(idVideoclip,idAtor) Values(262,3);
INSERT INTO VideoclipAtor(idVideoclip,idAtor) Values(263,11);
INSERT INTO VideoclipAtor(idVideoclip,idAtor) Values(263,25);
INSERT INTO VideoclipAtor(idVideoclip,idAtor) Values(263,14);
INSERT INTO VideoclipAtor(idVideoclip,idAtor) Values(264,14);
INSERT INTO VideoclipAtor(idVideoclip,idAtor) Values(264,21);
INSERT INTO VideoclipAtor(idVideoclip,idAtor) Values(264,22);
INSERT INTO VideoclipAtor(idVideoclip,idAtor) Values(265,1);
INSERT INTO VideoclipAtor(idVideoclip,idAtor) Values(265,21);
INSERT INTO VideoclipAtor(idVideoclip,idAtor) Values(266,19);
INSERT INTO VideoclipAtor(idVideoclip,idAtor) Values(267,11);
INSERT INTO VideoclipAtor(idVideoclip,idAtor) Values(267,7);
INSERT INTO VideoclipAtor(idVideoclip,idAtor) Values(267,21);
INSERT INTO VideoclipAtor(idVideoclip,idAtor) Values(268,22);
INSERT INTO VideoclipAtor(idVideoclip,idAtor) Values(269,14);
INSERT INTO VideoclipAtor(idVideoclip,idAtor) Values(269,11);
INSERT INTO VideoclipAtor(idVideoclip,idAtor) Values(270,18);
INSERT INTO VideoclipAtor(idVideoclip,idAtor) Values(270,0);
INSERT INTO VideoclipAtor(idVideoclip,idAtor) Values(270,8);
INSERT INTO VideoclipAtor(idVideoclip,idAtor) Values(271,0);
INSERT INTO VideoclipAtor(idVideoclip,idAtor) Values(272,17);
INSERT INTO VideoclipAtor(idVideoclip,idAtor) Values(272,19);
INSERT INTO VideoclipAtor(idVideoclip,idAtor) Values(272,20);
INSERT INTO VideoclipAtor(idVideoclip,idAtor) Values(273,29);
INSERT INTO VideoclipAtor(idVideoclip,idAtor) Values(274,21);
INSERT INTO VideoclipAtor(idVideoclip,idAtor) Values(275,19);
INSERT INTO VideoclipAtor(idVideoclip,idAtor) Values(276,11);
INSERT INTO VideoclipAtor(idVideoclip,idAtor) Values(276,2);
INSERT INTO VideoclipAtor(idVideoclip,idAtor) Values(276,22);
INSERT INTO VideoclipAtor(idVideoclip,idAtor) Values(277,22);
INSERT INTO VideoclipAtor(idVideoclip,idAtor) Values(278,22);
INSERT INTO VideoclipAtor(idVideoclip,idAtor) Values(279,14);
INSERT INTO VideoclipAtor(idVideoclip,idAtor) Values(280,9);
INSERT INTO VideoclipAtor(idVideoclip,idAtor) Values(280,13);
INSERT INTO VideoclipAtor(idVideoclip,idAtor) Values(281,25);
INSERT INTO VideoclipAtor(idVideoclip,idAtor) Values(282,19);
INSERT INTO VideoclipAtor(idVideoclip,idAtor) Values(283,25);
INSERT INTO VideoclipAtor(idVideoclip,idAtor) Values(284,13);
INSERT INTO VideoclipAtor(idVideoclip,idAtor) Values(284,24);
INSERT INTO VideoclipAtor(idVideoclip,idAtor) Values(284,21);
INSERT INTO VideoclipAtor(idVideoclip,idAtor) Values(285,7);
INSERT INTO VideoclipAtor(idVideoclip,idAtor) Values(285,13);
INSERT INTO VideoclipAtor(idVideoclip,idAtor) Values(286,20);
INSERT INTO VideoclipAtor(idVideoclip,idAtor) Values(286,22);
INSERT INTO VideoclipAtor(idVideoclip,idAtor) Values(286,25);
INSERT INTO VideoclipAtor(idVideoclip,idAtor) Values(287,8);
INSERT INTO VideoclipAtor(idVideoclip,idAtor) Values(287,3);
INSERT INTO VideoclipAtor(idVideoclip,idAtor) Values(287,29);
INSERT INTO VideoclipAtor(idVideoclip,idAtor) Values(288,6);
INSERT INTO VideoclipAtor(idVideoclip,idAtor) Values(288,13);
INSERT INTO VideoclipAtor(idVideoclip,idAtor) Values(289,16);
INSERT INTO VideoclipAtor(idVideoclip,idAtor) Values(289,15);
INSERT INTO VideoclipAtor(idVideoclip,idAtor) Values(289,2);
INSERT INTO VideoclipAtor(idVideoclip,idAtor) Values(290,23);
-- Table: VideoclipProdutor
INSERT INTO VideoclipProdutor(idVideoclip,idProdutor) Values(0,1);
INSERT INTO VideoclipProdutor(idVideoclip,idProdutor) Values(0,0);
INSERT INTO VideoclipProdutor(idVideoclip,idProdutor) Values(0,28);
INSERT INTO VideoclipProdutor(idVideoclip,idProdutor) Values(1,21);
INSERT INTO VideoclipProdutor(idVideoclip,idProdutor) Values(1,7);
INSERT INTO VideoclipProdutor(idVideoclip,idProdutor) Values(2,11);
INSERT INTO VideoclipProdutor(idVideoclip,idProdutor) Values(2,3);
INSERT INTO VideoclipProdutor(idVideoclip,idProdutor) Values(3,5);
INSERT INTO VideoclipProdutor(idVideoclip,idProdutor) Values(3,26);
INSERT INTO VideoclipProdutor(idVideoclip,idProdutor) Values(3,17);
INSERT INTO VideoclipProdutor(idVideoclip,idProdutor) Values(4,6);
INSERT INTO VideoclipProdutor(idVideoclip,idProdutor) Values(4,2);
INSERT INTO VideoclipProdutor(idVideoclip,idProdutor) Values(5,20);
INSERT INTO VideoclipProdutor(idVideoclip,idProdutor) Values(5,17);
INSERT INTO VideoclipProdutor(idVideoclip,idProdutor) Values(6,27);
INSERT INTO VideoclipProdutor(idVideoclip,idProdutor) Values(6,2);
INSERT INTO VideoclipProdutor(idVideoclip,idProdutor) Values(7,0);
INSERT INTO VideoclipProdutor(idVideoclip,idProdutor) Values(7,7);
INSERT INTO VideoclipProdutor(idVideoclip,idProdutor) Values(7,20);
INSERT INTO VideoclipProdutor(idVideoclip,idProdutor) Values(8,27);
INSERT INTO VideoclipProdutor(idVideoclip,idProdutor) Values(8,29);
INSERT INTO VideoclipProdutor(idVideoclip,idProdutor) Values(9,6);
INSERT INTO VideoclipProdutor(idVideoclip,idProdutor) Values(9,19);
INSERT INTO VideoclipProdutor(idVideoclip,idProdutor) Values(9,20);
INSERT INTO VideoclipProdutor(idVideoclip,idProdutor) Values(10,8);
INSERT INTO VideoclipProdutor(idVideoclip,idProdutor) Values(11,25);
INSERT INTO VideoclipProdutor(idVideoclip,idProdutor) Values(11,21);
INSERT INTO VideoclipProdutor(idVideoclip,idProdutor) Values(11,28);
INSERT INTO VideoclipProdutor(idVideoclip,idProdutor) Values(12,23);
INSERT INTO VideoclipProdutor(idVideoclip,idProdutor) Values(12,6);
INSERT INTO VideoclipProdutor(idVideoclip,idProdutor) Values(13,18);
INSERT INTO VideoclipProdutor(idVideoclip,idProdutor) Values(14,2);
INSERT INTO VideoclipProdutor(idVideoclip,idProdutor) Values(14,0);
INSERT INTO VideoclipProdutor(idVideoclip,idProdutor) Values(14,20);
INSERT INTO VideoclipProdutor(idVideoclip,idProdutor) Values(15,1);
INSERT INTO VideoclipProdutor(idVideoclip,idProdutor) Values(15,17);
INSERT INTO VideoclipProdutor(idVideoclip,idProdutor) Values(16,22);
INSERT INTO VideoclipProdutor(idVideoclip,idProdutor) Values(16,13);
INSERT INTO VideoclipProdutor(idVideoclip,idProdutor) Values(16,21);
INSERT INTO VideoclipProdutor(idVideoclip,idProdutor) Values(17,29);
INSERT INTO VideoclipProdutor(idVideoclip,idProdutor) Values(17,22);
INSERT INTO VideoclipProdutor(idVideoclip,idProdutor) Values(18,13);
INSERT INTO VideoclipProdutor(idVideoclip,idProdutor) Values(19,9);
INSERT INTO VideoclipProdutor(idVideoclip,idProdutor) Values(19,6);
INSERT INTO VideoclipProdutor(idVideoclip,idProdutor) Values(20,0);
INSERT INTO VideoclipProdutor(idVideoclip,idProdutor) Values(20,5);
INSERT INTO VideoclipProdutor(idVideoclip,idProdutor) Values(21,0);
INSERT INTO VideoclipProdutor(idVideoclip,idProdutor) Values(21,19);
INSERT INTO VideoclipProdutor(idVideoclip,idProdutor) Values(21,28);
INSERT INTO VideoclipProdutor(idVideoclip,idProdutor) Values(22,11);
INSERT INTO VideoclipProdutor(idVideoclip,idProdutor) Values(22,12);
INSERT INTO VideoclipProdutor(idVideoclip,idProdutor) Values(22,23);
INSERT INTO VideoclipProdutor(idVideoclip,idProdutor) Values(23,21);
INSERT INTO VideoclipProdutor(idVideoclip,idProdutor) Values(23,16);
INSERT INTO VideoclipProdutor(idVideoclip,idProdutor) Values(23,14);
INSERT INTO VideoclipProdutor(idVideoclip,idProdutor) Values(24,7);
INSERT INTO VideoclipProdutor(idVideoclip,idProdutor) Values(24,1);
INSERT INTO VideoclipProdutor(idVideoclip,idProdutor) Values(25,21);
INSERT INTO VideoclipProdutor(idVideoclip,idProdutor) Values(25,27);
INSERT INTO VideoclipProdutor(idVideoclip,idProdutor) Values(26,15);
INSERT INTO VideoclipProdutor(idVideoclip,idProdutor) Values(26,23);
INSERT INTO VideoclipProdutor(idVideoclip,idProdutor) Values(26,28);
INSERT INTO VideoclipProdutor(idVideoclip,idProdutor) Values(27,0);
INSERT INTO VideoclipProdutor(idVideoclip,idProdutor) Values(28,4);
INSERT INTO VideoclipProdutor(idVideoclip,idProdutor) Values(28,21);
INSERT INTO VideoclipProdutor(idVideoclip,idProdutor) Values(29,8);
INSERT INTO VideoclipProdutor(idVideoclip,idProdutor) Values(29,11);
INSERT INTO VideoclipProdutor(idVideoclip,idProdutor) Values(29,24);
INSERT INTO VideoclipProdutor(idVideoclip,idProdutor) Values(30,13);
INSERT INTO VideoclipProdutor(idVideoclip,idProdutor) Values(31,27);
INSERT INTO VideoclipProdutor(idVideoclip,idProdutor) Values(31,20);
INSERT INTO VideoclipProdutor(idVideoclip,idProdutor) Values(31,19);
INSERT INTO VideoclipProdutor(idVideoclip,idProdutor) Values(32,3);
INSERT INTO VideoclipProdutor(idVideoclip,idProdutor) Values(32,4);
INSERT INTO VideoclipProdutor(idVideoclip,idProdutor) Values(33,18);
INSERT INTO VideoclipProdutor(idVideoclip,idProdutor) Values(33,22);
INSERT INTO VideoclipProdutor(idVideoclip,idProdutor) Values(34,0);
INSERT INTO VideoclipProdutor(idVideoclip,idProdutor) Values(35,21);
INSERT INTO VideoclipProdutor(idVideoclip,idProdutor) Values(36,11);
INSERT INTO VideoclipProdutor(idVideoclip,idProdutor) Values(36,9);
INSERT INTO VideoclipProdutor(idVideoclip,idProdutor) Values(37,2);
INSERT INTO VideoclipProdutor(idVideoclip,idProdutor) Values(37,3);
INSERT INTO VideoclipProdutor(idVideoclip,idProdutor) Values(37,12);
INSERT INTO VideoclipProdutor(idVideoclip,idProdutor) Values(38,0);
INSERT INTO VideoclipProdutor(idVideoclip,idProdutor) Values(38,28);
INSERT INTO VideoclipProdutor(idVideoclip,idProdutor) Values(39,15);
INSERT INTO VideoclipProdutor(idVideoclip,idProdutor) Values(39,18);
INSERT INTO VideoclipProdutor(idVideoclip,idProdutor) Values(39,20);
INSERT INTO VideoclipProdutor(idVideoclip,idProdutor) Values(40,16);
INSERT INTO VideoclipProdutor(idVideoclip,idProdutor) Values(40,8);
INSERT INTO VideoclipProdutor(idVideoclip,idProdutor) Values(41,14);
INSERT INTO VideoclipProdutor(idVideoclip,idProdutor) Values(41,27);
INSERT INTO VideoclipProdutor(idVideoclip,idProdutor) Values(42,13);
INSERT INTO VideoclipProdutor(idVideoclip,idProdutor) Values(43,25);
INSERT INTO VideoclipProdutor(idVideoclip,idProdutor) Values(43,10);
INSERT INTO VideoclipProdutor(idVideoclip,idProdutor) Values(44,13);
INSERT INTO VideoclipProdutor(idVideoclip,idProdutor) Values(44,5);
INSERT INTO VideoclipProdutor(idVideoclip,idProdutor) Values(44,2);
INSERT INTO VideoclipProdutor(idVideoclip,idProdutor) Values(45,20);
INSERT INTO VideoclipProdutor(idVideoclip,idProdutor) Values(45,12);
INSERT INTO VideoclipProdutor(idVideoclip,idProdutor) Values(45,15);
INSERT INTO VideoclipProdutor(idVideoclip,idProdutor) Values(46,22);
INSERT INTO VideoclipProdutor(idVideoclip,idProdutor) Values(46,4);
INSERT INTO VideoclipProdutor(idVideoclip,idProdutor) Values(47,0);
INSERT INTO VideoclipProdutor(idVideoclip,idProdutor) Values(47,15);
INSERT INTO VideoclipProdutor(idVideoclip,idProdutor) Values(47,27);
INSERT INTO VideoclipProdutor(idVideoclip,idProdutor) Values(48,14);
INSERT INTO VideoclipProdutor(idVideoclip,idProdutor) Values(49,29);
INSERT INTO VideoclipProdutor(idVideoclip,idProdutor) Values(49,5);
INSERT INTO VideoclipProdutor(idVideoclip,idProdutor) Values(50,3);
INSERT INTO VideoclipProdutor(idVideoclip,idProdutor) Values(51,23);
INSERT INTO VideoclipProdutor(idVideoclip,idProdutor) Values(52,7);
INSERT INTO VideoclipProdutor(idVideoclip,idProdutor) Values(52,1);
INSERT INTO VideoclipProdutor(idVideoclip,idProdutor) Values(53,3);
INSERT INTO VideoclipProdutor(idVideoclip,idProdutor) Values(54,29);
INSERT INTO VideoclipProdutor(idVideoclip,idProdutor) Values(54,22);
INSERT INTO VideoclipProdutor(idVideoclip,idProdutor) Values(54,26);
INSERT INTO VideoclipProdutor(idVideoclip,idProdutor) Values(55,13);
INSERT INTO VideoclipProdutor(idVideoclip,idProdutor) Values(55,20);
INSERT INTO VideoclipProdutor(idVideoclip,idProdutor) Values(55,23);
INSERT INTO VideoclipProdutor(idVideoclip,idProdutor) Values(56,27);
INSERT INTO VideoclipProdutor(idVideoclip,idProdutor) Values(56,25);
INSERT INTO VideoclipProdutor(idVideoclip,idProdutor) Values(56,21);
INSERT INTO VideoclipProdutor(idVideoclip,idProdutor) Values(57,17);
INSERT INTO VideoclipProdutor(idVideoclip,idProdutor) Values(58,16);
INSERT INTO VideoclipProdutor(idVideoclip,idProdutor) Values(58,10);
INSERT INTO VideoclipProdutor(idVideoclip,idProdutor) Values(58,8);
INSERT INTO VideoclipProdutor(idVideoclip,idProdutor) Values(59,12);
INSERT INTO VideoclipProdutor(idVideoclip,idProdutor) Values(59,9);
INSERT INTO VideoclipProdutor(idVideoclip,idProdutor) Values(59,22);
INSERT INTO VideoclipProdutor(idVideoclip,idProdutor) Values(60,29);
INSERT INTO VideoclipProdutor(idVideoclip,idProdutor) Values(60,5);
INSERT INTO VideoclipProdutor(idVideoclip,idProdutor) Values(60,10);
INSERT INTO VideoclipProdutor(idVideoclip,idProdutor) Values(61,6);
INSERT INTO VideoclipProdutor(idVideoclip,idProdutor) Values(61,20);
INSERT INTO VideoclipProdutor(idVideoclip,idProdutor) Values(62,24);
INSERT INTO VideoclipProdutor(idVideoclip,idProdutor) Values(63,20);
INSERT INTO VideoclipProdutor(idVideoclip,idProdutor) Values(63,7);
INSERT INTO VideoclipProdutor(idVideoclip,idProdutor) Values(63,22);
INSERT INTO VideoclipProdutor(idVideoclip,idProdutor) Values(64,12);
INSERT INTO VideoclipProdutor(idVideoclip,idProdutor) Values(65,27);
INSERT INTO VideoclipProdutor(idVideoclip,idProdutor) Values(66,12);
INSERT INTO VideoclipProdutor(idVideoclip,idProdutor) Values(66,25);
INSERT INTO VideoclipProdutor(idVideoclip,idProdutor) Values(66,9);
INSERT INTO VideoclipProdutor(idVideoclip,idProdutor) Values(67,26);
INSERT INTO VideoclipProdutor(idVideoclip,idProdutor) Values(68,17);
INSERT INTO VideoclipProdutor(idVideoclip,idProdutor) Values(68,23);
INSERT INTO VideoclipProdutor(idVideoclip,idProdutor) Values(69,22);
INSERT INTO VideoclipProdutor(idVideoclip,idProdutor) Values(69,16);
INSERT INTO VideoclipProdutor(idVideoclip,idProdutor) Values(70,16);
INSERT INTO VideoclipProdutor(idVideoclip,idProdutor) Values(71,5);
INSERT INTO VideoclipProdutor(idVideoclip,idProdutor) Values(71,20);
INSERT INTO VideoclipProdutor(idVideoclip,idProdutor) Values(72,18);
INSERT INTO VideoclipProdutor(idVideoclip,idProdutor) Values(72,29);
INSERT INTO VideoclipProdutor(idVideoclip,idProdutor) Values(72,14);
INSERT INTO VideoclipProdutor(idVideoclip,idProdutor) Values(73,25);
INSERT INTO VideoclipProdutor(idVideoclip,idProdutor) Values(73,2);
INSERT INTO VideoclipProdutor(idVideoclip,idProdutor) Values(73,12);
INSERT INTO VideoclipProdutor(idVideoclip,idProdutor) Values(74,29);
INSERT INTO VideoclipProdutor(idVideoclip,idProdutor) Values(75,6);
INSERT INTO VideoclipProdutor(idVideoclip,idProdutor) Values(76,14);
INSERT INTO VideoclipProdutor(idVideoclip,idProdutor) Values(77,20);
INSERT INTO VideoclipProdutor(idVideoclip,idProdutor) Values(78,6);
INSERT INTO VideoclipProdutor(idVideoclip,idProdutor) Values(78,5);
INSERT INTO VideoclipProdutor(idVideoclip,idProdutor) Values(79,21);
INSERT INTO VideoclipProdutor(idVideoclip,idProdutor) Values(80,9);
INSERT INTO VideoclipProdutor(idVideoclip,idProdutor) Values(80,23);
INSERT INTO VideoclipProdutor(idVideoclip,idProdutor) Values(80,4);
INSERT INTO VideoclipProdutor(idVideoclip,idProdutor) Values(81,3);
INSERT INTO VideoclipProdutor(idVideoclip,idProdutor) Values(81,18);
INSERT INTO VideoclipProdutor(idVideoclip,idProdutor) Values(81,8);
INSERT INTO VideoclipProdutor(idVideoclip,idProdutor) Values(82,17);
INSERT INTO VideoclipProdutor(idVideoclip,idProdutor) Values(82,14);
INSERT INTO VideoclipProdutor(idVideoclip,idProdutor) Values(83,29);
INSERT INTO VideoclipProdutor(idVideoclip,idProdutor) Values(83,0);
INSERT INTO VideoclipProdutor(idVideoclip,idProdutor) Values(84,4);
INSERT INTO VideoclipProdutor(idVideoclip,idProdutor) Values(84,28);
INSERT INTO VideoclipProdutor(idVideoclip,idProdutor) Values(85,10);
INSERT INTO VideoclipProdutor(idVideoclip,idProdutor) Values(85,26);
INSERT INTO VideoclipProdutor(idVideoclip,idProdutor) Values(85,16);
INSERT INTO VideoclipProdutor(idVideoclip,idProdutor) Values(86,21);
INSERT INTO VideoclipProdutor(idVideoclip,idProdutor) Values(86,10);
INSERT INTO VideoclipProdutor(idVideoclip,idProdutor) Values(86,2);
INSERT INTO VideoclipProdutor(idVideoclip,idProdutor) Values(87,28);
INSERT INTO VideoclipProdutor(idVideoclip,idProdutor) Values(88,7);
INSERT INTO VideoclipProdutor(idVideoclip,idProdutor) Values(89,17);
INSERT INTO VideoclipProdutor(idVideoclip,idProdutor) Values(90,21);
INSERT INTO VideoclipProdutor(idVideoclip,idProdutor) Values(90,26);
INSERT INTO VideoclipProdutor(idVideoclip,idProdutor) Values(90,12);
INSERT INTO VideoclipProdutor(idVideoclip,idProdutor) Values(91,26);
INSERT INTO VideoclipProdutor(idVideoclip,idProdutor) Values(92,5);
INSERT INTO VideoclipProdutor(idVideoclip,idProdutor) Values(92,3);
INSERT INTO VideoclipProdutor(idVideoclip,idProdutor) Values(93,27);
INSERT INTO VideoclipProdutor(idVideoclip,idProdutor) Values(93,8);
INSERT INTO VideoclipProdutor(idVideoclip,idProdutor) Values(94,1);
INSERT INTO VideoclipProdutor(idVideoclip,idProdutor) Values(94,17);
INSERT INTO VideoclipProdutor(idVideoclip,idProdutor) Values(94,2);
INSERT INTO VideoclipProdutor(idVideoclip,idProdutor) Values(95,21);
INSERT INTO VideoclipProdutor(idVideoclip,idProdutor) Values(95,28);
INSERT INTO VideoclipProdutor(idVideoclip,idProdutor) Values(95,8);
INSERT INTO VideoclipProdutor(idVideoclip,idProdutor) Values(96,29);
INSERT INTO VideoclipProdutor(idVideoclip,idProdutor) Values(96,7);
INSERT INTO VideoclipProdutor(idVideoclip,idProdutor) Values(97,8);
INSERT INTO VideoclipProdutor(idVideoclip,idProdutor) Values(97,11);
INSERT INTO VideoclipProdutor(idVideoclip,idProdutor) Values(98,18);
INSERT INTO VideoclipProdutor(idVideoclip,idProdutor) Values(98,26);
INSERT INTO VideoclipProdutor(idVideoclip,idProdutor) Values(99,24);
INSERT INTO VideoclipProdutor(idVideoclip,idProdutor) Values(100,26);
INSERT INTO VideoclipProdutor(idVideoclip,idProdutor) Values(100,20);
INSERT INTO VideoclipProdutor(idVideoclip,idProdutor) Values(101,23);
INSERT INTO VideoclipProdutor(idVideoclip,idProdutor) Values(101,24);
INSERT INTO VideoclipProdutor(idVideoclip,idProdutor) Values(101,20);
INSERT INTO VideoclipProdutor(idVideoclip,idProdutor) Values(102,24);
INSERT INTO VideoclipProdutor(idVideoclip,idProdutor) Values(102,4);
INSERT INTO VideoclipProdutor(idVideoclip,idProdutor) Values(102,23);
INSERT INTO VideoclipProdutor(idVideoclip,idProdutor) Values(103,25);
INSERT INTO VideoclipProdutor(idVideoclip,idProdutor) Values(104,28);
INSERT INTO VideoclipProdutor(idVideoclip,idProdutor) Values(104,27);
INSERT INTO VideoclipProdutor(idVideoclip,idProdutor) Values(104,2);
INSERT INTO VideoclipProdutor(idVideoclip,idProdutor) Values(105,5);
INSERT INTO VideoclipProdutor(idVideoclip,idProdutor) Values(105,4);
INSERT INTO VideoclipProdutor(idVideoclip,idProdutor) Values(106,16);
INSERT INTO VideoclipProdutor(idVideoclip,idProdutor) Values(107,0);
INSERT INTO VideoclipProdutor(idVideoclip,idProdutor) Values(107,7);
INSERT INTO VideoclipProdutor(idVideoclip,idProdutor) Values(107,6);
INSERT INTO VideoclipProdutor(idVideoclip,idProdutor) Values(108,12);
INSERT INTO VideoclipProdutor(idVideoclip,idProdutor) Values(108,10);
INSERT INTO VideoclipProdutor(idVideoclip,idProdutor) Values(109,5);
INSERT INTO VideoclipProdutor(idVideoclip,idProdutor) Values(109,10);
INSERT INTO VideoclipProdutor(idVideoclip,idProdutor) Values(109,18);
INSERT INTO VideoclipProdutor(idVideoclip,idProdutor) Values(110,12);
INSERT INTO VideoclipProdutor(idVideoclip,idProdutor) Values(111,17);
INSERT INTO VideoclipProdutor(idVideoclip,idProdutor) Values(112,4);
INSERT INTO VideoclipProdutor(idVideoclip,idProdutor) Values(112,28);
INSERT INTO VideoclipProdutor(idVideoclip,idProdutor) Values(113,4);
INSERT INTO VideoclipProdutor(idVideoclip,idProdutor) Values(113,28);
INSERT INTO VideoclipProdutor(idVideoclip,idProdutor) Values(113,29);
INSERT INTO VideoclipProdutor(idVideoclip,idProdutor) Values(114,27);
INSERT INTO VideoclipProdutor(idVideoclip,idProdutor) Values(115,6);
INSERT INTO VideoclipProdutor(idVideoclip,idProdutor) Values(115,26);
INSERT INTO VideoclipProdutor(idVideoclip,idProdutor) Values(116,10);
INSERT INTO VideoclipProdutor(idVideoclip,idProdutor) Values(116,2);
INSERT INTO VideoclipProdutor(idVideoclip,idProdutor) Values(117,22);
INSERT INTO VideoclipProdutor(idVideoclip,idProdutor) Values(117,1);
INSERT INTO VideoclipProdutor(idVideoclip,idProdutor) Values(117,24);
INSERT INTO VideoclipProdutor(idVideoclip,idProdutor) Values(118,1);
INSERT INTO VideoclipProdutor(idVideoclip,idProdutor) Values(118,18);
INSERT INTO VideoclipProdutor(idVideoclip,idProdutor) Values(119,6);
INSERT INTO VideoclipProdutor(idVideoclip,idProdutor) Values(119,29);
INSERT INTO VideoclipProdutor(idVideoclip,idProdutor) Values(119,8);
INSERT INTO VideoclipProdutor(idVideoclip,idProdutor) Values(120,15);
INSERT INTO VideoclipProdutor(idVideoclip,idProdutor) Values(121,22);
INSERT INTO VideoclipProdutor(idVideoclip,idProdutor) Values(122,15);
INSERT INTO VideoclipProdutor(idVideoclip,idProdutor) Values(122,25);
INSERT INTO VideoclipProdutor(idVideoclip,idProdutor) Values(123,0);
INSERT INTO VideoclipProdutor(idVideoclip,idProdutor) Values(123,15);
INSERT INTO VideoclipProdutor(idVideoclip,idProdutor) Values(123,22);
INSERT INTO VideoclipProdutor(idVideoclip,idProdutor) Values(124,25);
INSERT INTO VideoclipProdutor(idVideoclip,idProdutor) Values(124,1);
INSERT INTO VideoclipProdutor(idVideoclip,idProdutor) Values(124,15);
INSERT INTO VideoclipProdutor(idVideoclip,idProdutor) Values(125,7);
INSERT INTO VideoclipProdutor(idVideoclip,idProdutor) Values(125,14);
INSERT INTO VideoclipProdutor(idVideoclip,idProdutor) Values(125,12);
INSERT INTO VideoclipProdutor(idVideoclip,idProdutor) Values(126,23);
INSERT INTO VideoclipProdutor(idVideoclip,idProdutor) Values(126,12);
INSERT INTO VideoclipProdutor(idVideoclip,idProdutor) Values(127,16);
INSERT INTO VideoclipProdutor(idVideoclip,idProdutor) Values(128,15);
INSERT INTO VideoclipProdutor(idVideoclip,idProdutor) Values(129,28);
INSERT INTO VideoclipProdutor(idVideoclip,idProdutor) Values(129,19);
INSERT INTO VideoclipProdutor(idVideoclip,idProdutor) Values(130,22);
INSERT INTO VideoclipProdutor(idVideoclip,idProdutor) Values(130,11);
INSERT INTO VideoclipProdutor(idVideoclip,idProdutor) Values(130,16);
INSERT INTO VideoclipProdutor(idVideoclip,idProdutor) Values(131,5);
INSERT INTO VideoclipProdutor(idVideoclip,idProdutor) Values(131,2);
INSERT INTO VideoclipProdutor(idVideoclip,idProdutor) Values(131,6);
INSERT INTO VideoclipProdutor(idVideoclip,idProdutor) Values(132,2);
INSERT INTO VideoclipProdutor(idVideoclip,idProdutor) Values(133,3);
INSERT INTO VideoclipProdutor(idVideoclip,idProdutor) Values(134,29);
INSERT INTO VideoclipProdutor(idVideoclip,idProdutor) Values(135,26);
INSERT INTO VideoclipProdutor(idVideoclip,idProdutor) Values(136,19);
INSERT INTO VideoclipProdutor(idVideoclip,idProdutor) Values(137,21);
INSERT INTO VideoclipProdutor(idVideoclip,idProdutor) Values(137,4);
INSERT INTO VideoclipProdutor(idVideoclip,idProdutor) Values(138,1);
INSERT INTO VideoclipProdutor(idVideoclip,idProdutor) Values(139,28);
INSERT INTO VideoclipProdutor(idVideoclip,idProdutor) Values(139,20);
INSERT INTO VideoclipProdutor(idVideoclip,idProdutor) Values(139,7);
INSERT INTO VideoclipProdutor(idVideoclip,idProdutor) Values(140,14);
INSERT INTO VideoclipProdutor(idVideoclip,idProdutor) Values(141,9);
INSERT INTO VideoclipProdutor(idVideoclip,idProdutor) Values(141,15);
INSERT INTO VideoclipProdutor(idVideoclip,idProdutor) Values(141,24);
INSERT INTO VideoclipProdutor(idVideoclip,idProdutor) Values(142,23);
INSERT INTO VideoclipProdutor(idVideoclip,idProdutor) Values(142,29);
INSERT INTO VideoclipProdutor(idVideoclip,idProdutor) Values(143,12);
INSERT INTO VideoclipProdutor(idVideoclip,idProdutor) Values(144,2);
INSERT INTO VideoclipProdutor(idVideoclip,idProdutor) Values(144,5);
INSERT INTO VideoclipProdutor(idVideoclip,idProdutor) Values(144,24);
INSERT INTO VideoclipProdutor(idVideoclip,idProdutor) Values(145,5);
INSERT INTO VideoclipProdutor(idVideoclip,idProdutor) Values(146,18);
INSERT INTO VideoclipProdutor(idVideoclip,idProdutor) Values(146,1);
INSERT INTO VideoclipProdutor(idVideoclip,idProdutor) Values(147,10);
INSERT INTO VideoclipProdutor(idVideoclip,idProdutor) Values(148,3);
INSERT INTO VideoclipProdutor(idVideoclip,idProdutor) Values(149,13);
INSERT INTO VideoclipProdutor(idVideoclip,idProdutor) Values(149,23);
INSERT INTO VideoclipProdutor(idVideoclip,idProdutor) Values(149,28);
INSERT INTO VideoclipProdutor(idVideoclip,idProdutor) Values(150,23);
INSERT INTO VideoclipProdutor(idVideoclip,idProdutor) Values(151,29);
INSERT INTO VideoclipProdutor(idVideoclip,idProdutor) Values(151,18);
INSERT INTO VideoclipProdutor(idVideoclip,idProdutor) Values(151,13);
INSERT INTO VideoclipProdutor(idVideoclip,idProdutor) Values(152,3);
INSERT INTO VideoclipProdutor(idVideoclip,idProdutor) Values(152,26);
INSERT INTO VideoclipProdutor(idVideoclip,idProdutor) Values(153,22);
INSERT INTO VideoclipProdutor(idVideoclip,idProdutor) Values(154,26);
INSERT INTO VideoclipProdutor(idVideoclip,idProdutor) Values(155,21);
INSERT INTO VideoclipProdutor(idVideoclip,idProdutor) Values(156,24);
INSERT INTO VideoclipProdutor(idVideoclip,idProdutor) Values(156,25);
INSERT INTO VideoclipProdutor(idVideoclip,idProdutor) Values(156,13);
INSERT INTO VideoclipProdutor(idVideoclip,idProdutor) Values(157,15);
INSERT INTO VideoclipProdutor(idVideoclip,idProdutor) Values(158,9);
INSERT INTO VideoclipProdutor(idVideoclip,idProdutor) Values(158,11);
INSERT INTO VideoclipProdutor(idVideoclip,idProdutor) Values(159,25);
INSERT INTO VideoclipProdutor(idVideoclip,idProdutor) Values(159,18);
INSERT INTO VideoclipProdutor(idVideoclip,idProdutor) Values(160,13);
INSERT INTO VideoclipProdutor(idVideoclip,idProdutor) Values(161,22);
INSERT INTO VideoclipProdutor(idVideoclip,idProdutor) Values(161,15);
INSERT INTO VideoclipProdutor(idVideoclip,idProdutor) Values(161,3);
INSERT INTO VideoclipProdutor(idVideoclip,idProdutor) Values(162,19);
INSERT INTO VideoclipProdutor(idVideoclip,idProdutor) Values(163,10);
INSERT INTO VideoclipProdutor(idVideoclip,idProdutor) Values(164,19);
INSERT INTO VideoclipProdutor(idVideoclip,idProdutor) Values(165,1);
INSERT INTO VideoclipProdutor(idVideoclip,idProdutor) Values(166,7);
INSERT INTO VideoclipProdutor(idVideoclip,idProdutor) Values(166,22);
INSERT INTO VideoclipProdutor(idVideoclip,idProdutor) Values(166,15);
INSERT INTO VideoclipProdutor(idVideoclip,idProdutor) Values(167,11);
INSERT INTO VideoclipProdutor(idVideoclip,idProdutor) Values(167,2);
INSERT INTO VideoclipProdutor(idVideoclip,idProdutor) Values(168,7);
INSERT INTO VideoclipProdutor(idVideoclip,idProdutor) Values(169,12);
INSERT INTO VideoclipProdutor(idVideoclip,idProdutor) Values(169,3);
INSERT INTO VideoclipProdutor(idVideoclip,idProdutor) Values(170,16);
INSERT INTO VideoclipProdutor(idVideoclip,idProdutor) Values(170,22);
INSERT INTO VideoclipProdutor(idVideoclip,idProdutor) Values(171,0);
INSERT INTO VideoclipProdutor(idVideoclip,idProdutor) Values(171,20);
INSERT INTO VideoclipProdutor(idVideoclip,idProdutor) Values(171,13);
INSERT INTO VideoclipProdutor(idVideoclip,idProdutor) Values(172,17);
INSERT INTO VideoclipProdutor(idVideoclip,idProdutor) Values(173,23);
INSERT INTO VideoclipProdutor(idVideoclip,idProdutor) Values(173,13);
INSERT INTO VideoclipProdutor(idVideoclip,idProdutor) Values(173,2);
INSERT INTO VideoclipProdutor(idVideoclip,idProdutor) Values(174,4);
INSERT INTO VideoclipProdutor(idVideoclip,idProdutor) Values(174,6);
INSERT INTO VideoclipProdutor(idVideoclip,idProdutor) Values(175,6);
INSERT INTO VideoclipProdutor(idVideoclip,idProdutor) Values(176,4);
INSERT INTO VideoclipProdutor(idVideoclip,idProdutor) Values(176,2);
INSERT INTO VideoclipProdutor(idVideoclip,idProdutor) Values(177,7);
INSERT INTO VideoclipProdutor(idVideoclip,idProdutor) Values(177,26);
INSERT INTO VideoclipProdutor(idVideoclip,idProdutor) Values(177,6);
INSERT INTO VideoclipProdutor(idVideoclip,idProdutor) Values(178,21);
INSERT INTO VideoclipProdutor(idVideoclip,idProdutor) Values(178,3);
INSERT INTO VideoclipProdutor(idVideoclip,idProdutor) Values(179,11);
INSERT INTO VideoclipProdutor(idVideoclip,idProdutor) Values(180,12);
INSERT INTO VideoclipProdutor(idVideoclip,idProdutor) Values(180,13);
INSERT INTO VideoclipProdutor(idVideoclip,idProdutor) Values(181,21);
INSERT INTO VideoclipProdutor(idVideoclip,idProdutor) Values(181,29);
INSERT INTO VideoclipProdutor(idVideoclip,idProdutor) Values(182,20);
INSERT INTO VideoclipProdutor(idVideoclip,idProdutor) Values(182,25);
INSERT INTO VideoclipProdutor(idVideoclip,idProdutor) Values(183,19);
INSERT INTO VideoclipProdutor(idVideoclip,idProdutor) Values(183,24);
INSERT INTO VideoclipProdutor(idVideoclip,idProdutor) Values(184,17);
INSERT INTO VideoclipProdutor(idVideoclip,idProdutor) Values(184,19);
INSERT INTO VideoclipProdutor(idVideoclip,idProdutor) Values(184,21);
INSERT INTO VideoclipProdutor(idVideoclip,idProdutor) Values(185,23);
INSERT INTO VideoclipProdutor(idVideoclip,idProdutor) Values(185,21);
INSERT INTO VideoclipProdutor(idVideoclip,idProdutor) Values(185,4);
INSERT INTO VideoclipProdutor(idVideoclip,idProdutor) Values(186,28);
INSERT INTO VideoclipProdutor(idVideoclip,idProdutor) Values(187,18);
INSERT INTO VideoclipProdutor(idVideoclip,idProdutor) Values(188,20);
INSERT INTO VideoclipProdutor(idVideoclip,idProdutor) Values(188,26);
INSERT INTO VideoclipProdutor(idVideoclip,idProdutor) Values(188,11);
INSERT INTO VideoclipProdutor(idVideoclip,idProdutor) Values(189,11);
INSERT INTO VideoclipProdutor(idVideoclip,idProdutor) Values(189,1);
INSERT INTO VideoclipProdutor(idVideoclip,idProdutor) Values(190,21);
INSERT INTO VideoclipProdutor(idVideoclip,idProdutor) Values(190,12);
INSERT INTO VideoclipProdutor(idVideoclip,idProdutor) Values(191,22);
INSERT INTO VideoclipProdutor(idVideoclip,idProdutor) Values(191,15);
INSERT INTO VideoclipProdutor(idVideoclip,idProdutor) Values(192,15);
INSERT INTO VideoclipProdutor(idVideoclip,idProdutor) Values(192,22);
INSERT INTO VideoclipProdutor(idVideoclip,idProdutor) Values(193,26);
INSERT INTO VideoclipProdutor(idVideoclip,idProdutor) Values(193,19);
INSERT INTO VideoclipProdutor(idVideoclip,idProdutor) Values(194,17);
INSERT INTO VideoclipProdutor(idVideoclip,idProdutor) Values(194,16);
INSERT INTO VideoclipProdutor(idVideoclip,idProdutor) Values(195,4);
INSERT INTO VideoclipProdutor(idVideoclip,idProdutor) Values(195,24);
INSERT INTO VideoclipProdutor(idVideoclip,idProdutor) Values(195,15);
INSERT INTO VideoclipProdutor(idVideoclip,idProdutor) Values(196,25);
INSERT INTO VideoclipProdutor(idVideoclip,idProdutor) Values(196,6);
INSERT INTO VideoclipProdutor(idVideoclip,idProdutor) Values(196,11);
INSERT INTO VideoclipProdutor(idVideoclip,idProdutor) Values(197,7);
INSERT INTO VideoclipProdutor(idVideoclip,idProdutor) Values(198,2);
INSERT INTO VideoclipProdutor(idVideoclip,idProdutor) Values(199,2);
INSERT INTO VideoclipProdutor(idVideoclip,idProdutor) Values(200,21);
INSERT INTO VideoclipProdutor(idVideoclip,idProdutor) Values(201,9);
INSERT INTO VideoclipProdutor(idVideoclip,idProdutor) Values(202,1);
INSERT INTO VideoclipProdutor(idVideoclip,idProdutor) Values(202,28);
INSERT INTO VideoclipProdutor(idVideoclip,idProdutor) Values(202,0);
INSERT INTO VideoclipProdutor(idVideoclip,idProdutor) Values(203,0);
INSERT INTO VideoclipProdutor(idVideoclip,idProdutor) Values(203,25);
INSERT INTO VideoclipProdutor(idVideoclip,idProdutor) Values(204,25);
INSERT INTO VideoclipProdutor(idVideoclip,idProdutor) Values(204,6);
INSERT INTO VideoclipProdutor(idVideoclip,idProdutor) Values(205,24);
INSERT INTO VideoclipProdutor(idVideoclip,idProdutor) Values(205,29);
INSERT INTO VideoclipProdutor(idVideoclip,idProdutor) Values(206,7);
INSERT INTO VideoclipProdutor(idVideoclip,idProdutor) Values(207,0);
INSERT INTO VideoclipProdutor(idVideoclip,idProdutor) Values(207,19);
INSERT INTO VideoclipProdutor(idVideoclip,idProdutor) Values(208,11);
INSERT INTO VideoclipProdutor(idVideoclip,idProdutor) Values(208,15);
INSERT INTO VideoclipProdutor(idVideoclip,idProdutor) Values(209,0);
INSERT INTO VideoclipProdutor(idVideoclip,idProdutor) Values(209,28);
INSERT INTO VideoclipProdutor(idVideoclip,idProdutor) Values(210,10);
INSERT INTO VideoclipProdutor(idVideoclip,idProdutor) Values(211,0);
INSERT INTO VideoclipProdutor(idVideoclip,idProdutor) Values(212,6);
INSERT INTO VideoclipProdutor(idVideoclip,idProdutor) Values(212,4);
INSERT INTO VideoclipProdutor(idVideoclip,idProdutor) Values(212,9);
INSERT INTO VideoclipProdutor(idVideoclip,idProdutor) Values(213,25);
INSERT INTO VideoclipProdutor(idVideoclip,idProdutor) Values(214,24);
INSERT INTO VideoclipProdutor(idVideoclip,idProdutor) Values(214,2);
INSERT INTO VideoclipProdutor(idVideoclip,idProdutor) Values(214,14);
INSERT INTO VideoclipProdutor(idVideoclip,idProdutor) Values(215,29);
INSERT INTO VideoclipProdutor(idVideoclip,idProdutor) Values(215,21);
INSERT INTO VideoclipProdutor(idVideoclip,idProdutor) Values(216,8);
INSERT INTO VideoclipProdutor(idVideoclip,idProdutor) Values(217,6);
INSERT INTO VideoclipProdutor(idVideoclip,idProdutor) Values(217,16);
INSERT INTO VideoclipProdutor(idVideoclip,idProdutor) Values(218,6);
INSERT INTO VideoclipProdutor(idVideoclip,idProdutor) Values(218,15);
INSERT INTO VideoclipProdutor(idVideoclip,idProdutor) Values(218,18);
INSERT INTO VideoclipProdutor(idVideoclip,idProdutor) Values(219,17);
INSERT INTO VideoclipProdutor(idVideoclip,idProdutor) Values(219,9);
INSERT INTO VideoclipProdutor(idVideoclip,idProdutor) Values(220,9);
INSERT INTO VideoclipProdutor(idVideoclip,idProdutor) Values(220,1);
INSERT INTO VideoclipProdutor(idVideoclip,idProdutor) Values(221,10);
INSERT INTO VideoclipProdutor(idVideoclip,idProdutor) Values(221,22);
INSERT INTO VideoclipProdutor(idVideoclip,idProdutor) Values(221,11);
INSERT INTO VideoclipProdutor(idVideoclip,idProdutor) Values(222,26);
INSERT INTO VideoclipProdutor(idVideoclip,idProdutor) Values(223,21);
INSERT INTO VideoclipProdutor(idVideoclip,idProdutor) Values(223,16);
INSERT INTO VideoclipProdutor(idVideoclip,idProdutor) Values(223,20);
INSERT INTO VideoclipProdutor(idVideoclip,idProdutor) Values(224,21);
INSERT INTO VideoclipProdutor(idVideoclip,idProdutor) Values(224,14);
INSERT INTO VideoclipProdutor(idVideoclip,idProdutor) Values(225,27);
INSERT INTO VideoclipProdutor(idVideoclip,idProdutor) Values(225,14);
INSERT INTO VideoclipProdutor(idVideoclip,idProdutor) Values(226,21);
INSERT INTO VideoclipProdutor(idVideoclip,idProdutor) Values(226,12);
INSERT INTO VideoclipProdutor(idVideoclip,idProdutor) Values(227,23);
INSERT INTO VideoclipProdutor(idVideoclip,idProdutor) Values(227,26);
INSERT INTO VideoclipProdutor(idVideoclip,idProdutor) Values(227,5);
INSERT INTO VideoclipProdutor(idVideoclip,idProdutor) Values(228,26);
INSERT INTO VideoclipProdutor(idVideoclip,idProdutor) Values(229,25);
INSERT INTO VideoclipProdutor(idVideoclip,idProdutor) Values(229,15);
INSERT INTO VideoclipProdutor(idVideoclip,idProdutor) Values(229,9);
INSERT INTO VideoclipProdutor(idVideoclip,idProdutor) Values(230,18);
INSERT INTO VideoclipProdutor(idVideoclip,idProdutor) Values(231,11);
INSERT INTO VideoclipProdutor(idVideoclip,idProdutor) Values(231,3);
INSERT INTO VideoclipProdutor(idVideoclip,idProdutor) Values(232,2);
INSERT INTO VideoclipProdutor(idVideoclip,idProdutor) Values(233,4);
INSERT INTO VideoclipProdutor(idVideoclip,idProdutor) Values(234,16);
INSERT INTO VideoclipProdutor(idVideoclip,idProdutor) Values(234,4);
INSERT INTO VideoclipProdutor(idVideoclip,idProdutor) Values(234,24);
INSERT INTO VideoclipProdutor(idVideoclip,idProdutor) Values(235,2);
INSERT INTO VideoclipProdutor(idVideoclip,idProdutor) Values(235,12);
INSERT INTO VideoclipProdutor(idVideoclip,idProdutor) Values(235,21);
INSERT INTO VideoclipProdutor(idVideoclip,idProdutor) Values(236,19);
INSERT INTO VideoclipProdutor(idVideoclip,idProdutor) Values(236,1);
INSERT INTO VideoclipProdutor(idVideoclip,idProdutor) Values(237,21);
INSERT INTO VideoclipProdutor(idVideoclip,idProdutor) Values(238,11);
INSERT INTO VideoclipProdutor(idVideoclip,idProdutor) Values(238,1);
INSERT INTO VideoclipProdutor(idVideoclip,idProdutor) Values(238,19);
INSERT INTO VideoclipProdutor(idVideoclip,idProdutor) Values(239,23);
INSERT INTO VideoclipProdutor(idVideoclip,idProdutor) Values(239,7);
INSERT INTO VideoclipProdutor(idVideoclip,idProdutor) Values(240,20);
INSERT INTO VideoclipProdutor(idVideoclip,idProdutor) Values(241,17);
INSERT INTO VideoclipProdutor(idVideoclip,idProdutor) Values(242,18);
INSERT INTO VideoclipProdutor(idVideoclip,idProdutor) Values(243,9);
INSERT INTO VideoclipProdutor(idVideoclip,idProdutor) Values(243,11);
INSERT INTO VideoclipProdutor(idVideoclip,idProdutor) Values(243,5);
INSERT INTO VideoclipProdutor(idVideoclip,idProdutor) Values(244,25);
INSERT INTO VideoclipProdutor(idVideoclip,idProdutor) Values(244,8);
INSERT INTO VideoclipProdutor(idVideoclip,idProdutor) Values(245,25);
INSERT INTO VideoclipProdutor(idVideoclip,idProdutor) Values(245,2);
INSERT INTO VideoclipProdutor(idVideoclip,idProdutor) Values(245,18);
INSERT INTO VideoclipProdutor(idVideoclip,idProdutor) Values(246,17);
INSERT INTO VideoclipProdutor(idVideoclip,idProdutor) Values(246,28);
INSERT INTO VideoclipProdutor(idVideoclip,idProdutor) Values(247,21);
INSERT INTO VideoclipProdutor(idVideoclip,idProdutor) Values(247,22);
INSERT INTO VideoclipProdutor(idVideoclip,idProdutor) Values(247,24);
INSERT INTO VideoclipProdutor(idVideoclip,idProdutor) Values(248,14);
INSERT INTO VideoclipProdutor(idVideoclip,idProdutor) Values(249,13);
INSERT INTO VideoclipProdutor(idVideoclip,idProdutor) Values(249,14);
INSERT INTO VideoclipProdutor(idVideoclip,idProdutor) Values(250,2);
INSERT INTO VideoclipProdutor(idVideoclip,idProdutor) Values(251,12);
INSERT INTO VideoclipProdutor(idVideoclip,idProdutor) Values(252,21);
INSERT INTO VideoclipProdutor(idVideoclip,idProdutor) Values(252,18);
INSERT INTO VideoclipProdutor(idVideoclip,idProdutor) Values(253,19);
INSERT INTO VideoclipProdutor(idVideoclip,idProdutor) Values(253,25);
INSERT INTO VideoclipProdutor(idVideoclip,idProdutor) Values(254,21);
INSERT INTO VideoclipProdutor(idVideoclip,idProdutor) Values(254,7);
INSERT INTO VideoclipProdutor(idVideoclip,idProdutor) Values(255,27);
INSERT INTO VideoclipProdutor(idVideoclip,idProdutor) Values(256,10);
INSERT INTO VideoclipProdutor(idVideoclip,idProdutor) Values(256,24);
INSERT INTO VideoclipProdutor(idVideoclip,idProdutor) Values(256,14);
INSERT INTO VideoclipProdutor(idVideoclip,idProdutor) Values(257,15);
INSERT INTO VideoclipProdutor(idVideoclip,idProdutor) Values(257,0);
INSERT INTO VideoclipProdutor(idVideoclip,idProdutor) Values(258,0);
INSERT INTO VideoclipProdutor(idVideoclip,idProdutor) Values(259,27);
INSERT INTO VideoclipProdutor(idVideoclip,idProdutor) Values(260,8);
INSERT INTO VideoclipProdutor(idVideoclip,idProdutor) Values(261,10);
INSERT INTO VideoclipProdutor(idVideoclip,idProdutor) Values(261,4);
INSERT INTO VideoclipProdutor(idVideoclip,idProdutor) Values(261,13);
INSERT INTO VideoclipProdutor(idVideoclip,idProdutor) Values(262,4);
INSERT INTO VideoclipProdutor(idVideoclip,idProdutor) Values(262,19);
INSERT INTO VideoclipProdutor(idVideoclip,idProdutor) Values(262,28);
INSERT INTO VideoclipProdutor(idVideoclip,idProdutor) Values(263,8);
INSERT INTO VideoclipProdutor(idVideoclip,idProdutor) Values(264,12);
INSERT INTO VideoclipProdutor(idVideoclip,idProdutor) Values(264,13);
INSERT INTO VideoclipProdutor(idVideoclip,idProdutor) Values(265,27);
INSERT INTO VideoclipProdutor(idVideoclip,idProdutor) Values(266,29);
INSERT INTO VideoclipProdutor(idVideoclip,idProdutor) Values(266,0);
INSERT INTO VideoclipProdutor(idVideoclip,idProdutor) Values(267,17);
INSERT INTO VideoclipProdutor(idVideoclip,idProdutor) Values(267,7);
INSERT INTO VideoclipProdutor(idVideoclip,idProdutor) Values(268,0);
INSERT INTO VideoclipProdutor(idVideoclip,idProdutor) Values(269,27);
INSERT INTO VideoclipProdutor(idVideoclip,idProdutor) Values(269,19);
INSERT INTO VideoclipProdutor(idVideoclip,idProdutor) Values(269,23);
INSERT INTO VideoclipProdutor(idVideoclip,idProdutor) Values(270,23);
INSERT INTO VideoclipProdutor(idVideoclip,idProdutor) Values(270,5);
INSERT INTO VideoclipProdutor(idVideoclip,idProdutor) Values(271,12);
INSERT INTO VideoclipProdutor(idVideoclip,idProdutor) Values(271,3);
INSERT INTO VideoclipProdutor(idVideoclip,idProdutor) Values(272,29);
INSERT INTO VideoclipProdutor(idVideoclip,idProdutor) Values(272,14);
INSERT INTO VideoclipProdutor(idVideoclip,idProdutor) Values(273,9);
INSERT INTO VideoclipProdutor(idVideoclip,idProdutor) Values(273,7);
INSERT INTO VideoclipProdutor(idVideoclip,idProdutor) Values(274,20);
INSERT INTO VideoclipProdutor(idVideoclip,idProdutor) Values(275,3);
INSERT INTO VideoclipProdutor(idVideoclip,idProdutor) Values(275,9);
INSERT INTO VideoclipProdutor(idVideoclip,idProdutor) Values(276,2);
INSERT INTO VideoclipProdutor(idVideoclip,idProdutor) Values(276,20);
INSERT INTO VideoclipProdutor(idVideoclip,idProdutor) Values(277,22);
INSERT INTO VideoclipProdutor(idVideoclip,idProdutor) Values(277,15);
INSERT INTO VideoclipProdutor(idVideoclip,idProdutor) Values(277,3);
INSERT INTO VideoclipProdutor(idVideoclip,idProdutor) Values(278,11);
INSERT INTO VideoclipProdutor(idVideoclip,idProdutor) Values(278,2);
INSERT INTO VideoclipProdutor(idVideoclip,idProdutor) Values(278,22);
INSERT INTO VideoclipProdutor(idVideoclip,idProdutor) Values(279,6);
INSERT INTO VideoclipProdutor(idVideoclip,idProdutor) Values(279,11);
INSERT INTO VideoclipProdutor(idVideoclip,idProdutor) Values(280,1);
INSERT INTO VideoclipProdutor(idVideoclip,idProdutor) Values(280,28);
INSERT INTO VideoclipProdutor(idVideoclip,idProdutor) Values(281,11);
INSERT INTO VideoclipProdutor(idVideoclip,idProdutor) Values(281,2);
INSERT INTO VideoclipProdutor(idVideoclip,idProdutor) Values(281,8);
INSERT INTO VideoclipProdutor(idVideoclip,idProdutor) Values(282,8);
INSERT INTO VideoclipProdutor(idVideoclip,idProdutor) Values(282,7);
INSERT INTO VideoclipProdutor(idVideoclip,idProdutor) Values(282,6);
INSERT INTO VideoclipProdutor(idVideoclip,idProdutor) Values(283,22);
INSERT INTO VideoclipProdutor(idVideoclip,idProdutor) Values(284,16);
INSERT INTO VideoclipProdutor(idVideoclip,idProdutor) Values(285,14);
INSERT INTO VideoclipProdutor(idVideoclip,idProdutor) Values(286,13);
INSERT INTO VideoclipProdutor(idVideoclip,idProdutor) Values(286,9);
INSERT INTO VideoclipProdutor(idVideoclip,idProdutor) Values(286,4);
INSERT INTO VideoclipProdutor(idVideoclip,idProdutor) Values(287,17);
INSERT INTO VideoclipProdutor(idVideoclip,idProdutor) Values(287,6);
INSERT INTO VideoclipProdutor(idVideoclip,idProdutor) Values(288,2);
INSERT INTO VideoclipProdutor(idVideoclip,idProdutor) Values(289,14);
INSERT INTO VideoclipProdutor(idVideoclip,idProdutor) Values(290,4);
-- Table: PlaylistMusica
INSERT INTO PlaylistMusica(idPlaylist,idMusica) Values(0,70322137);
INSERT INTO PlaylistMusica(idPlaylist,idMusica) Values(0,13459071);
INSERT INTO PlaylistMusica(idPlaylist,idMusica) Values(0,116348462);
INSERT INTO PlaylistMusica(idPlaylist,idMusica) Values(0,126772763);
INSERT INTO PlaylistMusica(idPlaylist,idMusica) Values(0,2293064);
INSERT INTO PlaylistMusica(idPlaylist,idMusica) Values(0,12209331);
INSERT INTO PlaylistMusica(idPlaylist,idMusica) Values(0,3135553);
INSERT INTO PlaylistMusica(idPlaylist,idMusica) Values(0,3135555);
INSERT INTO PlaylistMusica(idPlaylist,idMusica) Values(0,585667532);
INSERT INTO PlaylistMusica(idPlaylist,idMusica) Values(0,4315319);
INSERT INTO PlaylistMusica(idPlaylist,idMusica) Values(0,4315315);
INSERT INTO PlaylistMusica(idPlaylist,idMusica) Values(0,9997008);
INSERT INTO PlaylistMusica(idPlaylist,idMusica) Values(0,9997014);
INSERT INTO PlaylistMusica(idPlaylist,idMusica) Values(0,12209329);
INSERT INTO PlaylistMusica(idPlaylist,idMusica) Values(1,384157681);
INSERT INTO PlaylistMusica(idPlaylist,idMusica) Values(1,4315389);
INSERT INTO PlaylistMusica(idPlaylist,idMusica) Values(1,116348656);
INSERT INTO PlaylistMusica(idPlaylist,idMusica) Values(1,116348654);
INSERT INTO PlaylistMusica(idPlaylist,idMusica) Values(1,116348606);
INSERT INTO PlaylistMusica(idPlaylist,idMusica) Values(1,116348618);
INSERT INTO PlaylistMusica(idPlaylist,idMusica) Values(1,107471924);
INSERT INTO PlaylistMusica(idPlaylist,idMusica) Values(1,74617609);
INSERT INTO PlaylistMusica(idPlaylist,idMusica) Values(1,13459072);
INSERT INTO PlaylistMusica(idPlaylist,idMusica) Values(1,74617608);
INSERT INTO PlaylistMusica(idPlaylist,idMusica) Values(1,12209322);
INSERT INTO PlaylistMusica(idPlaylist,idMusica) Values(1,1272174692);
INSERT INTO PlaylistMusica(idPlaylist,idMusica) Values(1,126772737);
INSERT INTO PlaylistMusica(idPlaylist,idMusica) Values(1,116348470);
INSERT INTO PlaylistMusica(idPlaylist,idMusica) Values(2,3135564);
INSERT INTO PlaylistMusica(idPlaylist,idMusica) Values(2,3135554);
INSERT INTO PlaylistMusica(idPlaylist,idMusica) Values(2,384157671);
INSERT INTO PlaylistMusica(idPlaylist,idMusica) Values(2,585667462);
INSERT INTO PlaylistMusica(idPlaylist,idMusica) Values(2,4315313);
INSERT INTO PlaylistMusica(idPlaylist,idMusica) Values(2,116348658);
INSERT INTO PlaylistMusica(idPlaylist,idMusica) Values(2,12209331);
INSERT INTO PlaylistMusica(idPlaylist,idMusica) Values(2,681009702);
INSERT INTO PlaylistMusica(idPlaylist,idMusica) Values(3,70322140);
INSERT INTO PlaylistMusica(idPlaylist,idMusica) Values(3,107471928);
INSERT INTO PlaylistMusica(idPlaylist,idMusica) Values(3,70322138);
INSERT INTO PlaylistMusica(idPlaylist,idMusica) Values(3,13459067);
INSERT INTO PlaylistMusica(idPlaylist,idMusica) Values(3,126772757);
INSERT INTO PlaylistMusica(idPlaylist,idMusica) Values(3,585667512);
INSERT INTO PlaylistMusica(idPlaylist,idMusica) Values(3,126772759);
INSERT INTO PlaylistMusica(idPlaylist,idMusica) Values(3,4315321);
INSERT INTO PlaylistMusica(idPlaylist,idMusica) Values(3,13459070);
INSERT INTO PlaylistMusica(idPlaylist,idMusica) Values(3,384157621);
INSERT INTO PlaylistMusica(idPlaylist,idMusica) Values(3,107471926);
INSERT INTO PlaylistMusica(idPlaylist,idMusica) Values(3,9997017);
INSERT INTO PlaylistMusica(idPlaylist,idMusica) Values(4,107471930);
INSERT INTO PlaylistMusica(idPlaylist,idMusica) Values(4,126772731);
INSERT INTO PlaylistMusica(idPlaylist,idMusica) Values(4,70322134);
INSERT INTO PlaylistMusica(idPlaylist,idMusica) Values(4,126772749);
INSERT INTO PlaylistMusica(idPlaylist,idMusica) Values(4,10064651);
INSERT INTO PlaylistMusica(idPlaylist,idMusica) Values(4,13459072);
INSERT INTO PlaylistMusica(idPlaylist,idMusica) Values(4,9997012);
INSERT INTO PlaylistMusica(idPlaylist,idMusica) Values(4,116348594);
INSERT INTO PlaylistMusica(idPlaylist,idMusica) Values(4,116348654);
INSERT INTO PlaylistMusica(idPlaylist,idMusica) Values(4,116348634);
INSERT INTO PlaylistMusica(idPlaylist,idMusica) Values(4,116348666);
INSERT INTO PlaylistMusica(idPlaylist,idMusica) Values(4,143848116);
INSERT INTO PlaylistMusica(idPlaylist,idMusica) Values(4,67238731);
INSERT INTO PlaylistMusica(idPlaylist,idMusica) Values(5,4315312);
INSERT INTO PlaylistMusica(idPlaylist,idMusica) Values(5,727379302);
INSERT INTO PlaylistMusica(idPlaylist,idMusica) Values(5,116348620);
INSERT INTO PlaylistMusica(idPlaylist,idMusica) Values(5,116348626);
INSERT INTO PlaylistMusica(idPlaylist,idMusica) Values(5,4315389);
INSERT INTO PlaylistMusica(idPlaylist,idMusica) Values(5,2293083);
INSERT INTO PlaylistMusica(idPlaylist,idMusica) Values(6,4315387);
INSERT INTO PlaylistMusica(idPlaylist,idMusica) Values(6,116348594);
INSERT INTO PlaylistMusica(idPlaylist,idMusica) Values(6,67238730);
INSERT INTO PlaylistMusica(idPlaylist,idMusica) Values(6,681009642);
INSERT INTO PlaylistMusica(idPlaylist,idMusica) Values(6,116348646);
INSERT INTO PlaylistMusica(idPlaylist,idMusica) Values(6,568147822);
INSERT INTO PlaylistMusica(idPlaylist,idMusica) Values(6,116348598);
INSERT INTO PlaylistMusica(idPlaylist,idMusica) Values(6,4315310);
INSERT INTO PlaylistMusica(idPlaylist,idMusica) Values(6,116348622);
INSERT INTO PlaylistMusica(idPlaylist,idMusica) Values(6,9997014);
INSERT INTO PlaylistMusica(idPlaylist,idMusica) Values(6,70322130);
INSERT INTO PlaylistMusica(idPlaylist,idMusica) Values(7,384157581);
INSERT INTO PlaylistMusica(idPlaylist,idMusica) Values(7,116348460);
INSERT INTO PlaylistMusica(idPlaylist,idMusica) Values(7,126772743);
INSERT INTO PlaylistMusica(idPlaylist,idMusica) Values(7,568147722);
INSERT INTO PlaylistMusica(idPlaylist,idMusica) Values(7,116348662);
INSERT INTO PlaylistMusica(idPlaylist,idMusica) Values(7,116348594);
INSERT INTO PlaylistMusica(idPlaylist,idMusica) Values(7,9997018);
INSERT INTO PlaylistMusica(idPlaylist,idMusica) Values(7,585667532);
INSERT INTO PlaylistMusica(idPlaylist,idMusica) Values(8,785411532);
INSERT INTO PlaylistMusica(idPlaylist,idMusica) Values(8,9997009);
INSERT INTO PlaylistMusica(idPlaylist,idMusica) Values(8,107471928);
INSERT INTO PlaylistMusica(idPlaylist,idMusica) Values(8,568147822);
INSERT INTO PlaylistMusica(idPlaylist,idMusica) Values(8,116348480);
INSERT INTO PlaylistMusica(idPlaylist,idMusica) Values(9,10064651);
INSERT INTO PlaylistMusica(idPlaylist,idMusica) Values(9,116348476);
INSERT INTO PlaylistMusica(idPlaylist,idMusica) Values(9,116348650);
INSERT INTO PlaylistMusica(idPlaylist,idMusica) Values(9,70322138);
INSERT INTO PlaylistMusica(idPlaylist,idMusica) Values(9,585667482);
INSERT INTO PlaylistMusica(idPlaylist,idMusica) Values(9,13459071);
INSERT INTO PlaylistMusica(idPlaylist,idMusica) Values(9,384157631);
INSERT INTO PlaylistMusica(idPlaylist,idMusica) Values(9,12209321);
INSERT INTO PlaylistMusica(idPlaylist,idMusica) Values(9,568147772);
INSERT INTO PlaylistMusica(idPlaylist,idMusica) Values(9,568147732);
INSERT INTO PlaylistMusica(idPlaylist,idMusica) Values(9,727379302);
INSERT INTO PlaylistMusica(idPlaylist,idMusica) Values(9,67238740);
INSERT INTO PlaylistMusica(idPlaylist,idMusica) Values(9,2293097);
INSERT INTO PlaylistMusica(idPlaylist,idMusica) Values(9,116348618);
INSERT INTO PlaylistMusica(idPlaylist,idMusica) Values(10,12209332);
INSERT INTO PlaylistMusica(idPlaylist,idMusica) Values(10,126772761);
INSERT INTO PlaylistMusica(idPlaylist,idMusica) Values(10,116348634);
INSERT INTO PlaylistMusica(idPlaylist,idMusica) Values(10,568147822);
INSERT INTO PlaylistMusica(idPlaylist,idMusica) Values(10,67238732);
INSERT INTO PlaylistMusica(idPlaylist,idMusica) Values(10,681009682);
INSERT INTO PlaylistMusica(idPlaylist,idMusica) Values(10,107471930);
INSERT INTO PlaylistMusica(idPlaylist,idMusica) Values(10,12209321);
INSERT INTO PlaylistMusica(idPlaylist,idMusica) Values(10,116348616);
INSERT INTO PlaylistMusica(idPlaylist,idMusica) Values(10,4315386);
INSERT INTO PlaylistMusica(idPlaylist,idMusica) Values(10,126772753);
INSERT INTO PlaylistMusica(idPlaylist,idMusica) Values(10,681009752);
INSERT INTO PlaylistMusica(idPlaylist,idMusica) Values(10,74617615);
INSERT INTO PlaylistMusica(idPlaylist,idMusica) Values(10,568147712);
INSERT INTO PlaylistMusica(idPlaylist,idMusica) Values(10,10064651);
INSERT INTO PlaylistMusica(idPlaylist,idMusica) Values(11,568147792);
INSERT INTO PlaylistMusica(idPlaylist,idMusica) Values(11,585667512);
INSERT INTO PlaylistMusica(idPlaylist,idMusica) Values(11,12209327);
INSERT INTO PlaylistMusica(idPlaylist,idMusica) Values(11,74617613);
INSERT INTO PlaylistMusica(idPlaylist,idMusica) Values(11,3135564);
INSERT INTO PlaylistMusica(idPlaylist,idMusica) Values(11,107471922);
INSERT INTO PlaylistMusica(idPlaylist,idMusica) Values(11,126772761);
INSERT INTO PlaylistMusica(idPlaylist,idMusica) Values(11,126772731);
INSERT INTO PlaylistMusica(idPlaylist,idMusica) Values(12,74617613);
INSERT INTO PlaylistMusica(idPlaylist,idMusica) Values(12,70322135);
INSERT INTO PlaylistMusica(idPlaylist,idMusica) Values(12,116348642);
INSERT INTO PlaylistMusica(idPlaylist,idMusica) Values(12,13459072);
INSERT INTO PlaylistMusica(idPlaylist,idMusica) Values(12,568147822);
INSERT INTO PlaylistMusica(idPlaylist,idMusica) Values(12,126772729);
INSERT INTO PlaylistMusica(idPlaylist,idMusica) Values(12,67238733);
INSERT INTO PlaylistMusica(idPlaylist,idMusica) Values(12,116348634);
INSERT INTO PlaylistMusica(idPlaylist,idMusica) Values(12,568147812);
INSERT INTO PlaylistMusica(idPlaylist,idMusica) Values(12,107471922);
INSERT INTO PlaylistMusica(idPlaylist,idMusica) Values(12,3135562);
INSERT INTO PlaylistMusica(idPlaylist,idMusica) Values(12,1260522302);
INSERT INTO PlaylistMusica(idPlaylist,idMusica) Values(12,384157631);
INSERT INTO PlaylistMusica(idPlaylist,idMusica) Values(13,13459072);
INSERT INTO PlaylistMusica(idPlaylist,idMusica) Values(13,70322132);
INSERT INTO PlaylistMusica(idPlaylist,idMusica) Values(13,3135562);
INSERT INTO PlaylistMusica(idPlaylist,idMusica) Values(13,2293068);
INSERT INTO PlaylistMusica(idPlaylist,idMusica) Values(13,67238739);
INSERT INTO PlaylistMusica(idPlaylist,idMusica) Values(13,568147762);
INSERT INTO PlaylistMusica(idPlaylist,idMusica) Values(13,4315319);
INSERT INTO PlaylistMusica(idPlaylist,idMusica) Values(13,3135560);
INSERT INTO PlaylistMusica(idPlaylist,idMusica) Values(13,681009732);
INSERT INTO PlaylistMusica(idPlaylist,idMusica) Values(13,384157641);
INSERT INTO PlaylistMusica(idPlaylist,idMusica) Values(14,67238733);
INSERT INTO PlaylistMusica(idPlaylist,idMusica) Values(14,12209322);
INSERT INTO PlaylistMusica(idPlaylist,idMusica) Values(14,10064649);
INSERT INTO PlaylistMusica(idPlaylist,idMusica) Values(14,4315318);
INSERT INTO PlaylistMusica(idPlaylist,idMusica) Values(14,126772763);
INSERT INTO PlaylistMusica(idPlaylist,idMusica) Values(14,785411472);
INSERT INTO PlaylistMusica(idPlaylist,idMusica) Values(14,384157671);
INSERT INTO PlaylistMusica(idPlaylist,idMusica) Values(15,12209327);
INSERT INTO PlaylistMusica(idPlaylist,idMusica) Values(15,74617608);
INSERT INTO PlaylistMusica(idPlaylist,idMusica) Values(15,3135560);
INSERT INTO PlaylistMusica(idPlaylist,idMusica) Values(15,62724017);
INSERT INTO PlaylistMusica(idPlaylist,idMusica) Values(15,4315387);
INSERT INTO PlaylistMusica(idPlaylist,idMusica) Values(15,384157651);
INSERT INTO PlaylistMusica(idPlaylist,idMusica) Values(15,2293076);
INSERT INTO PlaylistMusica(idPlaylist,idMusica) Values(15,74617610);
INSERT INTO PlaylistMusica(idPlaylist,idMusica) Values(16,384157571);
INSERT INTO PlaylistMusica(idPlaylist,idMusica) Values(16,3135554);
INSERT INTO PlaylistMusica(idPlaylist,idMusica) Values(16,116348654);
INSERT INTO PlaylistMusica(idPlaylist,idMusica) Values(16,126772729);
INSERT INTO PlaylistMusica(idPlaylist,idMusica) Values(16,74617615);
INSERT INTO PlaylistMusica(idPlaylist,idMusica) Values(17,12209328);
INSERT INTO PlaylistMusica(idPlaylist,idMusica) Values(17,2293068);
INSERT INTO PlaylistMusica(idPlaylist,idMusica) Values(17,681009752);
INSERT INTO PlaylistMusica(idPlaylist,idMusica) Values(17,74617609);
INSERT INTO PlaylistMusica(idPlaylist,idMusica) Values(17,107471924);
INSERT INTO PlaylistMusica(idPlaylist,idMusica) Values(17,785411542);
INSERT INTO PlaylistMusica(idPlaylist,idMusica) Values(17,116348482);
INSERT INTO PlaylistMusica(idPlaylist,idMusica) Values(17,384157631);
INSERT INTO PlaylistMusica(idPlaylist,idMusica) Values(17,384157621);
INSERT INTO PlaylistMusica(idPlaylist,idMusica) Values(17,568147732);
INSERT INTO PlaylistMusica(idPlaylist,idMusica) Values(18,126772767);
INSERT INTO PlaylistMusica(idPlaylist,idMusica) Values(18,384157651);
INSERT INTO PlaylistMusica(idPlaylist,idMusica) Values(18,74617613);
INSERT INTO PlaylistMusica(idPlaylist,idMusica) Values(18,116348648);
INSERT INTO PlaylistMusica(idPlaylist,idMusica) Values(18,9997017);
INSERT INTO PlaylistMusica(idPlaylist,idMusica) Values(18,585667532);
INSERT INTO PlaylistMusica(idPlaylist,idMusica) Values(18,116348474);
INSERT INTO PlaylistMusica(idPlaylist,idMusica) Values(18,681009742);
INSERT INTO PlaylistMusica(idPlaylist,idMusica) Values(18,67238728);
INSERT INTO PlaylistMusica(idPlaylist,idMusica) Values(18,2293080);
INSERT INTO PlaylistMusica(idPlaylist,idMusica) Values(19,585667562);
INSERT INTO PlaylistMusica(idPlaylist,idMusica) Values(19,13459068);
INSERT INTO PlaylistMusica(idPlaylist,idMusica) Values(19,681009692);
INSERT INTO PlaylistMusica(idPlaylist,idMusica) Values(19,62724023);
INSERT INTO PlaylistMusica(idPlaylist,idMusica) Values(19,13459066);
-- Table: AutorAlbum
INSERT INTO AutorAlbum(idAutor,idAlbum) Values(27,302127);
INSERT INTO AutorAlbum(idAutor,idAlbum) Values(27,6575789);
INSERT INTO AutorAlbum(idAutor,idAlbum) Values(27,6703346);
INSERT INTO AutorAlbum(idAutor,idAlbum) Values(1182,6899610);
INSERT INTO AutorAlbum(idAutor,idAlbum) Values(1182,401346);
INSERT INTO AutorAlbum(idAutor,idAlbum) Values(1182,401340);
INSERT INTO AutorAlbum(idAutor,idAlbum) Values(1195633,921000);
INSERT INTO AutorAlbum(idAutor,idAlbum) Values(11121068,75624372);
INSERT INTO AutorAlbum(idAutor,idAlbum) Values(10963720,106585062);
INSERT INTO AutorAlbum(idAutor,idAlbum) Values(14687,7371939);
INSERT INTO AutorAlbum(idAutor,idAlbum) Values(5168,228644);
INSERT INTO AutorAlbum(idAutor,idAlbum) Values(1,12047958);
INSERT INTO AutorAlbum(idAutor,idAlbum) Values(1,12047952);
INSERT INTO AutorAlbum(idAutor,idAlbum) Values(1,12047956);
INSERT INTO AutorAlbum(idAutor,idAlbum) Values(230,13357219);
INSERT INTO AutorAlbum(idAutor,idAlbum) Values(230,116355212);
INSERT INTO AutorAlbum(idAutor,idAlbum) Values(70016862,265953002);
INSERT INTO AutorAlbum(idAutor,idAlbum) Values(70016862,214037042);
INSERT INTO AutorAlbum(idAutor,idAlbum) Values(1194083,44730061);
INSERT INTO AutorAlbum(idAutor,idAlbum) Values(1194083,97140952);
INSERT INTO AutorAlbum(idAutor,idAlbum) Values(997,11205422);
INSERT INTO AutorAlbum(idAutor,idAlbum) Values(9877750,15586282);
INSERT INTO AutorAlbum(idAutor,idAlbum) Values(429675,6157080);
INSERT INTO AutorAlbum(idAutor,idAlbum) Values(429675,211423112);
INSERT INTO AutorAlbum(idAutor,idAlbum) Values(6474027,78640552);
INSERT INTO AutorAlbum(idAutor,idAlbum) Values(412,915785);
INSERT INTO AutorAlbum(idAutor,idAlbum) Values(412,1121401);
INSERT INTO AutorAlbum(idAutor,idAlbum) Values(412,1232880);
-- Table: ConcertoAutor
INSERT INTO ConcertoAutor(idConcerto,idAutor) Values(0,997);
INSERT INTO ConcertoAutor(idConcerto,idAutor) Values(1,1);
INSERT INTO ConcertoAutor(idConcerto,idAutor) Values(1,100000000);
INSERT INTO ConcertoAutor(idConcerto,idAutor) Values(2,5168);
INSERT INTO ConcertoAutor(idConcerto,idAutor) Values(2,100000005);
INSERT INTO ConcertoAutor(idConcerto,idAutor) Values(3,429675);
INSERT INTO ConcertoAutor(idConcerto,idAutor) Values(4,1182);
INSERT INTO ConcertoAutor(idConcerto,idAutor) Values(4,230);
INSERT INTO ConcertoAutor(idConcerto,idAutor) Values(7,100000000);
INSERT INTO ConcertoAutor(idConcerto,idAutor) Values(7,5168);
INSERT INTO ConcertoAutor(idConcerto,idAutor) Values(7,412);
INSERT INTO ConcertoAutor(idConcerto,idAutor) Values(8,429675);
INSERT INTO ConcertoAutor(idConcerto,idAutor) Values(9,9877750);
INSERT INTO ConcertoAutor(idConcerto,idAutor) Values(9,1194083);
INSERT INTO ConcertoAutor(idConcerto,idAutor) Values(10,226);
INSERT INTO ConcertoAutor(idConcerto,idAutor) Values(10,100000000);
INSERT INTO ConcertoAutor(idConcerto,idAutor) Values(10,412);
INSERT INTO ConcertoAutor(idConcerto,idAutor) Values(12,230);
INSERT INTO ConcertoAutor(idConcerto,idAutor) Values(12,997);
INSERT INTO ConcertoAutor(idConcerto,idAutor) Values(12,9877750);
INSERT INTO ConcertoAutor(idConcerto,idAutor) Values(13,1195633);
INSERT INTO ConcertoAutor(idConcerto,idAutor) Values(14,1182);
INSERT INTO ConcertoAutor(idConcerto,idAutor) Values(16,100000002);
INSERT INTO ConcertoAutor(idConcerto,idAutor) Values(16,429675);
INSERT INTO ConcertoAutor(idConcerto,idAutor) Values(16,100000006);
INSERT INTO ConcertoAutor(idConcerto,idAutor) Values(17,27);
INSERT INTO ConcertoAutor(idConcerto,idAutor) Values(17,230);
INSERT INTO ConcertoAutor(idConcerto,idAutor) Values(17,14687);
INSERT INTO ConcertoAutor(idConcerto,idAutor) Values(18,1446);
INSERT INTO ConcertoAutor(idConcerto,idAutor) Values(18,429675);
INSERT INTO ConcertoAutor(idConcerto,idAutor) Values(20,11121068);
INSERT INTO ConcertoAutor(idConcerto,idAutor) Values(21,429675);
INSERT INTO ConcertoAutor(idConcerto,idAutor) Values(21,1);
INSERT INTO ConcertoAutor(idConcerto,idAutor) Values(21,9877750);
INSERT INTO ConcertoAutor(idConcerto,idAutor) Values(22,429675);
INSERT INTO ConcertoAutor(idConcerto,idAutor) Values(22,100000001);
INSERT INTO ConcertoAutor(idConcerto,idAutor) Values(23,9877750);
INSERT INTO ConcertoAutor(idConcerto,idAutor) Values(23,100000002);
INSERT INTO ConcertoAutor(idConcerto,idAutor) Values(23,1182);
INSERT INTO ConcertoAutor(idConcerto,idAutor) Values(24,429675);
INSERT INTO ConcertoAutor(idConcerto,idAutor) Values(24,70016862);
INSERT INTO ConcertoAutor(idConcerto,idAutor) Values(24,6474027);
INSERT INTO ConcertoAutor(idConcerto,idAutor) Values(25,6474027);
INSERT INTO ConcertoAutor(idConcerto,idAutor) Values(25,997);
INSERT INTO ConcertoAutor(idConcerto,idAutor) Values(25,429675);
INSERT INTO ConcertoAutor(idConcerto,idAutor) Values(27,100000000);
INSERT INTO ConcertoAutor(idConcerto,idAutor) Values(27,1195633);
INSERT INTO ConcertoAutor(idConcerto,idAutor) Values(28,429675);
INSERT INTO ConcertoAutor(idConcerto,idAutor) Values(28,5168);
INSERT INTO ConcertoAutor(idConcerto,idAutor) Values(29,11121068);
INSERT INTO ConcertoAutor(idConcerto,idAutor) Values(29,100000003);
INSERT INTO ConcertoAutor(idConcerto,idAutor) Values(29,6474027);
INSERT INTO ConcertoAutor(idConcerto,idAutor) Values(31,14687);
INSERT INTO ConcertoAutor(idConcerto,idAutor) Values(31,100000003);
INSERT INTO ConcertoAutor(idConcerto,idAutor) Values(31,1194083);
INSERT INTO ConcertoAutor(idConcerto,idAutor) Values(32,14687);
INSERT INTO ConcertoAutor(idConcerto,idAutor) Values(32,100000006);
INSERT INTO ConcertoAutor(idConcerto,idAutor) Values(32,11121068);
INSERT INTO ConcertoAutor(idConcerto,idAutor) Values(33,997);
INSERT INTO ConcertoAutor(idConcerto,idAutor) Values(33,100000002);
INSERT INTO ConcertoAutor(idConcerto,idAutor) Values(34,1195633);
INSERT INTO ConcertoAutor(idConcerto,idAutor) Values(34,429675);
-- Table: ConcertoMusica
INSERT INTO ConcertoMusica(idConcerto,idMusica) Values(0,107471922);
INSERT INTO ConcertoMusica(idConcerto,idMusica) Values(0,107471938);
INSERT INTO ConcertoMusica(idConcerto,idMusica) Values(0,107471926);
INSERT INTO ConcertoMusica(idConcerto,idMusica) Values(0,107471932);
INSERT INTO ConcertoMusica(idConcerto,idMusica) Values(0,107471924);
INSERT INTO ConcertoMusica(idConcerto,idMusica) Values(0,107471930);
INSERT INTO ConcertoMusica(idConcerto,idMusica) Values(0,107471940);
INSERT INTO ConcertoMusica(idConcerto,idMusica) Values(0,107471936);
INSERT INTO ConcertoMusica(idConcerto,idMusica) Values(0,107471934);
INSERT INTO ConcertoMusica(idConcerto,idMusica) Values(0,107471928);
INSERT INTO ConcertoMusica(idConcerto,idMusica) Values(0,107471920);
INSERT INTO ConcertoMusica(idConcerto,idMusica) Values(1,116348478);
INSERT INTO ConcertoMusica(idConcerto,idMusica) Values(1,116348598);
INSERT INTO ConcertoMusica(idConcerto,idMusica) Values(1,116348482);
INSERT INTO ConcertoMusica(idConcerto,idMusica) Values(1,116348644);
INSERT INTO ConcertoMusica(idConcerto,idMusica) Values(1,116348618);
INSERT INTO ConcertoMusica(idConcerto,idMusica) Values(1,116348610);
INSERT INTO ConcertoMusica(idConcerto,idMusica) Values(1,116348650);
INSERT INTO ConcertoMusica(idConcerto,idMusica) Values(1,116348652);
INSERT INTO ConcertoMusica(idConcerto,idMusica) Values(1,116348604);
INSERT INTO ConcertoMusica(idConcerto,idMusica) Values(1,116348602);
INSERT INTO ConcertoMusica(idConcerto,idMusica) Values(1,116348660);
INSERT INTO ConcertoMusica(idConcerto,idMusica) Values(1,116348622);
INSERT INTO ConcertoMusica(idConcerto,idMusica) Values(1,116348658);
INSERT INTO ConcertoMusica(idConcerto,idMusica) Values(1,116348592);
INSERT INTO ConcertoMusica(idConcerto,idMusica) Values(1,116348462);
INSERT INTO ConcertoMusica(idConcerto,idMusica) Values(1,116348458);
INSERT INTO ConcertoMusica(idConcerto,idMusica) Values(1,116348468);
INSERT INTO ConcertoMusica(idConcerto,idMusica) Values(1,116348596);
INSERT INTO ConcertoMusica(idConcerto,idMusica) Values(1,116348608);
INSERT INTO ConcertoMusica(idConcerto,idMusica) Values(1,116348616);
INSERT INTO ConcertoMusica(idConcerto,idMusica) Values(1,116348620);
INSERT INTO ConcertoMusica(idConcerto,idMusica) Values(1,116348480);
INSERT INTO ConcertoMusica(idConcerto,idMusica) Values(1,116348654);
INSERT INTO ConcertoMusica(idConcerto,idMusica) Values(1,116348594);
INSERT INTO ConcertoMusica(idConcerto,idMusica) Values(1,116348628);
INSERT INTO ConcertoMusica(idConcerto,idMusica) Values(2,2293080);
INSERT INTO ConcertoMusica(idConcerto,idMusica) Values(2,2293061);
INSERT INTO ConcertoMusica(idConcerto,idMusica) Values(2,2293064);
INSERT INTO ConcertoMusica(idConcerto,idMusica) Values(2,2293074);
INSERT INTO ConcertoMusica(idConcerto,idMusica) Values(2,2293089);
INSERT INTO ConcertoMusica(idConcerto,idMusica) Values(2,2293100);
INSERT INTO ConcertoMusica(idConcerto,idMusica) Values(2,2293068);
INSERT INTO ConcertoMusica(idConcerto,idMusica) Values(2,2293092);
INSERT INTO ConcertoMusica(idConcerto,idMusica) Values(2,2293083);
INSERT INTO ConcertoMusica(idConcerto,idMusica) Values(3,62724023);
INSERT INTO ConcertoMusica(idConcerto,idMusica) Values(3,62724018);
INSERT INTO ConcertoMusica(idConcerto,idMusica) Values(4,4315314);
INSERT INTO ConcertoMusica(idConcerto,idMusica) Values(4,70322140);
INSERT INTO ConcertoMusica(idConcerto,idMusica) Values(4,4315381);
INSERT INTO ConcertoMusica(idConcerto,idMusica) Values(4,785411552);
INSERT INTO ConcertoMusica(idConcerto,idMusica) Values(4,4315378);
INSERT INTO ConcertoMusica(idConcerto,idMusica) Values(4,126772743);
INSERT INTO ConcertoMusica(idConcerto,idMusica) Values(4,126772747);
INSERT INTO ConcertoMusica(idConcerto,idMusica) Values(4,126772741);
INSERT INTO ConcertoMusica(idConcerto,idMusica) Values(4,4315320);
INSERT INTO ConcertoMusica(idConcerto,idMusica) Values(4,126772733);
INSERT INTO ConcertoMusica(idConcerto,idMusica) Values(4,126772735);
INSERT INTO ConcertoMusica(idConcerto,idMusica) Values(4,70322134);
INSERT INTO ConcertoMusica(idConcerto,idMusica) Values(4,4315388);
INSERT INTO ConcertoMusica(idConcerto,idMusica) Values(4,126772763);
INSERT INTO ConcertoMusica(idConcerto,idMusica) Values(4,4315313);
INSERT INTO ConcertoMusica(idConcerto,idMusica) Values(4,126772765);
INSERT INTO ConcertoMusica(idConcerto,idMusica) Values(4,4315383);
INSERT INTO ConcertoMusica(idConcerto,idMusica) Values(4,4315316);
INSERT INTO ConcertoMusica(idConcerto,idMusica) Values(4,70322138);
INSERT INTO ConcertoMusica(idConcerto,idMusica) Values(4,4315382);
INSERT INTO ConcertoMusica(idConcerto,idMusica) Values(4,4315312);
INSERT INTO ConcertoMusica(idConcerto,idMusica) Values(4,70322136);
INSERT INTO ConcertoMusica(idConcerto,idMusica) Values(4,4315380);
INSERT INTO ConcertoMusica(idConcerto,idMusica) Values(4,4315318);
INSERT INTO ConcertoMusica(idConcerto,idMusica) Values(4,785411472);
INSERT INTO ConcertoMusica(idConcerto,idMusica) Values(4,4315317);
INSERT INTO ConcertoMusica(idConcerto,idMusica) Values(4,4315321);
INSERT INTO ConcertoMusica(idConcerto,idMusica) Values(4,70322142);
INSERT INTO ConcertoMusica(idConcerto,idMusica) Values(4,70322137);
INSERT INTO ConcertoMusica(idConcerto,idMusica) Values(4,785411532);
INSERT INTO ConcertoMusica(idConcerto,idMusica) Values(4,4315319);
INSERT INTO ConcertoMusica(idConcerto,idMusica) Values(4,70322141);
INSERT INTO ConcertoMusica(idConcerto,idMusica) Values(4,4315309);
INSERT INTO ConcertoMusica(idConcerto,idMusica) Values(4,70322132);
INSERT INTO ConcertoMusica(idConcerto,idMusica) Values(4,126772749);
INSERT INTO ConcertoMusica(idConcerto,idMusica) Values(4,4315311);
INSERT INTO ConcertoMusica(idConcerto,idMusica) Values(4,4315315);
INSERT INTO ConcertoMusica(idConcerto,idMusica) Values(4,126772753);
INSERT INTO ConcertoMusica(idConcerto,idMusica) Values(4,785411522);
INSERT INTO ConcertoMusica(idConcerto,idMusica) Values(4,4315387);
INSERT INTO ConcertoMusica(idConcerto,idMusica) Values(4,126772737);
INSERT INTO ConcertoMusica(idConcerto,idMusica) Values(4,70322130);
INSERT INTO ConcertoMusica(idConcerto,idMusica) Values(4,70322139);
INSERT INTO ConcertoMusica(idConcerto,idMusica) Values(4,70322135);
INSERT INTO ConcertoMusica(idConcerto,idMusica) Values(4,785411482);
INSERT INTO ConcertoMusica(idConcerto,idMusica) Values(4,785411462);
INSERT INTO ConcertoMusica(idConcerto,idMusica) Values(4,4315385);
INSERT INTO ConcertoMusica(idConcerto,idMusica) Values(4,4315389);
INSERT INTO ConcertoMusica(idConcerto,idMusica) Values(4,126772729);
INSERT INTO ConcertoMusica(idConcerto,idMusica) Values(4,126772739);
INSERT INTO ConcertoMusica(idConcerto,idMusica) Values(4,4315379);
INSERT INTO ConcertoMusica(idConcerto,idMusica) Values(4,126772767);
INSERT INTO ConcertoMusica(idConcerto,idMusica) Values(4,4315384);
INSERT INTO ConcertoMusica(idConcerto,idMusica) Values(4,126772761);
INSERT INTO ConcertoMusica(idConcerto,idMusica) Values(4,4315386);
INSERT INTO ConcertoMusica(idConcerto,idMusica) Values(4,126772751);
INSERT INTO ConcertoMusica(idConcerto,idMusica) Values(4,70322133);
INSERT INTO ConcertoMusica(idConcerto,idMusica) Values(4,126772757);
INSERT INTO ConcertoMusica(idConcerto,idMusica) Values(4,785411542);
INSERT INTO ConcertoMusica(idConcerto,idMusica) Values(4,126772745);
INSERT INTO ConcertoMusica(idConcerto,idMusica) Values(4,126772731);
INSERT INTO ConcertoMusica(idConcerto,idMusica) Values(4,785411492);
INSERT INTO ConcertoMusica(idConcerto,idMusica) Values(4,785411502);
INSERT INTO ConcertoMusica(idConcerto,idMusica) Values(4,785411512);
INSERT INTO ConcertoMusica(idConcerto,idMusica) Values(4,4315310);
INSERT INTO ConcertoMusica(idConcerto,idMusica) Values(4,126772759);
INSERT INTO ConcertoMusica(idConcerto,idMusica) Values(7,12209326);
INSERT INTO ConcertoMusica(idConcerto,idMusica) Values(7,9997018);
INSERT INTO ConcertoMusica(idConcerto,idMusica) Values(7,9997016);
INSERT INTO ConcertoMusica(idConcerto,idMusica) Values(7,2293080);
INSERT INTO ConcertoMusica(idConcerto,idMusica) Values(7,9997015);
INSERT INTO ConcertoMusica(idConcerto,idMusica) Values(7,9997012);
INSERT INTO ConcertoMusica(idConcerto,idMusica) Values(7,12209325);
INSERT INTO ConcertoMusica(idConcerto,idMusica) Values(8,62724023);
INSERT INTO ConcertoMusica(idConcerto,idMusica) Values(8,62724019);
INSERT INTO ConcertoMusica(idConcerto,idMusica) Values(8,62724017);
INSERT INTO ConcertoMusica(idConcerto,idMusica) Values(9,384157611);
INSERT INTO ConcertoMusica(idConcerto,idMusica) Values(9,384157661);
INSERT INTO ConcertoMusica(idConcerto,idMusica) Values(10,12209321);
INSERT INTO ConcertoMusica(idConcerto,idMusica) Values(10,9997009);
INSERT INTO ConcertoMusica(idConcerto,idMusica) Values(10,12209327);
INSERT INTO ConcertoMusica(idConcerto,idMusica) Values(12,107471924);
INSERT INTO ConcertoMusica(idConcerto,idMusica) Values(12,785411492);
INSERT INTO ConcertoMusica(idConcerto,idMusica) Values(12,107471920);
INSERT INTO ConcertoMusica(idConcerto,idMusica) Values(12,785411472);
INSERT INTO ConcertoMusica(idConcerto,idMusica) Values(12,107471940);
INSERT INTO ConcertoMusica(idConcerto,idMusica) Values(12,126772755);
INSERT INTO ConcertoMusica(idConcerto,idMusica) Values(12,785411512);
INSERT INTO ConcertoMusica(idConcerto,idMusica) Values(12,107471932);
INSERT INTO ConcertoMusica(idConcerto,idMusica) Values(12,107471934);
INSERT INTO ConcertoMusica(idConcerto,idMusica) Values(12,126772751);
INSERT INTO ConcertoMusica(idConcerto,idMusica) Values(12,785411462);
INSERT INTO ConcertoMusica(idConcerto,idMusica) Values(12,126772739);
INSERT INTO ConcertoMusica(idConcerto,idMusica) Values(12,126772757);
INSERT INTO ConcertoMusica(idConcerto,idMusica) Values(12,126772729);
INSERT INTO ConcertoMusica(idConcerto,idMusica) Values(12,126772747);
INSERT INTO ConcertoMusica(idConcerto,idMusica) Values(12,126772759);
INSERT INTO ConcertoMusica(idConcerto,idMusica) Values(12,126772741);
INSERT INTO ConcertoMusica(idConcerto,idMusica) Values(12,126772735);
INSERT INTO ConcertoMusica(idConcerto,idMusica) Values(12,785411542);
INSERT INTO ConcertoMusica(idConcerto,idMusica) Values(12,107471922);
INSERT INTO ConcertoMusica(idConcerto,idMusica) Values(12,785411452);
INSERT INTO ConcertoMusica(idConcerto,idMusica) Values(12,126772749);
INSERT INTO ConcertoMusica(idConcerto,idMusica) Values(12,785411552);
INSERT INTO ConcertoMusica(idConcerto,idMusica) Values(12,107471936);
INSERT INTO ConcertoMusica(idConcerto,idMusica) Values(12,126772745);
INSERT INTO ConcertoMusica(idConcerto,idMusica) Values(12,107471926);
INSERT INTO ConcertoMusica(idConcerto,idMusica) Values(12,785411532);
INSERT INTO ConcertoMusica(idConcerto,idMusica) Values(12,107471930);
INSERT INTO ConcertoMusica(idConcerto,idMusica) Values(13,10064650);
INSERT INTO ConcertoMusica(idConcerto,idMusica) Values(13,10064651);
INSERT INTO ConcertoMusica(idConcerto,idMusica) Values(13,10064647);
INSERT INTO ConcertoMusica(idConcerto,idMusica) Values(13,10064649);
INSERT INTO ConcertoMusica(idConcerto,idMusica) Values(13,10064648);
INSERT INTO ConcertoMusica(idConcerto,idMusica) Values(14,70322139);
INSERT INTO ConcertoMusica(idConcerto,idMusica) Values(14,4315383);
INSERT INTO ConcertoMusica(idConcerto,idMusica) Values(14,4315384);
INSERT INTO ConcertoMusica(idConcerto,idMusica) Values(14,4315388);
INSERT INTO ConcertoMusica(idConcerto,idMusica) Values(14,4315387);
INSERT INTO ConcertoMusica(idConcerto,idMusica) Values(14,70322136);
INSERT INTO ConcertoMusica(idConcerto,idMusica) Values(14,4315310);
INSERT INTO ConcertoMusica(idConcerto,idMusica) Values(14,4315315);
INSERT INTO ConcertoMusica(idConcerto,idMusica) Values(14,4315386);
INSERT INTO ConcertoMusica(idConcerto,idMusica) Values(14,4315378);
INSERT INTO ConcertoMusica(idConcerto,idMusica) Values(14,4315389);
INSERT INTO ConcertoMusica(idConcerto,idMusica) Values(14,70322133);
INSERT INTO ConcertoMusica(idConcerto,idMusica) Values(14,70322138);
INSERT INTO ConcertoMusica(idConcerto,idMusica) Values(14,70322142);
INSERT INTO ConcertoMusica(idConcerto,idMusica) Values(14,70322140);
INSERT INTO ConcertoMusica(idConcerto,idMusica) Values(14,4315312);
INSERT INTO ConcertoMusica(idConcerto,idMusica) Values(14,4315316);
INSERT INTO ConcertoMusica(idConcerto,idMusica) Values(14,4315319);
INSERT INTO ConcertoMusica(idConcerto,idMusica) Values(14,4315385);
INSERT INTO ConcertoMusica(idConcerto,idMusica) Values(14,4315318);
INSERT INTO ConcertoMusica(idConcerto,idMusica) Values(14,70322130);
INSERT INTO ConcertoMusica(idConcerto,idMusica) Values(14,70322137);
INSERT INTO ConcertoMusica(idConcerto,idMusica) Values(14,70322134);
INSERT INTO ConcertoMusica(idConcerto,idMusica) Values(16,1260522302);
INSERT INTO ConcertoMusica(idConcerto,idMusica) Values(17,67238738);
INSERT INTO ConcertoMusica(idConcerto,idMusica) Values(17,74617610);
INSERT INTO ConcertoMusica(idConcerto,idMusica) Values(17,126772757);
INSERT INTO ConcertoMusica(idConcerto,idMusica) Values(17,3135560);
INSERT INTO ConcertoMusica(idConcerto,idMusica) Values(17,785411492);
INSERT INTO ConcertoMusica(idConcerto,idMusica) Values(17,126772737);
INSERT INTO ConcertoMusica(idConcerto,idMusica) Values(17,3135555);
INSERT INTO ConcertoMusica(idConcerto,idMusica) Values(17,74617612);
INSERT INTO ConcertoMusica(idConcerto,idMusica) Values(17,126772763);
INSERT INTO ConcertoMusica(idConcerto,idMusica) Values(17,67238736);
INSERT INTO ConcertoMusica(idConcerto,idMusica) Values(17,126772755);
INSERT INTO ConcertoMusica(idConcerto,idMusica) Values(17,126772761);
INSERT INTO ConcertoMusica(idConcerto,idMusica) Values(17,785411542);
INSERT INTO ConcertoMusica(idConcerto,idMusica) Values(17,785411522);
INSERT INTO ConcertoMusica(idConcerto,idMusica) Values(17,74617611);
INSERT INTO ConcertoMusica(idConcerto,idMusica) Values(17,74617616);
INSERT INTO ConcertoMusica(idConcerto,idMusica) Values(17,126772735);
INSERT INTO ConcertoMusica(idConcerto,idMusica) Values(17,67238735);
INSERT INTO ConcertoMusica(idConcerto,idMusica) Values(17,67238730);
INSERT INTO ConcertoMusica(idConcerto,idMusica) Values(17,67238733);
INSERT INTO ConcertoMusica(idConcerto,idMusica) Values(17,126772753);
INSERT INTO ConcertoMusica(idConcerto,idMusica) Values(17,126772729);
INSERT INTO ConcertoMusica(idConcerto,idMusica) Values(17,74617613);
INSERT INTO ConcertoMusica(idConcerto,idMusica) Values(17,74617609);
INSERT INTO ConcertoMusica(idConcerto,idMusica) Values(17,74617614);
INSERT INTO ConcertoMusica(idConcerto,idMusica) Values(17,3135565);
INSERT INTO ConcertoMusica(idConcerto,idMusica) Values(17,785411462);
INSERT INTO ConcertoMusica(idConcerto,idMusica) Values(17,3135564);
INSERT INTO ConcertoMusica(idConcerto,idMusica) Values(17,3135566);
INSERT INTO ConcertoMusica(idConcerto,idMusica) Values(17,67238731);
INSERT INTO ConcertoMusica(idConcerto,idMusica) Values(17,74617608);
INSERT INTO ConcertoMusica(idConcerto,idMusica) Values(17,67238740);
INSERT INTO ConcertoMusica(idConcerto,idMusica) Values(17,785411502);
INSERT INTO ConcertoMusica(idConcerto,idMusica) Values(17,126772747);
INSERT INTO ConcertoMusica(idConcerto,idMusica) Values(17,3135557);
INSERT INTO ConcertoMusica(idConcerto,idMusica) Values(17,785411552);
INSERT INTO ConcertoMusica(idConcerto,idMusica) Values(17,3135563);
INSERT INTO ConcertoMusica(idConcerto,idMusica) Values(17,126772733);
INSERT INTO ConcertoMusica(idConcerto,idMusica) Values(18,62724015);
INSERT INTO ConcertoMusica(idConcerto,idMusica) Values(18,62724019);
INSERT INTO ConcertoMusica(idConcerto,idMusica) Values(20,568147812);
INSERT INTO ConcertoMusica(idConcerto,idMusica) Values(20,568147742);
INSERT INTO ConcertoMusica(idConcerto,idMusica) Values(20,568147722);
INSERT INTO ConcertoMusica(idConcerto,idMusica) Values(20,568147802);
INSERT INTO ConcertoMusica(idConcerto,idMusica) Values(21,116348654);
INSERT INTO ConcertoMusica(idConcerto,idMusica) Values(21,116348642);
INSERT INTO ConcertoMusica(idConcerto,idMusica) Values(21,116348664);
INSERT INTO ConcertoMusica(idConcerto,idMusica) Values(21,62724022);
INSERT INTO ConcertoMusica(idConcerto,idMusica) Values(21,116348610);
INSERT INTO ConcertoMusica(idConcerto,idMusica) Values(21,116348658);
INSERT INTO ConcertoMusica(idConcerto,idMusica) Values(21,116348606);
INSERT INTO ConcertoMusica(idConcerto,idMusica) Values(21,116348630);
INSERT INTO ConcertoMusica(idConcerto,idMusica) Values(21,116348604);
INSERT INTO ConcertoMusica(idConcerto,idMusica) Values(21,143848116);
INSERT INTO ConcertoMusica(idConcerto,idMusica) Values(21,116348668);
INSERT INTO ConcertoMusica(idConcerto,idMusica) Values(21,116348662);
INSERT INTO ConcertoMusica(idConcerto,idMusica) Values(21,116348602);
INSERT INTO ConcertoMusica(idConcerto,idMusica) Values(21,116348656);
INSERT INTO ConcertoMusica(idConcerto,idMusica) Values(21,116348612);
INSERT INTO ConcertoMusica(idConcerto,idMusica) Values(21,116348484);
INSERT INTO ConcertoMusica(idConcerto,idMusica) Values(21,116348470);
INSERT INTO ConcertoMusica(idConcerto,idMusica) Values(21,116348624);
INSERT INTO ConcertoMusica(idConcerto,idMusica) Values(21,116348482);
INSERT INTO ConcertoMusica(idConcerto,idMusica) Values(21,62724015);
INSERT INTO ConcertoMusica(idConcerto,idMusica) Values(21,116348592);
INSERT INTO ConcertoMusica(idConcerto,idMusica) Values(21,116348616);
INSERT INTO ConcertoMusica(idConcerto,idMusica) Values(21,116348466);
INSERT INTO ConcertoMusica(idConcerto,idMusica) Values(21,116348468);
INSERT INTO ConcertoMusica(idConcerto,idMusica) Values(21,116348608);
INSERT INTO ConcertoMusica(idConcerto,idMusica) Values(21,116348660);
INSERT INTO ConcertoMusica(idConcerto,idMusica) Values(21,62724018);
INSERT INTO ConcertoMusica(idConcerto,idMusica) Values(21,116348620);
INSERT INTO ConcertoMusica(idConcerto,idMusica) Values(21,116348626);
INSERT INTO ConcertoMusica(idConcerto,idMusica) Values(21,116348476);
INSERT INTO ConcertoMusica(idConcerto,idMusica) Values(21,116348598);
INSERT INTO ConcertoMusica(idConcerto,idMusica) Values(21,116348644);
INSERT INTO ConcertoMusica(idConcerto,idMusica) Values(21,116348462);
INSERT INTO ConcertoMusica(idConcerto,idMusica) Values(21,62724021);
INSERT INTO ConcertoMusica(idConcerto,idMusica) Values(21,116348478);
INSERT INTO ConcertoMusica(idConcerto,idMusica) Values(21,116348632);
INSERT INTO ConcertoMusica(idConcerto,idMusica) Values(21,116348640);
INSERT INTO ConcertoMusica(idConcerto,idMusica) Values(21,116348458);
INSERT INTO ConcertoMusica(idConcerto,idMusica) Values(21,116348638);
INSERT INTO ConcertoMusica(idConcerto,idMusica) Values(21,116348464);
INSERT INTO ConcertoMusica(idConcerto,idMusica) Values(21,62724019);
INSERT INTO ConcertoMusica(idConcerto,idMusica) Values(21,116348460);
INSERT INTO ConcertoMusica(idConcerto,idMusica) Values(21,116348648);
INSERT INTO ConcertoMusica(idConcerto,idMusica) Values(21,62724020);
INSERT INTO ConcertoMusica(idConcerto,idMusica) Values(21,62724017);
INSERT INTO ConcertoMusica(idConcerto,idMusica) Values(21,116348646);
INSERT INTO ConcertoMusica(idConcerto,idMusica) Values(21,116348622);
INSERT INTO ConcertoMusica(idConcerto,idMusica) Values(21,116348652);
INSERT INTO ConcertoMusica(idConcerto,idMusica) Values(21,116348628);
INSERT INTO ConcertoMusica(idConcerto,idMusica) Values(21,116348472);
INSERT INTO ConcertoMusica(idConcerto,idMusica) Values(21,62724016);
INSERT INTO ConcertoMusica(idConcerto,idMusica) Values(21,116348636);
INSERT INTO ConcertoMusica(idConcerto,idMusica) Values(21,1260522302);
INSERT INTO ConcertoMusica(idConcerto,idMusica) Values(21,116348666);
INSERT INTO ConcertoMusica(idConcerto,idMusica) Values(21,116348452);
INSERT INTO ConcertoMusica(idConcerto,idMusica) Values(21,116348456);
INSERT INTO ConcertoMusica(idConcerto,idMusica) Values(21,116348634);
INSERT INTO ConcertoMusica(idConcerto,idMusica) Values(21,116348618);
INSERT INTO ConcertoMusica(idConcerto,idMusica) Values(21,116348594);
INSERT INTO ConcertoMusica(idConcerto,idMusica) Values(21,62724023);
INSERT INTO ConcertoMusica(idConcerto,idMusica) Values(21,116348650);
INSERT INTO ConcertoMusica(idConcerto,idMusica) Values(21,116348480);
INSERT INTO ConcertoMusica(idConcerto,idMusica) Values(21,116348600);
INSERT INTO ConcertoMusica(idConcerto,idMusica) Values(21,62724014);
INSERT INTO ConcertoMusica(idConcerto,idMusica) Values(21,116348614);
INSERT INTO ConcertoMusica(idConcerto,idMusica) Values(21,116348454);
INSERT INTO ConcertoMusica(idConcerto,idMusica) Values(21,116348596);
INSERT INTO ConcertoMusica(idConcerto,idMusica) Values(21,116348474);
INSERT INTO ConcertoMusica(idConcerto,idMusica) Values(22,62724022);
INSERT INTO ConcertoMusica(idConcerto,idMusica) Values(23,4315381);
INSERT INTO ConcertoMusica(idConcerto,idMusica) Values(23,4315310);
INSERT INTO ConcertoMusica(idConcerto,idMusica) Values(23,4315318);
INSERT INTO ConcertoMusica(idConcerto,idMusica) Values(23,70322142);
INSERT INTO ConcertoMusica(idConcerto,idMusica) Values(23,4315319);
INSERT INTO ConcertoMusica(idConcerto,idMusica) Values(23,70322130);
INSERT INTO ConcertoMusica(idConcerto,idMusica) Values(23,70322133);
INSERT INTO ConcertoMusica(idConcerto,idMusica) Values(23,4315385);
INSERT INTO ConcertoMusica(idConcerto,idMusica) Values(23,4315380);
INSERT INTO ConcertoMusica(idConcerto,idMusica) Values(23,4315383);
INSERT INTO ConcertoMusica(idConcerto,idMusica) Values(23,4315315);
INSERT INTO ConcertoMusica(idConcerto,idMusica) Values(23,4315311);
INSERT INTO ConcertoMusica(idConcerto,idMusica) Values(23,4315317);
INSERT INTO ConcertoMusica(idConcerto,idMusica) Values(23,70322135);
INSERT INTO ConcertoMusica(idConcerto,idMusica) Values(23,70322137);
INSERT INTO ConcertoMusica(idConcerto,idMusica) Values(23,70322139);
INSERT INTO ConcertoMusica(idConcerto,idMusica) Values(23,4315320);
INSERT INTO ConcertoMusica(idConcerto,idMusica) Values(23,70322141);
INSERT INTO ConcertoMusica(idConcerto,idMusica) Values(23,4315389);
INSERT INTO ConcertoMusica(idConcerto,idMusica) Values(23,4315388);
INSERT INTO ConcertoMusica(idConcerto,idMusica) Values(23,4315379);
INSERT INTO ConcertoMusica(idConcerto,idMusica) Values(23,4315313);
INSERT INTO ConcertoMusica(idConcerto,idMusica) Values(24,62724017);
INSERT INTO ConcertoMusica(idConcerto,idMusica) Values(24,62724023);
INSERT INTO ConcertoMusica(idConcerto,idMusica) Values(24,1272174692);
INSERT INTO ConcertoMusica(idConcerto,idMusica) Values(24,585667562);
INSERT INTO ConcertoMusica(idConcerto,idMusica) Values(24,585667482);
INSERT INTO ConcertoMusica(idConcerto,idMusica) Values(25,107471922);
INSERT INTO ConcertoMusica(idConcerto,idMusica) Values(25,585667552);
INSERT INTO ConcertoMusica(idConcerto,idMusica) Values(25,585667482);
INSERT INTO ConcertoMusica(idConcerto,idMusica) Values(25,107471932);
INSERT INTO ConcertoMusica(idConcerto,idMusica) Values(25,585667452);
INSERT INTO ConcertoMusica(idConcerto,idMusica) Values(25,585667542);
INSERT INTO ConcertoMusica(idConcerto,idMusica) Values(25,62724016);
INSERT INTO ConcertoMusica(idConcerto,idMusica) Values(25,62724023);
INSERT INTO ConcertoMusica(idConcerto,idMusica) Values(25,585667532);
INSERT INTO ConcertoMusica(idConcerto,idMusica) Values(25,62724018);
INSERT INTO ConcertoMusica(idConcerto,idMusica) Values(27,10064646);
INSERT INTO ConcertoMusica(idConcerto,idMusica) Values(28,62724023);
INSERT INTO ConcertoMusica(idConcerto,idMusica) Values(28,62724020);
INSERT INTO ConcertoMusica(idConcerto,idMusica) Values(28,2293061);
INSERT INTO ConcertoMusica(idConcerto,idMusica) Values(28,2293064);
INSERT INTO ConcertoMusica(idConcerto,idMusica) Values(28,2293080);
INSERT INTO ConcertoMusica(idConcerto,idMusica) Values(28,2293089);
INSERT INTO ConcertoMusica(idConcerto,idMusica) Values(28,62724022);
INSERT INTO ConcertoMusica(idConcerto,idMusica) Values(29,585667482);
INSERT INTO ConcertoMusica(idConcerto,idMusica) Values(29,585667502);
INSERT INTO ConcertoMusica(idConcerto,idMusica) Values(29,585667472);
INSERT INTO ConcertoMusica(idConcerto,idMusica) Values(29,585667562);
INSERT INTO ConcertoMusica(idConcerto,idMusica) Values(29,585667492);
INSERT INTO ConcertoMusica(idConcerto,idMusica) Values(29,568147782);
INSERT INTO ConcertoMusica(idConcerto,idMusica) Values(29,568147752);
INSERT INTO ConcertoMusica(idConcerto,idMusica) Values(29,585667462);
INSERT INTO ConcertoMusica(idConcerto,idMusica) Values(29,568147712);
INSERT INTO ConcertoMusica(idConcerto,idMusica) Values(29,585667532);
INSERT INTO ConcertoMusica(idConcerto,idMusica) Values(29,568147762);
INSERT INTO ConcertoMusica(idConcerto,idMusica) Values(29,568147792);
INSERT INTO ConcertoMusica(idConcerto,idMusica) Values(29,568147772);
INSERT INTO ConcertoMusica(idConcerto,idMusica) Values(29,585667452);
INSERT INTO ConcertoMusica(idConcerto,idMusica) Values(29,585667522);
INSERT INTO ConcertoMusica(idConcerto,idMusica) Values(29,585667552);
INSERT INTO ConcertoMusica(idConcerto,idMusica) Values(29,568147742);
INSERT INTO ConcertoMusica(idConcerto,idMusica) Values(29,568147722);
INSERT INTO ConcertoMusica(idConcerto,idMusica) Values(29,585667572);
INSERT INTO ConcertoMusica(idConcerto,idMusica) Values(29,585667582);
INSERT INTO ConcertoMusica(idConcerto,idMusica) Values(29,585667512);
INSERT INTO ConcertoMusica(idConcerto,idMusica) Values(29,585667542);
INSERT INTO ConcertoMusica(idConcerto,idMusica) Values(29,568147822);
INSERT INTO ConcertoMusica(idConcerto,idMusica) Values(29,568147802);
INSERT INTO ConcertoMusica(idConcerto,idMusica) Values(29,568147812);
INSERT INTO ConcertoMusica(idConcerto,idMusica) Values(31,384157651);
INSERT INTO ConcertoMusica(idConcerto,idMusica) Values(31,74617611);
INSERT INTO ConcertoMusica(idConcerto,idMusica) Values(31,384157571);
INSERT INTO ConcertoMusica(idConcerto,idMusica) Values(31,681009692);
INSERT INTO ConcertoMusica(idConcerto,idMusica) Values(31,384157621);
INSERT INTO ConcertoMusica(idConcerto,idMusica) Values(31,384157691);
INSERT INTO ConcertoMusica(idConcerto,idMusica) Values(31,74617608);
INSERT INTO ConcertoMusica(idConcerto,idMusica) Values(31,74617613);
INSERT INTO ConcertoMusica(idConcerto,idMusica) Values(31,681009672);
INSERT INTO ConcertoMusica(idConcerto,idMusica) Values(31,384157611);
INSERT INTO ConcertoMusica(idConcerto,idMusica) Values(31,384157581);
INSERT INTO ConcertoMusica(idConcerto,idMusica) Values(31,74617615);
INSERT INTO ConcertoMusica(idConcerto,idMusica) Values(31,681009712);
INSERT INTO ConcertoMusica(idConcerto,idMusica) Values(31,74617612);
INSERT INTO ConcertoMusica(idConcerto,idMusica) Values(31,384157561);
INSERT INTO ConcertoMusica(idConcerto,idMusica) Values(31,384157601);
INSERT INTO ConcertoMusica(idConcerto,idMusica) Values(31,384157661);
INSERT INTO ConcertoMusica(idConcerto,idMusica) Values(31,384157681);
INSERT INTO ConcertoMusica(idConcerto,idMusica) Values(31,74617609);
INSERT INTO ConcertoMusica(idConcerto,idMusica) Values(31,681009732);
INSERT INTO ConcertoMusica(idConcerto,idMusica) Values(31,681009682);
INSERT INTO ConcertoMusica(idConcerto,idMusica) Values(31,681009652);
INSERT INTO ConcertoMusica(idConcerto,idMusica) Values(31,681009702);
INSERT INTO ConcertoMusica(idConcerto,idMusica) Values(31,384157631);
INSERT INTO ConcertoMusica(idConcerto,idMusica) Values(31,681009742);
INSERT INTO ConcertoMusica(idConcerto,idMusica) Values(31,74617610);
INSERT INTO ConcertoMusica(idConcerto,idMusica) Values(31,384157671);
INSERT INTO ConcertoMusica(idConcerto,idMusica) Values(31,74617614);
INSERT INTO ConcertoMusica(idConcerto,idMusica) Values(31,384157641);
INSERT INTO ConcertoMusica(idConcerto,idMusica) Values(31,681009722);
INSERT INTO ConcertoMusica(idConcerto,idMusica) Values(32,568147802);
INSERT INTO ConcertoMusica(idConcerto,idMusica) Values(32,74617612);
INSERT INTO ConcertoMusica(idConcerto,idMusica) Values(32,568147792);
INSERT INTO ConcertoMusica(idConcerto,idMusica) Values(32,568147762);
INSERT INTO ConcertoMusica(idConcerto,idMusica) Values(32,74617611);
INSERT INTO ConcertoMusica(idConcerto,idMusica) Values(32,568147772);
INSERT INTO ConcertoMusica(idConcerto,idMusica) Values(32,568147742);
INSERT INTO ConcertoMusica(idConcerto,idMusica) Values(32,568147782);
INSERT INTO ConcertoMusica(idConcerto,idMusica) Values(32,74617615);
INSERT INTO ConcertoMusica(idConcerto,idMusica) Values(32,568147722);
INSERT INTO ConcertoMusica(idConcerto,idMusica) Values(32,74617613);
INSERT INTO ConcertoMusica(idConcerto,idMusica) Values(32,568147712);
INSERT INTO ConcertoMusica(idConcerto,idMusica) Values(32,74617610);
INSERT INTO ConcertoMusica(idConcerto,idMusica) Values(32,568147812);
INSERT INTO ConcertoMusica(idConcerto,idMusica) Values(32,568147752);
INSERT INTO ConcertoMusica(idConcerto,idMusica) Values(32,568147822);
INSERT INTO ConcertoMusica(idConcerto,idMusica) Values(32,74617616);
INSERT INTO ConcertoMusica(idConcerto,idMusica) Values(32,74617608);
INSERT INTO ConcertoMusica(idConcerto,idMusica) Values(33,107471940);
INSERT INTO ConcertoMusica(idConcerto,idMusica) Values(33,107471920);
INSERT INTO ConcertoMusica(idConcerto,idMusica) Values(33,107471934);
INSERT INTO ConcertoMusica(idConcerto,idMusica) Values(33,107471928);
INSERT INTO ConcertoMusica(idConcerto,idMusica) Values(33,107471922);
INSERT INTO ConcertoMusica(idConcerto,idMusica) Values(33,107471926);
INSERT INTO ConcertoMusica(idConcerto,idMusica) Values(34,62724017);
INSERT INTO ConcertoMusica(idConcerto,idMusica) Values(34,62724023);
INSERT INTO ConcertoMusica(idConcerto,idMusica) Values(34,62724022);
INSERT INTO ConcertoMusica(idConcerto,idMusica) Values(34,62724020);
INSERT INTO ConcertoMusica(idConcerto,idMusica) Values(34,62724019);
INSERT INTO ConcertoMusica(idConcerto,idMusica) Values(34,1260522302);
INSERT INTO ConcertoMusica(idConcerto,idMusica) Values(34,10064651);
INSERT INTO ConcertoMusica(idConcerto,idMusica) Values(34,62724021);
INSERT INTO ConcertoMusica(idConcerto,idMusica) Values(34,62724015);
INSERT INTO ConcertoMusica(idConcerto,idMusica) Values(34,62724014);
INSERT INTO ConcertoMusica(idConcerto,idMusica) Values(34,10064650);
INSERT INTO ConcertoMusica(idConcerto,idMusica) Values(34,10064647);
INSERT INTO ConcertoMusica(idConcerto,idMusica) Values(34,10064649);
INSERT INTO ConcertoMusica(idConcerto,idMusica) Values(34,62724016);
INSERT INTO ConcertoMusica(idConcerto,idMusica) Values(34,10064646);
INSERT INTO ConcertoMusica(idConcerto,idMusica) Values(34,10064648);
-- Table: GenerosFavoritos
INSERT INTO GenerosFavoritos(idUtilizador,idGenero,numeroOrdem) Values(0,113,1);
INSERT INTO GenerosFavoritos(idUtilizador,idGenero,numeroOrdem) Values(0,152,2);
INSERT INTO GenerosFavoritos(idUtilizador,idGenero,numeroOrdem) Values(0,129,3);
INSERT INTO GenerosFavoritos(idUtilizador,idGenero,numeroOrdem) Values(1,152,1);
INSERT INTO GenerosFavoritos(idUtilizador,idGenero,numeroOrdem) Values(1,132,2);
INSERT INTO GenerosFavoritos(idUtilizador,idGenero,numeroOrdem) Values(1,116,3);
INSERT INTO GenerosFavoritos(idUtilizador,idGenero,numeroOrdem) Values(2,113,1);
INSERT INTO GenerosFavoritos(idUtilizador,idGenero,numeroOrdem) Values(2,85,2);
INSERT INTO GenerosFavoritos(idUtilizador,idGenero,numeroOrdem) Values(2,152,3);
INSERT INTO GenerosFavoritos(idUtilizador,idGenero,numeroOrdem) Values(3,116,1);
INSERT INTO GenerosFavoritos(idUtilizador,idGenero,numeroOrdem) Values(3,152,2);
INSERT INTO GenerosFavoritos(idUtilizador,idGenero,numeroOrdem) Values(3,85,3);
INSERT INTO GenerosFavoritos(idUtilizador,idGenero,numeroOrdem) Values(4,85,1);
INSERT INTO GenerosFavoritos(idUtilizador,idGenero,numeroOrdem) Values(4,132,2);
INSERT INTO GenerosFavoritos(idUtilizador,idGenero,numeroOrdem) Values(4,113,3);
INSERT INTO GenerosFavoritos(idUtilizador,idGenero,numeroOrdem) Values(5,116,1);
INSERT INTO GenerosFavoritos(idUtilizador,idGenero,numeroOrdem) Values(5,132,2);
INSERT INTO GenerosFavoritos(idUtilizador,idGenero,numeroOrdem) Values(5,85,3);
INSERT INTO GenerosFavoritos(idUtilizador,idGenero,numeroOrdem) Values(6,113,1);
INSERT INTO GenerosFavoritos(idUtilizador,idGenero,numeroOrdem) Values(6,132,2);
INSERT INTO GenerosFavoritos(idUtilizador,idGenero,numeroOrdem) Values(6,129,3);
INSERT INTO GenerosFavoritos(idUtilizador,idGenero,numeroOrdem) Values(7,85,1);
INSERT INTO GenerosFavoritos(idUtilizador,idGenero,numeroOrdem) Values(7,152,2);
INSERT INTO GenerosFavoritos(idUtilizador,idGenero,numeroOrdem) Values(7,132,3);
INSERT INTO GenerosFavoritos(idUtilizador,idGenero,numeroOrdem) Values(8,85,1);
INSERT INTO GenerosFavoritos(idUtilizador,idGenero,numeroOrdem) Values(8,113,2);
INSERT INTO GenerosFavoritos(idUtilizador,idGenero,numeroOrdem) Values(8,132,3);
INSERT INTO GenerosFavoritos(idUtilizador,idGenero,numeroOrdem) Values(9,129,1);
INSERT INTO GenerosFavoritos(idUtilizador,idGenero,numeroOrdem) Values(9,132,2);
INSERT INTO GenerosFavoritos(idUtilizador,idGenero,numeroOrdem) Values(9,152,3);
INSERT INTO GenerosFavoritos(idUtilizador,idGenero,numeroOrdem) Values(10,152,1);
INSERT INTO GenerosFavoritos(idUtilizador,idGenero,numeroOrdem) Values(10,132,2);
INSERT INTO GenerosFavoritos(idUtilizador,idGenero,numeroOrdem) Values(10,85,3);
INSERT INTO GenerosFavoritos(idUtilizador,idGenero,numeroOrdem) Values(11,113,1);
INSERT INTO GenerosFavoritos(idUtilizador,idGenero,numeroOrdem) Values(11,132,2);
INSERT INTO GenerosFavoritos(idUtilizador,idGenero,numeroOrdem) Values(11,129,3);
INSERT INTO GenerosFavoritos(idUtilizador,idGenero,numeroOrdem) Values(12,152,1);
INSERT INTO GenerosFavoritos(idUtilizador,idGenero,numeroOrdem) Values(12,116,2);
INSERT INTO GenerosFavoritos(idUtilizador,idGenero,numeroOrdem) Values(12,113,3);
INSERT INTO GenerosFavoritos(idUtilizador,idGenero,numeroOrdem) Values(13,113,1);
INSERT INTO GenerosFavoritos(idUtilizador,idGenero,numeroOrdem) Values(13,132,2);
INSERT INTO GenerosFavoritos(idUtilizador,idGenero,numeroOrdem) Values(13,116,3);
INSERT INTO GenerosFavoritos(idUtilizador,idGenero,numeroOrdem) Values(14,129,1);
INSERT INTO GenerosFavoritos(idUtilizador,idGenero,numeroOrdem) Values(14,85,2);
INSERT INTO GenerosFavoritos(idUtilizador,idGenero,numeroOrdem) Values(14,152,3);
INSERT INTO GenerosFavoritos(idUtilizador,idGenero,numeroOrdem) Values(15,132,1);
INSERT INTO GenerosFavoritos(idUtilizador,idGenero,numeroOrdem) Values(15,152,2);
INSERT INTO GenerosFavoritos(idUtilizador,idGenero,numeroOrdem) Values(15,113,3);
INSERT INTO GenerosFavoritos(idUtilizador,idGenero,numeroOrdem) Values(16,152,1);
INSERT INTO GenerosFavoritos(idUtilizador,idGenero,numeroOrdem) Values(16,113,2);
INSERT INTO GenerosFavoritos(idUtilizador,idGenero,numeroOrdem) Values(16,129,3);
INSERT INTO GenerosFavoritos(idUtilizador,idGenero,numeroOrdem) Values(17,129,1);
INSERT INTO GenerosFavoritos(idUtilizador,idGenero,numeroOrdem) Values(17,132,2);
INSERT INTO GenerosFavoritos(idUtilizador,idGenero,numeroOrdem) Values(17,85,3);
INSERT INTO GenerosFavoritos(idUtilizador,idGenero,numeroOrdem) Values(18,129,1);
INSERT INTO GenerosFavoritos(idUtilizador,idGenero,numeroOrdem) Values(18,132,2);
INSERT INTO GenerosFavoritos(idUtilizador,idGenero,numeroOrdem) Values(18,85,3);
INSERT INTO GenerosFavoritos(idUtilizador,idGenero,numeroOrdem) Values(19,129,1);
INSERT INTO GenerosFavoritos(idUtilizador,idGenero,numeroOrdem) Values(19,116,2);
INSERT INTO GenerosFavoritos(idUtilizador,idGenero,numeroOrdem) Values(19,152,3);
INSERT INTO GenerosFavoritos(idUtilizador,idGenero,numeroOrdem) Values(20,129,1);
INSERT INTO GenerosFavoritos(idUtilizador,idGenero,numeroOrdem) Values(20,152,2);
INSERT INTO GenerosFavoritos(idUtilizador,idGenero,numeroOrdem) Values(20,132,3);
INSERT INTO GenerosFavoritos(idUtilizador,idGenero,numeroOrdem) Values(21,113,1);
INSERT INTO GenerosFavoritos(idUtilizador,idGenero,numeroOrdem) Values(21,152,2);
INSERT INTO GenerosFavoritos(idUtilizador,idGenero,numeroOrdem) Values(21,132,3);
INSERT INTO GenerosFavoritos(idUtilizador,idGenero,numeroOrdem) Values(22,129,1);
INSERT INTO GenerosFavoritos(idUtilizador,idGenero,numeroOrdem) Values(22,116,2);
INSERT INTO GenerosFavoritos(idUtilizador,idGenero,numeroOrdem) Values(22,85,3);
INSERT INTO GenerosFavoritos(idUtilizador,idGenero,numeroOrdem) Values(23,129,1);
INSERT INTO GenerosFavoritos(idUtilizador,idGenero,numeroOrdem) Values(23,152,2);
INSERT INTO GenerosFavoritos(idUtilizador,idGenero,numeroOrdem) Values(23,113,3);
INSERT INTO GenerosFavoritos(idUtilizador,idGenero,numeroOrdem) Values(24,85,1);
INSERT INTO GenerosFavoritos(idUtilizador,idGenero,numeroOrdem) Values(24,152,2);
INSERT INTO GenerosFavoritos(idUtilizador,idGenero,numeroOrdem) Values(24,129,3);
INSERT INTO GenerosFavoritos(idUtilizador,idGenero,numeroOrdem) Values(25,129,1);
INSERT INTO GenerosFavoritos(idUtilizador,idGenero,numeroOrdem) Values(25,113,2);
INSERT INTO GenerosFavoritos(idUtilizador,idGenero,numeroOrdem) Values(25,132,3);
INSERT INTO GenerosFavoritos(idUtilizador,idGenero,numeroOrdem) Values(26,85,1);
INSERT INTO GenerosFavoritos(idUtilizador,idGenero,numeroOrdem) Values(26,116,2);
INSERT INTO GenerosFavoritos(idUtilizador,idGenero,numeroOrdem) Values(26,132,3);
INSERT INTO GenerosFavoritos(idUtilizador,idGenero,numeroOrdem) Values(27,129,1);
INSERT INTO GenerosFavoritos(idUtilizador,idGenero,numeroOrdem) Values(27,152,2);
INSERT INTO GenerosFavoritos(idUtilizador,idGenero,numeroOrdem) Values(27,113,3);
INSERT INTO GenerosFavoritos(idUtilizador,idGenero,numeroOrdem) Values(28,129,1);
INSERT INTO GenerosFavoritos(idUtilizador,idGenero,numeroOrdem) Values(28,152,2);
INSERT INTO GenerosFavoritos(idUtilizador,idGenero,numeroOrdem) Values(28,85,3);
INSERT INTO GenerosFavoritos(idUtilizador,idGenero,numeroOrdem) Values(29,152,1);
INSERT INTO GenerosFavoritos(idUtilizador,idGenero,numeroOrdem) Values(29,113,2);
INSERT INTO GenerosFavoritos(idUtilizador,idGenero,numeroOrdem) Values(29,116,3);
-- Table: BandaArtista
INSERT INTO BandaArtista(idBanda,idArtista) Values(27,100000000);
INSERT INTO BandaArtista(idBanda,idArtista) Values(27,100000001);
INSERT INTO BandaArtista(idBanda,idArtista) Values(1182,1195633);
INSERT INTO BandaArtista(idBanda,idArtista) Values(1182,100000002);
INSERT INTO BandaArtista(idBanda,idArtista) Values(1182,100000003);
INSERT INTO BandaArtista(idBanda,idArtista) Values(1182,100000004);
INSERT INTO BandaArtista(idBanda,idArtista) Values(1,226);
INSERT INTO BandaArtista(idBanda,idArtista) Values(1,1446);
INSERT INTO BandaArtista(idBanda,idArtista) Values(1,100000005);
INSERT INTO BandaArtista(idBanda,idArtista) Values(1,100000006);
-- Table: AutorBandaArtista
INSERT INTO AutorBandaArtista(idAutor,idBanda,idArtista) Values(27,27,NULL);
INSERT INTO AutorBandaArtista(idAutor,idBanda,idArtista) Values(100000000,NULL,100000000);
INSERT INTO AutorBandaArtista(idAutor,idBanda,idArtista) Values(100000001,NULL,100000001);
INSERT INTO AutorBandaArtista(idAutor,idBanda,idArtista) Values(1182,1182,NULL);
INSERT INTO AutorBandaArtista(idAutor,idBanda,idArtista) Values(1195633,NULL,1195633);
INSERT INTO AutorBandaArtista(idAutor,idBanda,idArtista) Values(100000002,NULL,100000002);
INSERT INTO AutorBandaArtista(idAutor,idBanda,idArtista) Values(100000003,NULL,100000003);
INSERT INTO AutorBandaArtista(idAutor,idBanda,idArtista) Values(100000004,NULL,100000004);
INSERT INTO AutorBandaArtista(idAutor,idBanda,idArtista) Values(11121068,NULL,11121068);
INSERT INTO AutorBandaArtista(idAutor,idBanda,idArtista) Values(10963720,NULL,10963720);
INSERT INTO AutorBandaArtista(idAutor,idBanda,idArtista) Values(14687,NULL,14687);
INSERT INTO AutorBandaArtista(idAutor,idBanda,idArtista) Values(5168,NULL,5168);
INSERT INTO AutorBandaArtista(idAutor,idBanda,idArtista) Values(1,1,NULL);
INSERT INTO AutorBandaArtista(idAutor,idBanda,idArtista) Values(226,NULL,226);
INSERT INTO AutorBandaArtista(idAutor,idBanda,idArtista) Values(1446,NULL,1446);
INSERT INTO AutorBandaArtista(idAutor,idBanda,idArtista) Values(100000005,NULL,100000005);
INSERT INTO AutorBandaArtista(idAutor,idBanda,idArtista) Values(100000006,NULL,100000006);
INSERT INTO AutorBandaArtista(idAutor,idBanda,idArtista) Values(230,NULL,230);
INSERT INTO AutorBandaArtista(idAutor,idBanda,idArtista) Values(70016862,NULL,70016862);
INSERT INTO AutorBandaArtista(idAutor,idBanda,idArtista) Values(1194083,NULL,1194083);
INSERT INTO AutorBandaArtista(idAutor,idBanda,idArtista) Values(997,NULL,997);
INSERT INTO AutorBandaArtista(idAutor,idBanda,idArtista) Values(9877750,NULL,9877750);
INSERT INTO AutorBandaArtista(idAutor,idBanda,idArtista) Values(429675,NULL,429675);
INSERT INTO AutorBandaArtista(idAutor,idBanda,idArtista) Values(6474027,NULL,6474027);
INSERT INTO AutorBandaArtista(idAutor,idBanda,idArtista) Values(412,NULL,412);
