PRAGMA foreign_keys = ON;
-- Table: Videoclip
INSERT INTO Videoclip(id,url,localFilmagem,duracao) Values(0,'https://www.youtube.com/watch?v=FGBhQbmPwH8','France',362830980
);
INSERT INTO Videoclip(id,url,localFilmagem,duracao) Values(1,'https://www.youtube.com/watch?v=Mjpu0-o9iek','Ireland',4620689
);
INSERT INTO Videoclip(id,url,localFilmagem,duracao) Values(2,'https://www.youtube.com/watch?v=4whD6uAryMs','Portugal',8706439
);
INSERT INTO Videoclip(id,url,localFilmagem,duracao) Values(3,'https://www.youtube.com/watch?v=yydNF8tuVmU','Switzerland',30372665
);
INSERT INTO Videoclip(id,url,localFilmagem,duracao) Values(4,'https://www.youtube.com/watch?v=oor2uIqys8M','Denmark',2697181
);
INSERT INTO Videoclip(id,url,localFilmagem,duracao) Values(5,'https://www.youtube.com/watch?v=xBTqRd09y3E','Montenegro',7050602
);
INSERT INTO Videoclip(id,url,localFilmagem,duracao) Values(6,'https://www.youtube.com/watch?v=WIm1GgfRz6M','Spain',210287813
);
INSERT INTO Videoclip(id,url,localFilmagem,duracao) Values(7,'https://www.youtube.com/watch?v=wFju8uVDpek','Norway',6791557
);
INSERT INTO Videoclip(id,url,localFilmagem,duracao) Values(8,'https://www.youtube.com/watch?v=sOS9aOIXPEk','Macedonia',63704087
);
INSERT INTO Videoclip(id,url,localFilmagem,duracao) Values(9,'https://www.youtube.com/watch?v=UlqBWJy3v1s','Bosnia and Herzegovina',751009
);
INSERT INTO Videoclip(id,url,localFilmagem,duracao) Values(10,'https://www.youtube.com/watch?v=HhZaHf8RP6g','Russia',22114584
);
INSERT INTO Videoclip(id,url,localFilmagem,duracao) Values(11,'NONE','Ukraine',0);
INSERT INTO Videoclip(id,url,localFilmagem,duracao) Values(12,'https://www.youtube.com/watch?v=PUtwhfvOvgI','San Marino',120373
);
INSERT INTO Videoclip(id,url,localFilmagem,duracao) Values(13,'https://www.youtube.com/watch?v=ROF4uNjrB4U','Slovenia',2789652
);
INSERT INTO Videoclip(id,url,localFilmagem,duracao) Values(14,'https://www.youtube.com/watch?v=IluRBvnYMoY','Macedonia',22887801
);
INSERT INTO Videoclip(id,url,localFilmagem,duracao) Values(15,'https://www.youtube.com/watch?v=HKLnmMacEB4','Greece',45686791
);
INSERT INTO Videoclip(id,url,localFilmagem,duracao) Values(16,'https://www.youtube.com/watch?v=zhl-Cs1-sG4','Bulgaria',28243254
);
INSERT INTO Videoclip(id,url,localFilmagem,duracao) Values(17,'https://www.youtube.com/watch?v=cuj__JnGWLg','Netherlands',7480219
);
INSERT INTO Videoclip(id,url,localFilmagem,duracao) Values(18,'https://www.youtube.com/watch?v=a5uQMwRMHcs','Bosnia and Herzegovina',509234396
);
INSERT INTO Videoclip(id,url,localFilmagem,duracao) Values(19,'https://www.youtube.com/watch?v=NF-kLy44Hls','Moldova',180449449
);
INSERT INTO Videoclip(id,url,localFilmagem,duracao) Values(20,'https://www.youtube.com/watch?v=0Gkhol2Q1og','Bosnia and Herzegovina',12170110
);
INSERT INTO Videoclip(id,url,localFilmagem,duracao) Values(21,'https://www.youtube.com/watch?v=5NV6Rdv1a3I','Luxembourg',605204914
);
INSERT INTO Videoclip(id,url,localFilmagem,duracao) Values(22,'NONE','Montenegro',0);
INSERT INTO Videoclip(id,url,localFilmagem,duracao) Values(23,'NONE','Belarus',0);
INSERT INTO Videoclip(id,url,localFilmagem,duracao) Values(24,'https://www.youtube.com/watch?v=_ScM9pKlCfo','Estonia',6524997
);
INSERT INTO Videoclip(id,url,localFilmagem,duracao) Values(25,'https://www.youtube.com/watch?v=LL-gyhZVvx0','Turkey',16780068
);
INSERT INTO Videoclip(id,url,localFilmagem,duracao) Values(26,'https://www.youtube.com/watch?v=xikQkSdt9fI','Switzerland',21857088
);
INSERT INTO Videoclip(id,url,localFilmagem,duracao) Values(27,'https://www.youtube.com/watch?v=5NV6Rdv1a3I','San Marino',605204914
);
INSERT INTO Videoclip(id,url,localFilmagem,duracao) Values(28,'https://www.youtube.com/watch?v=bpOSxM0rNPM','Austria',1263218547
);
INSERT INTO Videoclip(id,url,localFilmagem,duracao) Values(29,'https://www.youtube.com/watch?v=ngzC_8zqInk','Monaco',67249968
);
INSERT INTO Videoclip(id,url,localFilmagem,duracao) Values(30,'https://www.youtube.com/watch?v=qN7gSMPQFss','Estonia',47252328
);
INSERT INTO Videoclip(id,url,localFilmagem,duracao) Values(31,'https://www.youtube.com/watch?v=Jn6-TItCazo','Latvia',91613549
);
INSERT INTO Videoclip(id,url,localFilmagem,duracao) Values(32,'https://www.youtube.com/watch?v=hFDcoX7s6rE','Malta',89748514
);
INSERT INTO Videoclip(id,url,localFilmagem,duracao) Values(33,'https://www.youtube.com/watch?v=mGUjVbsYG6E','Bulgaria',8059003
);
INSERT INTO Videoclip(id,url,localFilmagem,duracao) Values(34,'https://www.youtube.com/watch?v=up5DEICL_Q0','San Marino',2774361
);
INSERT INTO Videoclip(id,url,localFilmagem,duracao) Values(35,'https://www.youtube.com/watch?v=8-LewaeKejM','Switzerland',4346749
);
INSERT INTO Videoclip(id,url,localFilmagem,duracao) Values(36,'https://www.youtube.com/watch?v=6366dxFf-Os','Belarus',129116453
);
INSERT INTO Videoclip(id,url,localFilmagem,duracao) Values(37,'https://www.youtube.com/watch?v=1_O_T6Aq85E','Montenegro',46845935
);
INSERT INTO Videoclip(id,url,localFilmagem,duracao) Values(38,'https://www.youtube.com/watch?v=lyO-Sveg6a8','Norway',45096337
);
INSERT INTO Videoclip(id,url,localFilmagem,duracao) Values(39,'https://www.youtube.com/watch?v=nyuo9-OjNNg','Belgium',56856513
);
INSERT INTO Videoclip(id,url,localFilmagem,duracao) Values(40,'https://www.youtube.com/watch?v=30w8DyEJ__0','Denmark',58318415
);
INSERT INTO Videoclip(id,url,localFilmagem,duracao) Values(41,'https://www.youtube.com/watch?v=VredAgNScOw','Belarus',5284811
);
INSERT INTO Videoclip(id,url,localFilmagem,duracao) Values(42,'https://www.youtube.com/watch?v=0w6WlfdPSms','Cyprus',2438219
);
INSERT INTO Videoclip(id,url,localFilmagem,duracao) Values(43,'https://www.youtube.com/watch?v=GeyA2L5LNBk','Spain',3101992
);
INSERT INTO Videoclip(id,url,localFilmagem,duracao) Values(44,'https://www.youtube.com/watch?v=ma9I9VBKPiw','Bosnia and Herzegovina',139847081
);
INSERT INTO Videoclip(id,url,localFilmagem,duracao) Values(45,'https://www.youtube.com/watch?v=3htnUhv4lOM','Germany',2202406
);
INSERT INTO Videoclip(id,url,localFilmagem,duracao) Values(46,'https://www.youtube.com/watch?v=MaFEHf34fCQ','Austria',7772637
);
INSERT INTO Videoclip(id,url,localFilmagem,duracao) Values(47,'https://www.youtube.com/watch?v=anw6Gyh_ahU','Luxembourg',1959565
);
INSERT INTO Videoclip(id,url,localFilmagem,duracao) Values(48,'https://www.youtube.com/watch?v=wU0UbTDxABI','Kosovo',3394337
);
INSERT INTO Videoclip(id,url,localFilmagem,duracao) Values(49,'https://www.youtube.com/watch?v=hxiwUOsnVh0','Sweden',1141473
);
INSERT INTO Videoclip(id,url,localFilmagem,duracao) Values(50,'https://www.youtube.com/watch?v=NgLWF2XJyKA','Poland',8888877
);
INSERT INTO Videoclip(id,url,localFilmagem,duracao) Values(51,'https://www.youtube.com/watch?v=qU9mHegkTc4','Bosnia and Herzegovina',127672572
);
INSERT INTO Videoclip(id,url,localFilmagem,duracao) Values(52,'https://www.youtube.com/watch?v=PeQAZsyucbQ','Georgia',13659797
);
INSERT INTO Videoclip(id,url,localFilmagem,duracao) Values(53,'https://www.youtube.com/watch?v=CYpn8yUnX_c','San Marino',12183884
);
INSERT INTO Videoclip(id,url,localFilmagem,duracao) Values(54,'https://www.youtube.com/watch?v=rMIGONn-Gxk','Andorra',2144986
);
INSERT INTO Videoclip(id,url,localFilmagem,duracao) Values(55,'https://www.youtube.com/watch?v=25xNOeXvQLY','Luxembourg',1909110
);
INSERT INTO Videoclip(id,url,localFilmagem,duracao) Values(56,'https://www.youtube.com/watch?v=cfetybygLkk','Liechtenstein',1277258
);
INSERT INTO Videoclip(id,url,localFilmagem,duracao) Values(57,'https://www.youtube.com/watch?v=FKPKSK1nCKY','Spain',3797497
);
INSERT INTO Videoclip(id,url,localFilmagem,duracao) Values(58,'https://www.youtube.com/watch?v=a62FZZa3fjE','Slovenia',1313346
);
INSERT INTO Videoclip(id,url,localFilmagem,duracao) Values(59,'https://www.youtube.com/watch?v=u8PjGQLO9mI','Cyprus',1292369
);
INSERT INTO Videoclip(id,url,localFilmagem,duracao) Values(60,'https://www.youtube.com/watch?v=dO368WjwyFs','Portugal',15852002
);
INSERT INTO Videoclip(id,url,localFilmagem,duracao) Values(61,'https://www.youtube.com/watch?v=53y82WWjea0','Monaco',1410442
);
INSERT INTO Videoclip(id,url,localFilmagem,duracao) Values(62,'https://www.youtube.com/watch?v=EqkBRVukQmE','Switzerland',45789908
);
INSERT INTO Videoclip(id,url,localFilmagem,duracao) Values(63,'https://www.youtube.com/watch?v=H8bNHRVwzyA','Luxembourg',6183767
);
INSERT INTO Videoclip(id,url,localFilmagem,duracao) Values(64,'https://www.youtube.com/watch?v=zMupng6KQeE','Germany',10381444
);
INSERT INTO Videoclip(id,url,localFilmagem,duracao) Values(65,'https://www.youtube.com/watch?v=TKvzHBdcAdM','Turkey',3403231
);
INSERT INTO Videoclip(id,url,localFilmagem,duracao) Values(66,'https://www.youtube.com/watch?v=KpPLr0W_fEk','Austria',801961
);
INSERT INTO Videoclip(id,url,localFilmagem,duracao) Values(67,'https://www.youtube.com/watch?v=2jogmnbvy0U','Hungary',966717
);
INSERT INTO Videoclip(id,url,localFilmagem,duracao) Values(68,'https://www.youtube.com/watch?v=gLildVN4c74','Croatia',727615
);
INSERT INTO Videoclip(id,url,localFilmagem,duracao) Values(69,'https://www.youtube.com/watch?v=TKvzHBdcAdM','Netherlands',3403284
);
INSERT INTO Videoclip(id,url,localFilmagem,duracao) Values(70,'https://www.youtube.com/watch?v=GmOxB-gXhs4','Montenegro',1381216
);
INSERT INTO Videoclip(id,url,localFilmagem,duracao) Values(71,'https://www.youtube.com/watch?v=Fp1AK7rFnRw','France',19133514
);
INSERT INTO Videoclip(id,url,localFilmagem,duracao) Values(72,'https://www.youtube.com/watch?v=NBmLZgB2ovU','Liechtenstein',1501357
);
INSERT INTO Videoclip(id,url,localFilmagem,duracao) Values(73,'https://www.youtube.com/watch?v=HB6JjgEubrk','Andorra',1020732
);
INSERT INTO Videoclip(id,url,localFilmagem,duracao) Values(74,'NONE','Netherlands',0);
INSERT INTO Videoclip(id,url,localFilmagem,duracao) Values(75,'https://www.youtube.com/watch?v=iAv1Y1YIwm8','Sweden',4370052
);
INSERT INTO Videoclip(id,url,localFilmagem,duracao) Values(76,'https://www.youtube.com/watch?v=3wVTmlD86a8','Germany',4851639
);
INSERT INTO Videoclip(id,url,localFilmagem,duracao) Values(77,'https://www.youtube.com/watch?v=xsuEd9xpCfM','Greece',2030930
);
INSERT INTO Videoclip(id,url,localFilmagem,duracao) Values(78,'https://www.youtube.com/watch?v=l4jxRfGPmPs','Moldova',151344
);
INSERT INTO Videoclip(id,url,localFilmagem,duracao) Values(79,'https://www.youtube.com/watch?v=5kfQsBhmOKs','Austria',832613
);
INSERT INTO Videoclip(id,url,localFilmagem,duracao) Values(80,'https://www.youtube.com/watch?v=0jtk0fg816w','Poland',167358
);
INSERT INTO Videoclip(id,url,localFilmagem,duracao) Values(81,'NONE','France',0);
INSERT INTO Videoclip(id,url,localFilmagem,duracao) Values(82,'https://www.youtube.com/watch?v=Ac5ksZTvZN8','Ireland',2953976
);
INSERT INTO Videoclip(id,url,localFilmagem,duracao) Values(83,'https://www.youtube.com/watch?v=agChvGmTGsg','Estonia',5109383
);
INSERT INTO Videoclip(id,url,localFilmagem,duracao) Values(84,'https://www.youtube.com/watch?v=ktzHCaaxCBI','Slovakia',101993
);
INSERT INTO Videoclip(id,url,localFilmagem,duracao) Values(85,'https://www.youtube.com/watch?v=1XqHlWsMThA','Switzerland',148644708
);
INSERT INTO Videoclip(id,url,localFilmagem,duracao) Values(86,'https://www.youtube.com/watch?v=XmT6_8ouAIY','Greece',611218
);
INSERT INTO Videoclip(id,url,localFilmagem,duracao) Values(87,'https://www.youtube.com/watch?v=WKvrADnqD-c','Monaco',30672
);
INSERT INTO Videoclip(id,url,localFilmagem,duracao) Values(88,'https://www.youtube.com/watch?v=-J_g6gQgEoQ','Andorra',13191185
);
INSERT INTO Videoclip(id,url,localFilmagem,duracao) Values(89,'https://www.youtube.com/watch?v=PF_yP7Q0z6k','Netherlands',3672005
);
INSERT INTO Videoclip(id,url,localFilmagem,duracao) Values(90,'https://www.youtube.com/watch?v=sYYJ3HCKd-Q','Iceland',32429
);
INSERT INTO Videoclip(id,url,localFilmagem,duracao) Values(91,'https://www.youtube.com/watch?v=5NsBJ9wWoLo','Denmark',82740510
);
INSERT INTO Videoclip(id,url,localFilmagem,duracao) Values(92,'NONE','Germany',0);
INSERT INTO Videoclip(id,url,localFilmagem,duracao) Values(93,'NONE','Netherlands',0);
INSERT INTO Videoclip(id,url,localFilmagem,duracao) Values(94,'NONE','Italy',0);
INSERT INTO Videoclip(id,url,localFilmagem,duracao) Values(95,'NONE','San Marino',0);
INSERT INTO Videoclip(id,url,localFilmagem,duracao) Values(96,'NONE','Luxembourg',0);
INSERT INTO Videoclip(id,url,localFilmagem,duracao) Values(97,'NONE','Belgium',0);
INSERT INTO Videoclip(id,url,localFilmagem,duracao) Values(98,'NONE','Slovakia',0);
INSERT INTO Videoclip(id,url,localFilmagem,duracao) Values(99,'NONE','Lithuania',0);
INSERT INTO Videoclip(id,url,localFilmagem,duracao) Values(100,'NONE','Russia',0);
INSERT INTO Videoclip(id,url,localFilmagem,duracao) Values(101,'NONE','Austria',0);
INSERT INTO Videoclip(id,url,localFilmagem,duracao) Values(102,'NONE','Ukraine',0);
INSERT INTO Videoclip(id,url,localFilmagem,duracao) Values(103,'NONE','Spain',0);
INSERT INTO Videoclip(id,url,localFilmagem,duracao) Values(104,'NONE','Spain',0);
INSERT INTO Videoclip(id,url,localFilmagem,duracao) Values(105,'NONE','Italy',0);
INSERT INTO Videoclip(id,url,localFilmagem,duracao) Values(106,'NONE','Finland',0);
INSERT INTO Videoclip(id,url,localFilmagem,duracao) Values(107,'NONE','Slovakia',0);
INSERT INTO Videoclip(id,url,localFilmagem,duracao) Values(108,'NONE','Kosovo',0);
INSERT INTO Videoclip(id,url,localFilmagem,duracao) Values(109,'NONE','Belgium',0);
INSERT INTO Videoclip(id,url,localFilmagem,duracao) Values(110,'NONE','Estonia',0);
INSERT INTO Videoclip(id,url,localFilmagem,duracao) Values(111,'NONE','Moldova',0);
INSERT INTO Videoclip(id,url,localFilmagem,duracao) Values(112,'NONE','Macedonia',0);
INSERT INTO Videoclip(id,url,localFilmagem,duracao) Values(113,'NONE','Norway',0);
INSERT INTO Videoclip(id,url,localFilmagem,duracao) Values(114,'NONE','Belgium',0);
INSERT INTO Videoclip(id,url,localFilmagem,duracao) Values(115,'NONE','Ukraine',0);
INSERT INTO Videoclip(id,url,localFilmagem,duracao) Values(116,'NONE','Sweden',0);
INSERT INTO Videoclip(id,url,localFilmagem,duracao) Values(117,'NONE','Iceland',0);
INSERT INTO Videoclip(id,url,localFilmagem,duracao) Values(118,'NONE','Greece',0);
INSERT INTO Videoclip(id,url,localFilmagem,duracao) Values(119,'NONE','Sweden',0);
INSERT INTO Videoclip(id,url,localFilmagem,duracao) Values(120,'NONE','Montenegro',0);
INSERT INTO Videoclip(id,url,localFilmagem,duracao) Values(121,'NONE','Czech Republic',0);
INSERT INTO Videoclip(id,url,localFilmagem,duracao) Values(122,'NONE','Liechtenstein',0);
INSERT INTO Videoclip(id,url,localFilmagem,duracao) Values(123,'NONE','Andorra',0);
INSERT INTO Videoclip(id,url,localFilmagem,duracao) Values(124,'NONE','Serbia',0);
INSERT INTO Videoclip(id,url,localFilmagem,duracao) Values(125,'NONE','San Marino',0);
INSERT INTO Videoclip(id,url,localFilmagem,duracao) Values(126,'NONE','United Kingdom',0);
INSERT INTO Videoclip(id,url,localFilmagem,duracao) Values(127,'NONE','Ireland',0);
INSERT INTO Videoclip(id,url,localFilmagem,duracao) Values(128,'NONE','Slovakia',0);
INSERT INTO Videoclip(id,url,localFilmagem,duracao) Values(129,'NONE','Slovenia',0);
INSERT INTO Videoclip(id,url,localFilmagem,duracao) Values(130,'NONE','Greece',0);
INSERT INTO Videoclip(id,url,localFilmagem,duracao) Values(131,'NONE','Moldova',0);
INSERT INTO Videoclip(id,url,localFilmagem,duracao) Values(132,'NONE','Albania',0);
INSERT INTO Videoclip(id,url,localFilmagem,duracao) Values(133,'NONE','Andorra',0);
INSERT INTO Videoclip(id,url,localFilmagem,duracao) Values(134,'NONE','Slovenia',0);
INSERT INTO Videoclip(id,url,localFilmagem,duracao) Values(135,'NONE','Slovenia',0);
INSERT INTO Videoclip(id,url,localFilmagem,duracao) Values(136,'NONE','United Kingdom',0);
INSERT INTO Videoclip(id,url,localFilmagem,duracao) Values(137,'NONE','Switzerland',0);
INSERT INTO Videoclip(id,url,localFilmagem,duracao) Values(138,'NONE','Iceland',0);
INSERT INTO Videoclip(id,url,localFilmagem,duracao) Values(139,'NONE','Italy',0);
INSERT INTO Videoclip(id,url,localFilmagem,duracao) Values(140,'NONE','Malta',0);
INSERT INTO Videoclip(id,url,localFilmagem,duracao) Values(141,'NONE','Iceland',0);
INSERT INTO Videoclip(id,url,localFilmagem,duracao) Values(142,'NONE','Germany',0);
INSERT INTO Videoclip(id,url,localFilmagem,duracao) Values(143,'NONE','Kosovo',0);
INSERT INTO Videoclip(id,url,localFilmagem,duracao) Values(144,'NONE','Hungary',0);
INSERT INTO Videoclip(id,url,localFilmagem,duracao) Values(145,'NONE','Liechtenstein',0);
INSERT INTO Videoclip(id,url,localFilmagem,duracao) Values(146,'NONE','Macedonia',0);
INSERT INTO Videoclip(id,url,localFilmagem,duracao) Values(147,'NONE','Albania',0);
INSERT INTO Videoclip(id,url,localFilmagem,duracao) Values(148,'NONE','Spain',0);
INSERT INTO Videoclip(id,url,localFilmagem,duracao) Values(149,'NONE','Liechtenstein',0);
INSERT INTO Videoclip(id,url,localFilmagem,duracao) Values(150,'NONE','Hungary',0);
INSERT INTO Videoclip(id,url,localFilmagem,duracao) Values(151,'NONE','Belarus',0);
INSERT INTO Videoclip(id,url,localFilmagem,duracao) Values(152,'NONE','Turkey',0);
INSERT INTO Videoclip(id,url,localFilmagem,duracao) Values(153,'NONE','Ukraine',0);
INSERT INTO Videoclip(id,url,localFilmagem,duracao) Values(154,'NONE','Estonia',0);
INSERT INTO Videoclip(id,url,localFilmagem,duracao) Values(155,'NONE','Ukraine',0);
INSERT INTO Videoclip(id,url,localFilmagem,duracao) Values(156,'NONE','Germany',0);
INSERT INTO Videoclip(id,url,localFilmagem,duracao) Values(157,'NONE','Denmark',0);
INSERT INTO Videoclip(id,url,localFilmagem,duracao) Values(158,'NONE','France',0);
INSERT INTO Videoclip(id,url,localFilmagem,duracao) Values(159,'NONE','Belgium',0);
INSERT INTO Videoclip(id,url,localFilmagem,duracao) Values(160,'NONE','Albania',0);
INSERT INTO Videoclip(id,url,localFilmagem,duracao) Values(161,'NONE','Georgia',0);
INSERT INTO Videoclip(id,url,localFilmagem,duracao) Values(162,'NONE','San Marino',0);
INSERT INTO Videoclip(id,url,localFilmagem,duracao) Values(163,'NONE','Czech Republic',0);
INSERT INTO Videoclip(id,url,localFilmagem,duracao) Values(164,'NONE','Lithuania',0);
INSERT INTO Videoclip(id,url,localFilmagem,duracao) Values(165,'NONE','Turkey',0);
INSERT INTO Videoclip(id,url,localFilmagem,duracao) Values(166,'NONE','Ireland',0);
INSERT INTO Videoclip(id,url,localFilmagem,duracao) Values(167,'NONE','Luxembourg',0);
INSERT INTO Videoclip(id,url,localFilmagem,duracao) Values(168,'NONE','Italy',0);
INSERT INTO Videoclip(id,url,localFilmagem,duracao) Values(169,'NONE','Belgium',0);
INSERT INTO Videoclip(id,url,localFilmagem,duracao) Values(170,'NONE','Cyprus',0);
INSERT INTO Videoclip(id,url,localFilmagem,duracao) Values(171,'NONE','Italy',0);
INSERT INTO Videoclip(id,url,localFilmagem,duracao) Values(172,'NONE','Monaco',0);
INSERT INTO Videoclip(id,url,localFilmagem,duracao) Values(173,'NONE','Netherlands',0);
INSERT INTO Videoclip(id,url,localFilmagem,duracao) Values(174,'NONE','Slovakia',0);
INSERT INTO Videoclip(id,url,localFilmagem,duracao) Values(175,'NONE','Croatia',0);
INSERT INTO Videoclip(id,url,localFilmagem,duracao) Values(176,'NONE','France',0);
INSERT INTO Videoclip(id,url,localFilmagem,duracao) Values(177,'NONE','Estonia',0);
INSERT INTO Videoclip(id,url,localFilmagem,duracao) Values(178,'NONE','United Kingdom',0);
INSERT INTO Videoclip(id,url,localFilmagem,duracao) Values(179,'NONE','Georgia',0);
INSERT INTO Videoclip(id,url,localFilmagem,duracao) Values(180,'NONE','Belgium',0);
INSERT INTO Videoclip(id,url,localFilmagem,duracao) Values(181,'NONE','France',0);
INSERT INTO Videoclip(id,url,localFilmagem,duracao) Values(182,'NONE','Albania',0);
INSERT INTO Videoclip(id,url,localFilmagem,duracao) Values(183,'NONE','Poland',0);
INSERT INTO Videoclip(id,url,localFilmagem,duracao) Values(184,'NONE','Serbia',0);
INSERT INTO Videoclip(id,url,localFilmagem,duracao) Values(185,'NONE','Lithuania',0);
INSERT INTO Videoclip(id,url,localFilmagem,duracao) Values(186,'NONE','Spain',0);
INSERT INTO Videoclip(id,url,localFilmagem,duracao) Values(187,'NONE','Luxembourg',0);
INSERT INTO Videoclip(id,url,localFilmagem,duracao) Values(188,'NONE','Bosnia and Herzegovina',0);
INSERT INTO Videoclip(id,url,localFilmagem,duracao) Values(189,'NONE','Czech Republic',0);
INSERT INTO Videoclip(id,url,localFilmagem,duracao) Values(190,'NONE','Kosovo',0);
INSERT INTO Videoclip(id,url,localFilmagem,duracao) Values(191,'NONE','Georgia',0);
INSERT INTO Videoclip(id,url,localFilmagem,duracao) Values(192,'NONE','Liechtenstein',0);
INSERT INTO Videoclip(id,url,localFilmagem,duracao) Values(193,'NONE','Macedonia',0);
INSERT INTO Videoclip(id,url,localFilmagem,duracao) Values(194,'NONE','Kosovo',0);
INSERT INTO Videoclip(id,url,localFilmagem,duracao) Values(195,'NONE','Russia',0);
INSERT INTO Videoclip(id,url,localFilmagem,duracao) Values(196,'NONE','Macedonia',0);
INSERT INTO Videoclip(id,url,localFilmagem,duracao) Values(197,'NONE','Lithuania',0);
INSERT INTO Videoclip(id,url,localFilmagem,duracao) Values(198,'NONE','Macedonia',0);
INSERT INTO Videoclip(id,url,localFilmagem,duracao) Values(199,'NONE','Armenia',0);
INSERT INTO Videoclip(id,url,localFilmagem,duracao) Values(200,'NONE','Spain',0);
INSERT INTO Videoclip(id,url,localFilmagem,duracao) Values(201,'NONE','Malta',0);
INSERT INTO Videoclip(id,url,localFilmagem,duracao) Values(202,'NONE','Kosovo',0);
INSERT INTO Videoclip(id,url,localFilmagem,duracao) Values(203,'NONE','Luxembourg',0);
INSERT INTO Videoclip(id,url,localFilmagem,duracao) Values(204,'NONE','Italy',0);
INSERT INTO Videoclip(id,url,localFilmagem,duracao) Values(205,'NONE','Croatia',0);
INSERT INTO Videoclip(id,url,localFilmagem,duracao) Values(206,'NONE','Poland',0);
INSERT INTO Videoclip(id,url,localFilmagem,duracao) Values(207,'NONE','Denmark',0);
INSERT INTO Videoclip(id,url,localFilmagem,duracao) Values(208,'NONE','Netherlands',0);
INSERT INTO Videoclip(id,url,localFilmagem,duracao) Values(209,'NONE','Estonia',0);
INSERT INTO Videoclip(id,url,localFilmagem,duracao) Values(210,'NONE','Portugal',0);
INSERT INTO Videoclip(id,url,localFilmagem,duracao) Values(211,'NONE','Malta',0);
INSERT INTO Videoclip(id,url,localFilmagem,duracao) Values(212,'NONE','Hungary',0);
INSERT INTO Videoclip(id,url,localFilmagem,duracao) Values(213,'NONE','Cyprus',0);
INSERT INTO Videoclip(id,url,localFilmagem,duracao) Values(214,'NONE','Belgium',0);
INSERT INTO Videoclip(id,url,localFilmagem,duracao) Values(215,'NONE','Portugal',0);
INSERT INTO Videoclip(id,url,localFilmagem,duracao) Values(216,'NONE','Lithuania',0);
INSERT INTO Videoclip(id,url,localFilmagem,duracao) Values(217,'NONE','Germany',0);
INSERT INTO Videoclip(id,url,localFilmagem,duracao) Values(218,'NONE','Italy',0);
INSERT INTO Videoclip(id,url,localFilmagem,duracao) Values(219,'NONE','Germany',0);
INSERT INTO Videoclip(id,url,localFilmagem,duracao) Values(220,'NONE','Portugal',0);
INSERT INTO Videoclip(id,url,localFilmagem,duracao) Values(221,'NONE','Monaco',0);
INSERT INTO Videoclip(id,url,localFilmagem,duracao) Values(222,'NONE','Estonia',0);
INSERT INTO Videoclip(id,url,localFilmagem,duracao) Values(223,'NONE','Macedonia',0);
INSERT INTO Videoclip(id,url,localFilmagem,duracao) Values(224,'NONE','Serbia',0);
INSERT INTO Videoclip(id,url,localFilmagem,duracao) Values(225,'NONE','Bulgaria',0);
INSERT INTO Videoclip(id,url,localFilmagem,duracao) Values(226,'NONE','Bulgaria',0);
INSERT INTO Videoclip(id,url,localFilmagem,duracao) Values(227,'NONE','Belarus',0);
INSERT INTO Videoclip(id,url,localFilmagem,duracao) Values(228,'NONE','Montenegro',0);
INSERT INTO Videoclip(id,url,localFilmagem,duracao) Values(229,'NONE','Montenegro',0);
INSERT INTO Videoclip(id,url,localFilmagem,duracao) Values(230,'NONE','Poland',0);
INSERT INTO Videoclip(id,url,localFilmagem,duracao) Values(231,'NONE','Cyprus',0);
INSERT INTO Videoclip(id,url,localFilmagem,duracao) Values(232,'NONE','Andorra',0);
INSERT INTO Videoclip(id,url,localFilmagem,duracao) Values(233,'NONE','Croatia',0);
INSERT INTO Videoclip(id,url,localFilmagem,duracao) Values(234,'NONE','Moldova',0);
INSERT INTO Videoclip(id,url,localFilmagem,duracao) Values(235,'NONE','Latvia',0);
INSERT INTO Videoclip(id,url,localFilmagem,duracao) Values(236,'NONE','Azerbaijan',0);
INSERT INTO Videoclip(id,url,localFilmagem,duracao) Values(237,'NONE','Italy',0);
INSERT INTO Videoclip(id,url,localFilmagem,duracao) Values(238,'NONE','Finland',0);
INSERT INTO Videoclip(id,url,localFilmagem,duracao) Values(239,'NONE','Ireland',0);
INSERT INTO Videoclip(id,url,localFilmagem,duracao) Values(240,'NONE','Bulgaria',0);
INSERT INTO Videoclip(id,url,localFilmagem,duracao) Values(241,'NONE','Switzerland',0);
INSERT INTO Videoclip(id,url,localFilmagem,duracao) Values(242,'NONE','Norway',0);
INSERT INTO Videoclip(id,url,localFilmagem,duracao) Values(243,'NONE','Andorra',0);
INSERT INTO Videoclip(id,url,localFilmagem,duracao) Values(244,'NONE','Sweden',0);
INSERT INTO Videoclip(id,url,localFilmagem,duracao) Values(245,'NONE','Slovakia',0);
INSERT INTO Videoclip(id,url,localFilmagem,duracao) Values(246,'NONE','Denmark',0);
INSERT INTO Videoclip(id,url,localFilmagem,duracao) Values(247,'NONE','Czech Republic',0);
INSERT INTO Videoclip(id,url,localFilmagem,duracao) Values(248,'NONE','Kosovo',0);
INSERT INTO Videoclip(id,url,localFilmagem,duracao) Values(249,'NONE','San Marino',0);
INSERT INTO Videoclip(id,url,localFilmagem,duracao) Values(250,'NONE','Norway',0);
INSERT INTO Videoclip(id,url,localFilmagem,duracao) Values(251,'NONE','Georgia',0);
INSERT INTO Videoclip(id,url,localFilmagem,duracao) Values(252,'NONE','Slovakia',0);
INSERT INTO Videoclip(id,url,localFilmagem,duracao) Values(253,'NONE','Cyprus',0);
INSERT INTO Videoclip(id,url,localFilmagem,duracao) Values(254,'NONE','Finland',0);
INSERT INTO Videoclip(id,url,localFilmagem,duracao) Values(255,'NONE','France',0);
INSERT INTO Videoclip(id,url,localFilmagem,duracao) Values(256,'NONE','Serbia',0);
INSERT INTO Videoclip(id,url,localFilmagem,duracao) Values(257,'NONE','Turkey',0);
INSERT INTO Videoclip(id,url,localFilmagem,duracao) Values(258,'NONE','Belgium',0);
INSERT INTO Videoclip(id,url,localFilmagem,duracao) Values(259,'NONE','Ukraine',0);
INSERT INTO Videoclip(id,url,localFilmagem,duracao) Values(260,'NONE','Sweden',0);
INSERT INTO Videoclip(id,url,localFilmagem,duracao) Values(261,'NONE','Netherlands',0);
INSERT INTO Videoclip(id,url,localFilmagem,duracao) Values(262,'NONE','France',0);
INSERT INTO Videoclip(id,url,localFilmagem,duracao) Values(263,'NONE','Albania',0);
INSERT INTO Videoclip(id,url,localFilmagem,duracao) Values(264,'NONE','Germany',0);
INSERT INTO Videoclip(id,url,localFilmagem,duracao) Values(265,'NONE','Czech Republic',0);
INSERT INTO Videoclip(id,url,localFilmagem,duracao) Values(266,'NONE','Italy',0);
INSERT INTO Videoclip(id,url,localFilmagem,duracao) Values(267,'NONE','Cyprus',0);
INSERT INTO Videoclip(id,url,localFilmagem,duracao) Values(268,'NONE','Andorra',0);
INSERT INTO Videoclip(id,url,localFilmagem,duracao) Values(269,'NONE','Austria',0);
INSERT INTO Videoclip(id,url,localFilmagem,duracao) Values(270,'NONE','United Kingdom',0);
INSERT INTO Videoclip(id,url,localFilmagem,duracao) Values(271,'NONE','Ukraine',0);
INSERT INTO Videoclip(id,url,localFilmagem,duracao) Values(272,'NONE','Kosovo',0);
INSERT INTO Videoclip(id,url,localFilmagem,duracao) Values(273,'NONE','Macedonia',0);
INSERT INTO Videoclip(id,url,localFilmagem,duracao) Values(274,'NONE','Czech Republic',0);
INSERT INTO Videoclip(id,url,localFilmagem,duracao) Values(275,'NONE','France',0);
INSERT INTO Videoclip(id,url,localFilmagem,duracao) Values(276,'NONE','Turkey',0);
INSERT INTO Videoclip(id,url,localFilmagem,duracao) Values(277,'NONE','Portugal',0);
INSERT INTO Videoclip(id,url,localFilmagem,duracao) Values(278,'NONE','Azerbaijan',0);
INSERT INTO Videoclip(id,url,localFilmagem,duracao) Values(279,'NONE','Andorra',0);
INSERT INTO Videoclip(id,url,localFilmagem,duracao) Values(280,'NONE','Poland',0);
INSERT INTO Videoclip(id,url,localFilmagem,duracao) Values(281,'NONE','Armenia',0);
INSERT INTO Videoclip(id,url,localFilmagem,duracao) Values(282,'NONE','Switzerland',0);
INSERT INTO Videoclip(id,url,localFilmagem,duracao) Values(283,'NONE','Finland',0);
INSERT INTO Videoclip(id,url,localFilmagem,duracao) Values(284,'NONE','Monaco',0);
INSERT INTO Videoclip(id,url,localFilmagem,duracao) Values(285,'NONE','Serbia',0);
INSERT INTO Videoclip(id,url,localFilmagem,duracao) Values(286,'NONE','Turkey',0);
INSERT INTO Videoclip(id,url,localFilmagem,duracao) Values(287,'NONE','United Kingdom',0);
INSERT INTO Videoclip(id,url,localFilmagem,duracao) Values(288,'NONE','Poland',0);
INSERT INTO Videoclip(id,url,localFilmagem,duracao) Values(289,'NONE','Turkey',0);
INSERT INTO Videoclip(id,url,localFilmagem,duracao) Values(290,'NONE','Ukraine',0);
-- Table: Editora
INSERT INTO Editora(id,nome) Values(0,'Daft Life Ltd./ADA France');
INSERT INTO Editora(id,nome) Values(1,'Columbia');
INSERT INTO Editora(id,nome) Values(2,'Domino Recording Co');
INSERT INTO Editora(id,nome) Values(3,'Communion Group Ltd');
INSERT INTO Editora(id,nome) Values(4,'Universal Music Portugal SA');
INSERT INTO Editora(id,nome) Values(5,'Decca (UMO)');
INSERT INTO Editora(id,nome) Values(6,'EMI Catalogue');
INSERT INTO Editora(id,nome) Values(7,'UMC (Universal Music Catalogue)');
INSERT INTO Editora(id,nome) Values(8,'Rock The World/IDJ/Kanye LP7');
INSERT INTO Editora(id,nome) Values(9,'Getting Out Our Dreams II / Def Jam Recordings');
INSERT INTO Editora(id,nome) Values(10,'Sony Music Entertainment');
INSERT INTO Editora(id,nome) Values(11,'Parlophone UK');
INSERT INTO Editora(id,nome) Values(12,'Sons em Trânsito');
INSERT INTO Editora(id,nome) Values(13,'Atlantic Records');
INSERT INTO Editora(id,nome) Values(14,'Aftermath Entertainment/Atlantic');
INSERT INTO Editora(id,nome) Values(15,'Aftermath/12 Tone Music, LLC');
INSERT INTO Editora(id,nome) Values(16,'EMI');
-- Table: Album
INSERT INTO Album(id,nome,dataLancamento,idEditora) Values(302127,'Discovery','2001-03-07',0);
INSERT INTO Album(id,nome,dataLancamento,idEditora) Values(6575789,'Random Access Memories','2013-05-17',1);
INSERT INTO Album(id,nome,dataLancamento,idEditora) Values(6703346,'Get Lucky (feat. Pharrell Williams & Nile Rodgers)','2013-07-03',1);
INSERT INTO Album(id,nome,dataLancamento,idEditora) Values(6899610,'AM','2013-09-09',2);
INSERT INTO Album(id,nome,dataLancamento,idEditora) Values(401346,'Favourite Worst Nightmare','2007-04-21',2);
INSERT INTO Album(id,nome,dataLancamento,idEditora) Values(401340,'Whatever People Say I Am, That''s What I''m Not','2006-02-18',2);
INSERT INTO Album(id,nome,dataLancamento,idEditora) Values(921000,'Submarine - Original Songs From The Film By Alex Turner','2011-03-14',2);
INSERT INTO Album(id,nome,dataLancamento,idEditora) Values(75624372,'Amir','2018-10-19',3);
INSERT INTO Album(id,nome,dataLancamento,idEditora) Values(106585062,'Bolero','2019-08-08',4);
INSERT INTO Album(id,nome,dataLancamento,idEditora) Values(7371939,'Djavan','2014-03-25',1);
INSERT INTO Album(id,nome,dataLancamento,idEditora) Values(228644,'Joao','1991-01-01',5);
INSERT INTO Album(id,nome,dataLancamento,idEditora) Values(12047958,'Let It Be (Remastered)','2015-12-24',6);
INSERT INTO Album(id,nome,dataLancamento,idEditora) Values(12047952,'Abbey Road (Remastered)','2015-12-24',6);
INSERT INTO Album(id,nome,dataLancamento,idEditora) Values(12047956,'1 (Remastered)','2015-12-24',7);
INSERT INTO Album(id,nome,dataLancamento,idEditora) Values(13357219,'The Life Of Pablo','2016-06-15',8);
INSERT INTO Album(id,nome,dataLancamento,idEditora) Values(116355212,'JESUS IS KING','2019-10-25',9);
INSERT INTO Album(id,nome,dataLancamento,idEditora) Values(265953002,'Nós Pimba','2021-10-22',10);
INSERT INTO Album(id,nome,dataLancamento,idEditora) Values(214037042,'F#CK FOREX (feat. eddy0)','2021-03-15',10);
INSERT INTO Album(id,nome,dataLancamento,idEditora) Values(44730061,'Flower Boy','2017-07-21',1);
INSERT INTO Album(id,nome,dataLancamento,idEditora) Values(97140952,'IGOR','2019-05-17',1);
INSERT INTO Album(id,nome,dataLancamento,idEditora) Values(11205422,'The Rise and Fall of Ziggy Stardust and the Spiders from Mars (2012 Remaster)','2012-06-04',11);
INSERT INTO Album(id,nome,dataLancamento,idEditora) Values(15586282,'Amar Pelos Dois','2017-03-10',12);
INSERT INTO Album(id,nome,dataLancamento,idEditora) Values(6157080,'Unorthodox Jukebox','2012-12-05',13);
INSERT INTO Album(id,nome,dataLancamento,idEditora) Values(211423112,'Leave The Door Open','2021-03-05',14);
INSERT INTO Album(id,nome,dataLancamento,idEditora) Values(78640552,'Oxnard','2018-11-16',15);
INSERT INTO Album(id,nome,dataLancamento,idEditora) Values(915785,'A Night At The Opera (2011 Remaster)','2011-01-01',16);
INSERT INTO Album(id,nome,dataLancamento,idEditora) Values(1121401,'Jazz (2011 Remaster)','2011-01-01',16);
INSERT INTO Album(id,nome,dataLancamento,idEditora) Values(1232880,'The Works (2011 Remaster)','2011-02-23',16);
-- Table: Musica
INSERT INTO Musica(id,nome,imagemCapa,reproducoes,idVideoclip, idAlbum) Values(3135553,'One More Time','https://api.deezer.com/album/302127/image',322,0,302127);
INSERT INTO Musica(id,nome,imagemCapa,reproducoes,idVideoclip, idAlbum) Values(3135554,'Aerodynamic','https://api.deezer.com/album/302127/image',213,1,302127);
INSERT INTO Musica(id,nome,imagemCapa,reproducoes,idVideoclip, idAlbum) Values(3135555,'Digital Love','https://api.deezer.com/album/302127/image',302,2,302127);
INSERT INTO Musica(id,nome,imagemCapa,reproducoes,idVideoclip, idAlbum) Values(3135556,'Harder, Better, Faster, Stronger','https://api.deezer.com/album/302127/image',227,3,302127);
INSERT INTO Musica(id,nome,imagemCapa,reproducoes,idVideoclip, idAlbum) Values(3135557,'Crescendolls','https://api.deezer.com/album/302127/image',212,4,302127);
INSERT INTO Musica(id,nome,imagemCapa,reproducoes,idVideoclip, idAlbum) Values(3135558,'Nightvision','https://api.deezer.com/album/302127/image',112,5,302127);
INSERT INTO Musica(id,nome,imagemCapa,reproducoes,idVideoclip, idAlbum) Values(3135559,'Superheroes','https://api.deezer.com/album/302127/image',274,6,302127);
INSERT INTO Musica(id,nome,imagemCapa,reproducoes,idVideoclip, idAlbum) Values(3135560,'High Life','https://api.deezer.com/album/302127/image',222,7,302127);
INSERT INTO Musica(id,nome,imagemCapa,reproducoes,idVideoclip, idAlbum) Values(3135561,'Something About Us','https://api.deezer.com/album/302127/image',229,8,302127);
INSERT INTO Musica(id,nome,imagemCapa,reproducoes,idVideoclip, idAlbum) Values(3135562,'Voyager','https://api.deezer.com/album/302127/image',758,9,302127);
INSERT INTO Musica(id,nome,imagemCapa,reproducoes,idVideoclip, idAlbum) Values(3135563,'Veridis Quo','https://api.deezer.com/album/302127/image',407,10,302127);
INSERT INTO Musica(id,nome,imagemCapa,reproducoes,idVideoclip, idAlbum) Values(3135564,'Short Circuit','https://api.deezer.com/album/302127/image',8887548,11,302127);
INSERT INTO Musica(id,nome,imagemCapa,reproducoes,idVideoclip, idAlbum) Values(3135565,'Face to Face','https://api.deezer.com/album/302127/image',569,12,302127);
INSERT INTO Musica(id,nome,imagemCapa,reproducoes,idVideoclip, idAlbum) Values(3135566,'Too Long','https://api.deezer.com/album/302127/image',601,13,302127);
INSERT INTO Musica(id,nome,imagemCapa,reproducoes,idVideoclip, idAlbum) Values(67238728,'Give Life Back to Music','https://api.deezer.com/album/6575789/image',284,14,6575789);
INSERT INTO Musica(id,nome,imagemCapa,reproducoes,idVideoclip, idAlbum) Values(67238729,'The Game of Love','https://api.deezer.com/album/6575789/image',261,15,6575789);
INSERT INTO Musica(id,nome,imagemCapa,reproducoes,idVideoclip, idAlbum) Values(67238730,'Giorgio by Moroder','https://api.deezer.com/album/6575789/image',554,16,6575789);
INSERT INTO Musica(id,nome,imagemCapa,reproducoes,idVideoclip, idAlbum) Values(67238731,'Within','https://api.deezer.com/album/6575789/image',233,17,6575789);
INSERT INTO Musica(id,nome,imagemCapa,reproducoes,idVideoclip, idAlbum) Values(67238732,'Instant Crush (feat. Julian Casablancas)','https://api.deezer.com/album/6575789/image',340,18,6575789);
INSERT INTO Musica(id,nome,imagemCapa,reproducoes,idVideoclip, idAlbum) Values(67238733,'Lose Yourself to Dance (feat. Pharrell Williams)','https://api.deezer.com/album/6575789/image',251,19,6575789);
INSERT INTO Musica(id,nome,imagemCapa,reproducoes,idVideoclip, idAlbum) Values(67238734,'Touch (feat. Paul Williams)','https://api.deezer.com/album/6575789/image',509,20,6575789);
INSERT INTO Musica(id,nome,imagemCapa,reproducoes,idVideoclip, idAlbum) Values(67238735,'Get Lucky (feat. Pharrell Williams & Nile Rodgers)','https://api.deezer.com/album/6575789/image',249,21,6575789);
INSERT INTO Musica(id,nome,imagemCapa,reproducoes,idVideoclip, idAlbum) Values(67238736,'Beyond','https://api.deezer.com/album/6575789/image',4936403,22,6575789);
INSERT INTO Musica(id,nome,imagemCapa,reproducoes,idVideoclip, idAlbum) Values(67238737,'Motherboard','https://api.deezer.com/album/6575789/image',2510366,23,6575789);
INSERT INTO Musica(id,nome,imagemCapa,reproducoes,idVideoclip, idAlbum) Values(67238738,'Fragments of Time (feat. Todd Edwards)','https://api.deezer.com/album/6575789/image',289,24,6575789);
INSERT INTO Musica(id,nome,imagemCapa,reproducoes,idVideoclip, idAlbum) Values(67238739,'Doin'' it Right (feat. Panda Bear)','https://api.deezer.com/album/6575789/image',261,25,6575789);
INSERT INTO Musica(id,nome,imagemCapa,reproducoes,idVideoclip, idAlbum) Values(67238740,'Contact','https://api.deezer.com/album/6575789/image',159,26,6575789);
INSERT INTO Musica(id,nome,imagemCapa,reproducoes,idVideoclip, idAlbum) Values(68442677,'Get Lucky (feat. Pharrell Williams & Nile Rodgers)','https://api.deezer.com/album/6703346/image',249,27,6703346);
INSERT INTO Musica(id,nome,imagemCapa,reproducoes,idVideoclip, idAlbum) Values(70322130,'Do I Wanna Know?','https://api.deezer.com/album/6899610/image',266,28,6899610);
INSERT INTO Musica(id,nome,imagemCapa,reproducoes,idVideoclip, idAlbum) Values(70322132,'R U Mine?','https://api.deezer.com/album/6899610/image',202,29,6899610);
INSERT INTO Musica(id,nome,imagemCapa,reproducoes,idVideoclip, idAlbum) Values(70322133,'One For The Road','https://api.deezer.com/album/6899610/image',207,30,6899610);
INSERT INTO Musica(id,nome,imagemCapa,reproducoes,idVideoclip, idAlbum) Values(70322134,'Arabella','https://api.deezer.com/album/6899610/image',208,31,6899610);
INSERT INTO Musica(id,nome,imagemCapa,reproducoes,idVideoclip, idAlbum) Values(70322135,'I Want It All','https://api.deezer.com/album/6899610/image',250,32,6899610);
INSERT INTO Musica(id,nome,imagemCapa,reproducoes,idVideoclip, idAlbum) Values(70322136,'No. 1 Party Anthem','https://api.deezer.com/album/6899610/image',244,33,6899610);
INSERT INTO Musica(id,nome,imagemCapa,reproducoes,idVideoclip, idAlbum) Values(70322137,'Mad Sounds','https://api.deezer.com/album/6899610/image',216,34,6899610);
INSERT INTO Musica(id,nome,imagemCapa,reproducoes,idVideoclip, idAlbum) Values(70322138,'Fireside','https://api.deezer.com/album/6899610/image',182,35,6899610);
INSERT INTO Musica(id,nome,imagemCapa,reproducoes,idVideoclip, idAlbum) Values(70322139,'Why''d You Only Call Me When You''re High?','https://api.deezer.com/album/6899610/image',289,36,6899610);
INSERT INTO Musica(id,nome,imagemCapa,reproducoes,idVideoclip, idAlbum) Values(70322140,'Snap Out Of It','https://api.deezer.com/album/6899610/image',197,37,6899610);
INSERT INTO Musica(id,nome,imagemCapa,reproducoes,idVideoclip, idAlbum) Values(70322141,'Knee Socks','https://api.deezer.com/album/6899610/image',258,38,6899610);
INSERT INTO Musica(id,nome,imagemCapa,reproducoes,idVideoclip, idAlbum) Values(70322142,'I Wanna Be Yours','https://api.deezer.com/album/6899610/image',184,39,6899610);
INSERT INTO Musica(id,nome,imagemCapa,reproducoes,idVideoclip, idAlbum) Values(4315378,'Brianstorm','https://api.deezer.com/album/401346/image',182,40,401346);
INSERT INTO Musica(id,nome,imagemCapa,reproducoes,idVideoclip, idAlbum) Values(4315379,'Teddy Picker','https://api.deezer.com/album/401346/image',165,41,401346);
INSERT INTO Musica(id,nome,imagemCapa,reproducoes,idVideoclip, idAlbum) Values(4315380,'D is for Dangerous','https://api.deezer.com/album/401346/image',139,42,401346);
INSERT INTO Musica(id,nome,imagemCapa,reproducoes,idVideoclip, idAlbum) Values(4315381,'Balaclava','https://api.deezer.com/album/401346/image',172,43,401346);
INSERT INTO Musica(id,nome,imagemCapa,reproducoes,idVideoclip, idAlbum) Values(4315382,'Fluorescent Adolescent','https://api.deezer.com/album/401346/image',196,44,401346);
INSERT INTO Musica(id,nome,imagemCapa,reproducoes,idVideoclip, idAlbum) Values(4315383,'Only Ones Who Know','https://api.deezer.com/album/401346/image',185,45,401346);
INSERT INTO Musica(id,nome,imagemCapa,reproducoes,idVideoclip, idAlbum) Values(4315384,'Do Me a Favour','https://api.deezer.com/album/401346/image',210,46,401346);
INSERT INTO Musica(id,nome,imagemCapa,reproducoes,idVideoclip, idAlbum) Values(4315385,'This House is a Circus','https://api.deezer.com/album/401346/image',192,47,401346);
INSERT INTO Musica(id,nome,imagemCapa,reproducoes,idVideoclip, idAlbum) Values(4315386,'If You Were There, Beware','https://api.deezer.com/album/401346/image',277,48,401346);
INSERT INTO Musica(id,nome,imagemCapa,reproducoes,idVideoclip, idAlbum) Values(4315387,'The Bad Thing','https://api.deezer.com/album/401346/image',146,49,401346);
INSERT INTO Musica(id,nome,imagemCapa,reproducoes,idVideoclip, idAlbum) Values(4315388,'Old Yellow Bricks','https://api.deezer.com/album/401346/image',194,50,401346);
INSERT INTO Musica(id,nome,imagemCapa,reproducoes,idVideoclip, idAlbum) Values(4315389,'505','https://api.deezer.com/album/401346/image',254,51,401346);
INSERT INTO Musica(id,nome,imagemCapa,reproducoes,idVideoclip, idAlbum) Values(4315309,'The View From The Afternoon','https://api.deezer.com/album/401340/image',275,52,401340);
INSERT INTO Musica(id,nome,imagemCapa,reproducoes,idVideoclip, idAlbum) Values(4315310,'I Bet You Look Good On The Dancefloor','https://api.deezer.com/album/401340/image',174,53,401340);
INSERT INTO Musica(id,nome,imagemCapa,reproducoes,idVideoclip, idAlbum) Values(4315311,'Fake Tales Of San Francisco','https://api.deezer.com/album/401340/image',178,54,401340);
INSERT INTO Musica(id,nome,imagemCapa,reproducoes,idVideoclip, idAlbum) Values(4315312,'Dancing Shoes','https://api.deezer.com/album/401340/image',142,55,401340);
INSERT INTO Musica(id,nome,imagemCapa,reproducoes,idVideoclip, idAlbum) Values(4315313,'You Probably Couldn''t See For The Lights But You Were Staring Straight At Me','https://api.deezer.com/album/401340/image',131,56,401340);
INSERT INTO Musica(id,nome,imagemCapa,reproducoes,idVideoclip, idAlbum) Values(4315314,'Still Take You Home','https://api.deezer.com/album/401340/image',175,57,401340);
INSERT INTO Musica(id,nome,imagemCapa,reproducoes,idVideoclip, idAlbum) Values(4315315,'Riot Van','https://api.deezer.com/album/401340/image',135,58,401340);
INSERT INTO Musica(id,nome,imagemCapa,reproducoes,idVideoclip, idAlbum) Values(4315316,'Red Light Indicates Doors Are Secured','https://api.deezer.com/album/401340/image',144,59,401340);
INSERT INTO Musica(id,nome,imagemCapa,reproducoes,idVideoclip, idAlbum) Values(4315317,'Mardy Bum','https://api.deezer.com/album/401340/image',176,60,401340);
INSERT INTO Musica(id,nome,imagemCapa,reproducoes,idVideoclip, idAlbum) Values(4315318,'Perhaps Vampires Is A Bit Strong But…','https://api.deezer.com/album/401340/image',269,61,401340);
INSERT INTO Musica(id,nome,imagemCapa,reproducoes,idVideoclip, idAlbum) Values(4315319,'When The Sun Goes Down','https://api.deezer.com/album/401340/image',209,62,401340);
INSERT INTO Musica(id,nome,imagemCapa,reproducoes,idVideoclip, idAlbum) Values(4315320,'From The Ritz To The Rubble','https://api.deezer.com/album/401340/image',194,63,401340);
INSERT INTO Musica(id,nome,imagemCapa,reproducoes,idVideoclip, idAlbum) Values(4315321,'A Certain Romance','https://api.deezer.com/album/401340/image',332,64,401340);
INSERT INTO Musica(id,nome,imagemCapa,reproducoes,idVideoclip, idAlbum) Values(10064646,'Stuck on the puzzle','https://api.deezer.com/album/921000/image',212,65,921000);
INSERT INTO Musica(id,nome,imagemCapa,reproducoes,idVideoclip, idAlbum) Values(10064647,'Hiding tonight','https://api.deezer.com/album/921000/image',187,66,921000);
INSERT INTO Musica(id,nome,imagemCapa,reproducoes,idVideoclip, idAlbum) Values(10064648,'Glass in the park','https://api.deezer.com/album/921000/image',0,67,921000);
INSERT INTO Musica(id,nome,imagemCapa,reproducoes,idVideoclip, idAlbum) Values(10064649,'It''s hard to get around the wind','https://api.deezer.com/album/921000/image',248,68,921000);
INSERT INTO Musica(id,nome,imagemCapa,reproducoes,idVideoclip, idAlbum) Values(10064650,'Stuck on the puzzle','https://api.deezer.com/album/921000/image',212,69,921000);
INSERT INTO Musica(id,nome,imagemCapa,reproducoes,idVideoclip, idAlbum) Values(10064651,'Piledriver waltz','https://api.deezer.com/album/921000/image',205,70,921000);
INSERT INTO Musica(id,nome,imagemCapa,reproducoes,idVideoclip, idAlbum) Values(568147712,'Habibi','https://api.deezer.com/album/75624372/image',245,71,75624372);
INSERT INTO Musica(id,nome,imagemCapa,reproducoes,idVideoclip, idAlbum) Values(568147722,'Sun May Shine','https://api.deezer.com/album/75624372/image',249,72,75624372);
INSERT INTO Musica(id,nome,imagemCapa,reproducoes,idVideoclip, idAlbum) Values(568147732,'Tummy','https://api.deezer.com/album/75624372/image',199,73,75624372);
INSERT INTO Musica(id,nome,imagemCapa,reproducoes,idVideoclip, idAlbum) Values(568147742,'Chambers','https://api.deezer.com/album/75624372/image',1008227,74,75624372);
INSERT INTO Musica(id,nome,imagemCapa,reproducoes,idVideoclip, idAlbum) Values(568147752,'So It Goes','https://api.deezer.com/album/75624372/image',228,75,75624372);
INSERT INTO Musica(id,nome,imagemCapa,reproducoes,idVideoclip, idAlbum) Values(568147762,'Indigo Night','https://api.deezer.com/album/75624372/image',255,76,75624372);
INSERT INTO Musica(id,nome,imagemCapa,reproducoes,idVideoclip, idAlbum) Values(568147772,'Cigar','https://api.deezer.com/album/75624372/image',792,77,75624372);
INSERT INTO Musica(id,nome,imagemCapa,reproducoes,idVideoclip, idAlbum) Values(568147782,'Each Time','https://api.deezer.com/album/75624372/image',262,78,75624372);
INSERT INTO Musica(id,nome,imagemCapa,reproducoes,idVideoclip, idAlbum) Values(568147792,'Verses','https://api.deezer.com/album/75624372/image',169,79,75624372);
INSERT INTO Musica(id,nome,imagemCapa,reproducoes,idVideoclip, idAlbum) Values(568147802,'w.o.t.h','https://api.deezer.com/album/75624372/image',236,80,75624372);
INSERT INTO Musica(id,nome,imagemCapa,reproducoes,idVideoclip, idAlbum) Values(568147812,'Intervals','https://api.deezer.com/album/75624372/image',7960427,81,75624372);
INSERT INTO Musica(id,nome,imagemCapa,reproducoes,idVideoclip, idAlbum) Values(568147822,'Persephone','https://api.deezer.com/album/75624372/image',1229,82,75624372);
INSERT INTO Musica(id,nome,imagemCapa,reproducoes,idVideoclip, idAlbum) Values(727379302,'Bolero','https://api.deezer.com/album/106585062/image',265,83,106585062);
INSERT INTO Musica(id,nome,imagemCapa,reproducoes,idVideoclip, idAlbum) Values(74617608,'Curumim','https://api.deezer.com/album/7371939/image',249,84,7371939);
INSERT INTO Musica(id,nome,imagemCapa,reproducoes,idVideoclip, idAlbum) Values(74617609,'Oceano','https://api.deezer.com/album/7371939/image',494,85,7371939);
INSERT INTO Musica(id,nome,imagemCapa,reproducoes,idVideoclip, idAlbum) Values(74617610,'Corisco','https://api.deezer.com/album/7371939/image',0,86,7371939);
INSERT INTO Musica(id,nome,imagemCapa,reproducoes,idVideoclip, idAlbum) Values(74617611,'Vida Real (Dejame Ir)','https://api.deezer.com/album/7371939/image',252,87,7371939);
INSERT INTO Musica(id,nome,imagemCapa,reproducoes,idVideoclip, idAlbum) Values(74617612,'Cigano','https://api.deezer.com/album/7371939/image',252,88,7371939);
INSERT INTO Musica(id,nome,imagemCapa,reproducoes,idVideoclip, idAlbum) Values(74617613,'Avião','https://api.deezer.com/album/7371939/image',3086,89,7371939);
INSERT INTO Musica(id,nome,imagemCapa,reproducoes,idVideoclip, idAlbum) Values(74617614,'Você Bem Sabe','https://api.deezer.com/album/7371939/image',195,90,7371939);
INSERT INTO Musica(id,nome,imagemCapa,reproducoes,idVideoclip, idAlbum) Values(74617615,'Mal de Mim','https://api.deezer.com/album/7371939/image',158,91,7371939);
INSERT INTO Musica(id,nome,imagemCapa,reproducoes,idVideoclip, idAlbum) Values(74617616,'Mil Vezes','https://api.deezer.com/album/7371939/image',7906662,92,7371939);
INSERT INTO Musica(id,nome,imagemCapa,reproducoes,idVideoclip, idAlbum) Values(2293061,'Eu Sambo Mesmo','https://api.deezer.com/album/228644/image',921963,93,228644);
INSERT INTO Musica(id,nome,imagemCapa,reproducoes,idVideoclip, idAlbum) Values(2293064,'Siga','https://api.deezer.com/album/228644/image',2980349,94,228644);
INSERT INTO Musica(id,nome,imagemCapa,reproducoes,idVideoclip, idAlbum) Values(2293068,'Rosinha','https://api.deezer.com/album/228644/image',4349881,95,228644);
INSERT INTO Musica(id,nome,imagemCapa,reproducoes,idVideoclip, idAlbum) Values(2293074,'Malaga','https://api.deezer.com/album/228644/image',5552498,96,228644);
INSERT INTO Musica(id,nome,imagemCapa,reproducoes,idVideoclip, idAlbum) Values(2293076,'Una Mujer','https://api.deezer.com/album/228644/image',5123991,97,228644);
INSERT INTO Musica(id,nome,imagemCapa,reproducoes,idVideoclip, idAlbum) Values(2293080,'Eu E Meu Coracao','https://api.deezer.com/album/228644/image',4729553,98,228644);
INSERT INTO Musica(id,nome,imagemCapa,reproducoes,idVideoclip, idAlbum) Values(2293083,'You Do Something To Me','https://api.deezer.com/album/228644/image',324067,99,228644);
INSERT INTO Musica(id,nome,imagemCapa,reproducoes,idVideoclip, idAlbum) Values(2293088,'Palpite Infeliz','https://api.deezer.com/album/228644/image',7175503,100,228644);
INSERT INTO Musica(id,nome,imagemCapa,reproducoes,idVideoclip, idAlbum) Values(2293089,'Ave Maria No Morro','https://api.deezer.com/album/228644/image',8119828,101,228644);
INSERT INTO Musica(id,nome,imagemCapa,reproducoes,idVideoclip, idAlbum) Values(2293092,'Sampa','https://api.deezer.com/album/228644/image',5805198,102,228644);
INSERT INTO Musica(id,nome,imagemCapa,reproducoes,idVideoclip, idAlbum) Values(2293097,'Sorriu Para Mim','https://api.deezer.com/album/228644/image',6236246,103,228644);
INSERT INTO Musica(id,nome,imagemCapa,reproducoes,idVideoclip, idAlbum) Values(2293100,'Que Reste-T-Il De Nos Amours','https://api.deezer.com/album/228644/image',3193367,104,228644);
INSERT INTO Musica(id,nome,imagemCapa,reproducoes,idVideoclip, idAlbum) Values(116348646,'Two Of Us','https://api.deezer.com/album/12047958/image',2814506,105,12047958);
INSERT INTO Musica(id,nome,imagemCapa,reproducoes,idVideoclip, idAlbum) Values(116348648,'Dig A Pony','https://api.deezer.com/album/12047958/image',4550129,106,12047958);
INSERT INTO Musica(id,nome,imagemCapa,reproducoes,idVideoclip, idAlbum) Values(116348650,'Across The Universe','https://api.deezer.com/album/12047958/image',1870622,107,12047958);
INSERT INTO Musica(id,nome,imagemCapa,reproducoes,idVideoclip, idAlbum) Values(116348652,'I Me Mine','https://api.deezer.com/album/12047958/image',6837048,108,12047958);
INSERT INTO Musica(id,nome,imagemCapa,reproducoes,idVideoclip, idAlbum) Values(116348654,'Dig It','https://api.deezer.com/album/12047958/image',4727571,109,12047958);
INSERT INTO Musica(id,nome,imagemCapa,reproducoes,idVideoclip, idAlbum) Values(116348656,'Let It Be','https://api.deezer.com/album/12047958/image',384930,110,12047958);
INSERT INTO Musica(id,nome,imagemCapa,reproducoes,idVideoclip, idAlbum) Values(116348658,'Maggie Mae','https://api.deezer.com/album/12047958/image',2538517,111,12047958);
INSERT INTO Musica(id,nome,imagemCapa,reproducoes,idVideoclip, idAlbum) Values(116348660,'I''ve Got A Feeling','https://api.deezer.com/album/12047958/image',1912666,112,12047958);
INSERT INTO Musica(id,nome,imagemCapa,reproducoes,idVideoclip, idAlbum) Values(116348662,'One After 909','https://api.deezer.com/album/12047958/image',1156368,113,12047958);
INSERT INTO Musica(id,nome,imagemCapa,reproducoes,idVideoclip, idAlbum) Values(116348664,'The Long And Winding Road','https://api.deezer.com/album/12047958/image',3040029,114,12047958);
INSERT INTO Musica(id,nome,imagemCapa,reproducoes,idVideoclip, idAlbum) Values(116348666,'For You Blue','https://api.deezer.com/album/12047958/image',668123,115,12047958);
INSERT INTO Musica(id,nome,imagemCapa,reproducoes,idVideoclip, idAlbum) Values(116348668,'Get Back','https://api.deezer.com/album/12047958/image',3058987,116,12047958);
INSERT INTO Musica(id,nome,imagemCapa,reproducoes,idVideoclip, idAlbum) Values(116348452,'Come Together','https://api.deezer.com/album/12047952/image',3377276,117,12047952);
INSERT INTO Musica(id,nome,imagemCapa,reproducoes,idVideoclip, idAlbum) Values(116348454,'Something','https://api.deezer.com/album/12047952/image',3157969,118,12047952);
INSERT INTO Musica(id,nome,imagemCapa,reproducoes,idVideoclip, idAlbum) Values(116348456,'Maxwell''s Silver Hammer','https://api.deezer.com/album/12047952/image',3903202,119,12047952);
INSERT INTO Musica(id,nome,imagemCapa,reproducoes,idVideoclip, idAlbum) Values(116348458,'Oh! Darling','https://api.deezer.com/album/12047952/image',2580645,120,12047952);
INSERT INTO Musica(id,nome,imagemCapa,reproducoes,idVideoclip, idAlbum) Values(116348460,'Octopus''s Garden','https://api.deezer.com/album/12047952/image',1101744,121,12047952);
INSERT INTO Musica(id,nome,imagemCapa,reproducoes,idVideoclip, idAlbum) Values(116348462,'I Want You (She''s So Heavy)','https://api.deezer.com/album/12047952/image',3106370,122,12047952);
INSERT INTO Musica(id,nome,imagemCapa,reproducoes,idVideoclip, idAlbum) Values(116348464,'Here Comes The Sun','https://api.deezer.com/album/12047952/image',7228678,123,12047952);
INSERT INTO Musica(id,nome,imagemCapa,reproducoes,idVideoclip, idAlbum) Values(116348466,'Because','https://api.deezer.com/album/12047952/image',9530524,124,12047952);
INSERT INTO Musica(id,nome,imagemCapa,reproducoes,idVideoclip, idAlbum) Values(116348468,'You Never Give Me Your Money','https://api.deezer.com/album/12047952/image',8942952,125,12047952);
INSERT INTO Musica(id,nome,imagemCapa,reproducoes,idVideoclip, idAlbum) Values(116348470,'Sun King','https://api.deezer.com/album/12047952/image',8382677,126,12047952);
INSERT INTO Musica(id,nome,imagemCapa,reproducoes,idVideoclip, idAlbum) Values(116348472,'Mean Mr Mustard','https://api.deezer.com/album/12047952/image',2387859,127,12047952);
INSERT INTO Musica(id,nome,imagemCapa,reproducoes,idVideoclip, idAlbum) Values(116348474,'Polythene Pam','https://api.deezer.com/album/12047952/image',581527,128,12047952);
INSERT INTO Musica(id,nome,imagemCapa,reproducoes,idVideoclip, idAlbum) Values(116348476,'She Came In Through The Bathroom Window','https://api.deezer.com/album/12047952/image',2108909,129,12047952);
INSERT INTO Musica(id,nome,imagemCapa,reproducoes,idVideoclip, idAlbum) Values(116348478,'Golden Slumbers','https://api.deezer.com/album/12047952/image',4898850,130,12047952);
INSERT INTO Musica(id,nome,imagemCapa,reproducoes,idVideoclip, idAlbum) Values(116348480,'Carry That Weight','https://api.deezer.com/album/12047952/image',1790473,131,12047952);
INSERT INTO Musica(id,nome,imagemCapa,reproducoes,idVideoclip, idAlbum) Values(116348482,'The End','https://api.deezer.com/album/12047952/image',5866865,132,12047952);
INSERT INTO Musica(id,nome,imagemCapa,reproducoes,idVideoclip, idAlbum) Values(116348484,'Her Majesty','https://api.deezer.com/album/12047952/image',9016716,133,12047952);
INSERT INTO Musica(id,nome,imagemCapa,reproducoes,idVideoclip, idAlbum) Values(116348592,'Love Me Do','https://api.deezer.com/album/12047956/image',474178,134,12047956);
INSERT INTO Musica(id,nome,imagemCapa,reproducoes,idVideoclip, idAlbum) Values(116348594,'From Me To You','https://api.deezer.com/album/12047956/image',5697942,135,12047956);
INSERT INTO Musica(id,nome,imagemCapa,reproducoes,idVideoclip, idAlbum) Values(116348596,'She Loves You','https://api.deezer.com/album/12047956/image',956572,136,12047956);
INSERT INTO Musica(id,nome,imagemCapa,reproducoes,idVideoclip, idAlbum) Values(116348598,'I Want To Hold Your Hand','https://api.deezer.com/album/12047956/image',430547,137,12047956);
INSERT INTO Musica(id,nome,imagemCapa,reproducoes,idVideoclip, idAlbum) Values(116348600,'Can''t Buy Me Love','https://api.deezer.com/album/12047956/image',1948834,138,12047956);
INSERT INTO Musica(id,nome,imagemCapa,reproducoes,idVideoclip, idAlbum) Values(116348602,'A Hard Day''s Night','https://api.deezer.com/album/12047956/image',1207501,139,12047956);
INSERT INTO Musica(id,nome,imagemCapa,reproducoes,idVideoclip, idAlbum) Values(116348604,'I Feel Fine','https://api.deezer.com/album/12047956/image',2219729,140,12047956);
INSERT INTO Musica(id,nome,imagemCapa,reproducoes,idVideoclip, idAlbum) Values(116348606,'Eight Days A Week','https://api.deezer.com/album/12047956/image',5955485,141,12047956);
INSERT INTO Musica(id,nome,imagemCapa,reproducoes,idVideoclip, idAlbum) Values(116348608,'Ticket To Ride','https://api.deezer.com/album/12047956/image',2907805,142,12047956);
INSERT INTO Musica(id,nome,imagemCapa,reproducoes,idVideoclip, idAlbum) Values(116348610,'Help!','https://api.deezer.com/album/12047956/image',9647964,143,12047956);
INSERT INTO Musica(id,nome,imagemCapa,reproducoes,idVideoclip, idAlbum) Values(116348612,'Yesterday','https://api.deezer.com/album/12047956/image',5464227,144,12047956);
INSERT INTO Musica(id,nome,imagemCapa,reproducoes,idVideoclip, idAlbum) Values(116348614,'Day Tripper','https://api.deezer.com/album/12047956/image',2163866,145,12047956);
INSERT INTO Musica(id,nome,imagemCapa,reproducoes,idVideoclip, idAlbum) Values(116348616,'We Can Work It Out','https://api.deezer.com/album/12047956/image',22838,146,12047956);
INSERT INTO Musica(id,nome,imagemCapa,reproducoes,idVideoclip, idAlbum) Values(116348618,'Paperback Writer','https://api.deezer.com/album/12047956/image',2318885,147,12047956);
INSERT INTO Musica(id,nome,imagemCapa,reproducoes,idVideoclip, idAlbum) Values(116348620,'Yellow Submarine','https://api.deezer.com/album/12047956/image',1294606,148,12047956);
INSERT INTO Musica(id,nome,imagemCapa,reproducoes,idVideoclip, idAlbum) Values(116348622,'Eleanor Rigby','https://api.deezer.com/album/12047956/image',5483381,149,12047956);
INSERT INTO Musica(id,nome,imagemCapa,reproducoes,idVideoclip, idAlbum) Values(116348624,'Penny Lane','https://api.deezer.com/album/12047956/image',212429,150,12047956);
INSERT INTO Musica(id,nome,imagemCapa,reproducoes,idVideoclip, idAlbum) Values(116348626,'All You Need Is Love','https://api.deezer.com/album/12047956/image',3913302,151,12047956);
INSERT INTO Musica(id,nome,imagemCapa,reproducoes,idVideoclip, idAlbum) Values(116348628,'Hello, Goodbye','https://api.deezer.com/album/12047956/image',4102127,152,12047956);
INSERT INTO Musica(id,nome,imagemCapa,reproducoes,idVideoclip, idAlbum) Values(116348630,'Lady Madonna','https://api.deezer.com/album/12047956/image',5251957,153,12047956);
INSERT INTO Musica(id,nome,imagemCapa,reproducoes,idVideoclip, idAlbum) Values(116348632,'Hey Jude','https://api.deezer.com/album/12047956/image',5606375,154,12047956);
INSERT INTO Musica(id,nome,imagemCapa,reproducoes,idVideoclip, idAlbum) Values(116348634,'Get Back','https://api.deezer.com/album/12047956/image',8579424,155,12047956);
INSERT INTO Musica(id,nome,imagemCapa,reproducoes,idVideoclip, idAlbum) Values(116348636,'The Ballad Of John And Yoko','https://api.deezer.com/album/12047956/image',2697307,156,12047956);
INSERT INTO Musica(id,nome,imagemCapa,reproducoes,idVideoclip, idAlbum) Values(116348638,'Something','https://api.deezer.com/album/12047956/image',2217566,157,12047956);
INSERT INTO Musica(id,nome,imagemCapa,reproducoes,idVideoclip, idAlbum) Values(116348640,'Come Together','https://api.deezer.com/album/12047956/image',6413941,158,12047956);
INSERT INTO Musica(id,nome,imagemCapa,reproducoes,idVideoclip, idAlbum) Values(116348642,'Let It Be','https://api.deezer.com/album/12047956/image',6253701,159,12047956);
INSERT INTO Musica(id,nome,imagemCapa,reproducoes,idVideoclip, idAlbum) Values(116348644,'The Long And Winding Road','https://api.deezer.com/album/12047956/image',4021341,160,12047956);
INSERT INTO Musica(id,nome,imagemCapa,reproducoes,idVideoclip, idAlbum) Values(126772729,'Ultralight Beam','https://api.deezer.com/album/13357219/image',1406194,161,13357219);
INSERT INTO Musica(id,nome,imagemCapa,reproducoes,idVideoclip, idAlbum) Values(126772731,'Father Stretch My Hands Pt. 1','https://api.deezer.com/album/13357219/image',4519778,162,13357219);
INSERT INTO Musica(id,nome,imagemCapa,reproducoes,idVideoclip, idAlbum) Values(126772733,'Pt. 2','https://api.deezer.com/album/13357219/image',1386606,163,13357219);
INSERT INTO Musica(id,nome,imagemCapa,reproducoes,idVideoclip, idAlbum) Values(126772735,'Famous','https://api.deezer.com/album/13357219/image',1298120,164,13357219);
INSERT INTO Musica(id,nome,imagemCapa,reproducoes,idVideoclip, idAlbum) Values(126772737,'Feedback','https://api.deezer.com/album/13357219/image',264836,165,13357219);
INSERT INTO Musica(id,nome,imagemCapa,reproducoes,idVideoclip, idAlbum) Values(126772739,'Low Lights','https://api.deezer.com/album/13357219/image',8812637,166,13357219);
INSERT INTO Musica(id,nome,imagemCapa,reproducoes,idVideoclip, idAlbum) Values(126772741,'Highlights','https://api.deezer.com/album/13357219/image',5235533,167,13357219);
INSERT INTO Musica(id,nome,imagemCapa,reproducoes,idVideoclip, idAlbum) Values(126772743,'Freestyle 4','https://api.deezer.com/album/13357219/image',4892127,168,13357219);
INSERT INTO Musica(id,nome,imagemCapa,reproducoes,idVideoclip, idAlbum) Values(126772745,'I Love Kanye','https://api.deezer.com/album/13357219/image',8519849,169,13357219);
INSERT INTO Musica(id,nome,imagemCapa,reproducoes,idVideoclip, idAlbum) Values(126772747,'Waves','https://api.deezer.com/album/13357219/image',9932729,170,13357219);
INSERT INTO Musica(id,nome,imagemCapa,reproducoes,idVideoclip, idAlbum) Values(126772749,'FML','https://api.deezer.com/album/13357219/image',7529350,171,13357219);
INSERT INTO Musica(id,nome,imagemCapa,reproducoes,idVideoclip, idAlbum) Values(126772751,'Real Friends','https://api.deezer.com/album/13357219/image',7903377,172,13357219);
INSERT INTO Musica(id,nome,imagemCapa,reproducoes,idVideoclip, idAlbum) Values(126772753,'Wolves','https://api.deezer.com/album/13357219/image',3075442,173,13357219);
INSERT INTO Musica(id,nome,imagemCapa,reproducoes,idVideoclip, idAlbum) Values(126772755,'Frank''s Track','https://api.deezer.com/album/13357219/image',3502102,174,13357219);
INSERT INTO Musica(id,nome,imagemCapa,reproducoes,idVideoclip, idAlbum) Values(126772757,'Siiiiiiiiilver Surffffeeeeer Intermission','https://api.deezer.com/album/13357219/image',1314230,175,13357219);
INSERT INTO Musica(id,nome,imagemCapa,reproducoes,idVideoclip, idAlbum) Values(126772759,'30 Hours','https://api.deezer.com/album/13357219/image',1522016,176,13357219);
INSERT INTO Musica(id,nome,imagemCapa,reproducoes,idVideoclip, idAlbum) Values(126772761,'No More Parties In LA','https://api.deezer.com/album/13357219/image',2018189,177,13357219);
INSERT INTO Musica(id,nome,imagemCapa,reproducoes,idVideoclip, idAlbum) Values(126772763,'Facts (Charlie Heat Version)','https://api.deezer.com/album/13357219/image',1881392,178,13357219);
INSERT INTO Musica(id,nome,imagemCapa,reproducoes,idVideoclip, idAlbum) Values(126772765,'Fade','https://api.deezer.com/album/13357219/image',1003062,179,13357219);
INSERT INTO Musica(id,nome,imagemCapa,reproducoes,idVideoclip, idAlbum) Values(126772767,'Saint Pablo','https://api.deezer.com/album/13357219/image',9768409,180,13357219);
INSERT INTO Musica(id,nome,imagemCapa,reproducoes,idVideoclip, idAlbum) Values(785411452,'Every Hour','https://api.deezer.com/album/116355212/image',3135016,181,116355212);
INSERT INTO Musica(id,nome,imagemCapa,reproducoes,idVideoclip, idAlbum) Values(785411462,'Selah','https://api.deezer.com/album/116355212/image',611450,182,116355212);
INSERT INTO Musica(id,nome,imagemCapa,reproducoes,idVideoclip, idAlbum) Values(785411472,'Follow God','https://api.deezer.com/album/116355212/image',7046788,183,116355212);
INSERT INTO Musica(id,nome,imagemCapa,reproducoes,idVideoclip, idAlbum) Values(785411482,'Closed On Sunday','https://api.deezer.com/album/116355212/image',7592564,184,116355212);
INSERT INTO Musica(id,nome,imagemCapa,reproducoes,idVideoclip, idAlbum) Values(785411492,'On God','https://api.deezer.com/album/116355212/image',2549792,185,116355212);
INSERT INTO Musica(id,nome,imagemCapa,reproducoes,idVideoclip, idAlbum) Values(785411502,'Everything We Need','https://api.deezer.com/album/116355212/image',6876873,186,116355212);
INSERT INTO Musica(id,nome,imagemCapa,reproducoes,idVideoclip, idAlbum) Values(785411512,'Water','https://api.deezer.com/album/116355212/image',6315685,187,116355212);
INSERT INTO Musica(id,nome,imagemCapa,reproducoes,idVideoclip, idAlbum) Values(785411522,'God Is','https://api.deezer.com/album/116355212/image',1359264,188,116355212);
INSERT INTO Musica(id,nome,imagemCapa,reproducoes,idVideoclip, idAlbum) Values(785411532,'Hands On','https://api.deezer.com/album/116355212/image',6336735,189,116355212);
INSERT INTO Musica(id,nome,imagemCapa,reproducoes,idVideoclip, idAlbum) Values(785411542,'Use This Gospel','https://api.deezer.com/album/116355212/image',4895385,190,116355212);
INSERT INTO Musica(id,nome,imagemCapa,reproducoes,idVideoclip, idAlbum) Values(785411552,'Jesus Is Lord','https://api.deezer.com/album/116355212/image',1097535,191,116355212);
INSERT INTO Musica(id,nome,imagemCapa,reproducoes,idVideoclip, idAlbum) Values(1523554262,'Nós Pimba','https://api.deezer.com/album/265953002/image',2183047,192,265953002);
INSERT INTO Musica(id,nome,imagemCapa,reproducoes,idVideoclip, idAlbum) Values(1272174692,'F#CK FOREX (feat. eddy0)','https://api.deezer.com/album/214037042/image',126461,193,214037042);
INSERT INTO Musica(id,nome,imagemCapa,reproducoes,idVideoclip, idAlbum) Values(384157561,'Foreword (feat. Rex Orange County)','https://api.deezer.com/album/44730061/image',8536222,194,44730061);
INSERT INTO Musica(id,nome,imagemCapa,reproducoes,idVideoclip, idAlbum) Values(384157571,'Where This Flower Blooms (feat. Frank Ocean)','https://api.deezer.com/album/44730061/image',1296407,195,44730061);
INSERT INTO Musica(id,nome,imagemCapa,reproducoes,idVideoclip, idAlbum) Values(384157581,'Sometimes...','https://api.deezer.com/album/44730061/image',2639200,196,44730061);
INSERT INTO Musica(id,nome,imagemCapa,reproducoes,idVideoclip, idAlbum) Values(384157591,'See You Again (feat. Kali Uchis)','https://api.deezer.com/album/44730061/image',3900850,197,44730061);
INSERT INTO Musica(id,nome,imagemCapa,reproducoes,idVideoclip, idAlbum) Values(384157601,'Who Dat Boy (feat. A$AP Rocky)','https://api.deezer.com/album/44730061/image',6731192,198,44730061);
INSERT INTO Musica(id,nome,imagemCapa,reproducoes,idVideoclip, idAlbum) Values(384157611,'Pothole (feat. Jaden Smith)','https://api.deezer.com/album/44730061/image',1998622,199,44730061);
INSERT INTO Musica(id,nome,imagemCapa,reproducoes,idVideoclip, idAlbum) Values(384157621,'Garden Shed (feat. Estelle)','https://api.deezer.com/album/44730061/image',9047796,200,44730061);
INSERT INTO Musica(id,nome,imagemCapa,reproducoes,idVideoclip, idAlbum) Values(384157631,'Boredom (feat. Rex Orange County & Anna of the North)','https://api.deezer.com/album/44730061/image',1353488,201,44730061);
INSERT INTO Musica(id,nome,imagemCapa,reproducoes,idVideoclip, idAlbum) Values(384157641,'I Ain''t Got Time!','https://api.deezer.com/album/44730061/image',2760071,202,44730061);
INSERT INTO Musica(id,nome,imagemCapa,reproducoes,idVideoclip, idAlbum) Values(384157651,'911 / Mr. Lonely (feat. Frank Ocean & Steve Lacy)','https://api.deezer.com/album/44730061/image',7859984,203,44730061);
INSERT INTO Musica(id,nome,imagemCapa,reproducoes,idVideoclip, idAlbum) Values(384157661,'Droppin'' Seeds (feat. Lil'' Wayne)','https://api.deezer.com/album/44730061/image',6177543,204,44730061);
INSERT INTO Musica(id,nome,imagemCapa,reproducoes,idVideoclip, idAlbum) Values(384157671,'November','https://api.deezer.com/album/44730061/image',7015900,205,44730061);
INSERT INTO Musica(id,nome,imagemCapa,reproducoes,idVideoclip, idAlbum) Values(384157681,'Glitter','https://api.deezer.com/album/44730061/image',7447741,206,44730061);
INSERT INTO Musica(id,nome,imagemCapa,reproducoes,idVideoclip, idAlbum) Values(384157691,'Enjoy Right Now, Today','https://api.deezer.com/album/44730061/image',2560518,207,44730061);
INSERT INTO Musica(id,nome,imagemCapa,reproducoes,idVideoclip, idAlbum) Values(681009642,'IGOR''S THEME','https://api.deezer.com/album/97140952/image',4786486,208,97140952);
INSERT INTO Musica(id,nome,imagemCapa,reproducoes,idVideoclip, idAlbum) Values(681009652,'EARFQUAKE','https://api.deezer.com/album/97140952/image',72065,209,97140952);
INSERT INTO Musica(id,nome,imagemCapa,reproducoes,idVideoclip, idAlbum) Values(681009662,'I THINK','https://api.deezer.com/album/97140952/image',7312333,210,97140952);
INSERT INTO Musica(id,nome,imagemCapa,reproducoes,idVideoclip, idAlbum) Values(681009672,'EXACTLY WHAT YOU RUN FROM YOU END UP CHASING','https://api.deezer.com/album/97140952/image',1287421,211,97140952);
INSERT INTO Musica(id,nome,imagemCapa,reproducoes,idVideoclip, idAlbum) Values(681009682,'RUNNING OUT OF TIME','https://api.deezer.com/album/97140952/image',7488796,212,97140952);
INSERT INTO Musica(id,nome,imagemCapa,reproducoes,idVideoclip, idAlbum) Values(681009692,'NEW MAGIC WAND','https://api.deezer.com/album/97140952/image',6664454,213,97140952);
INSERT INTO Musica(id,nome,imagemCapa,reproducoes,idVideoclip, idAlbum) Values(681009702,'A BOY IS A GUN*','https://api.deezer.com/album/97140952/image',831114,214,97140952);
INSERT INTO Musica(id,nome,imagemCapa,reproducoes,idVideoclip, idAlbum) Values(681009712,'PUPPET','https://api.deezer.com/album/97140952/image',2068261,215,97140952);
INSERT INTO Musica(id,nome,imagemCapa,reproducoes,idVideoclip, idAlbum) Values(681009722,'WHAT''S GOOD','https://api.deezer.com/album/97140952/image',1690594,216,97140952);
INSERT INTO Musica(id,nome,imagemCapa,reproducoes,idVideoclip, idAlbum) Values(681009732,'GONE, GONE / THANK YOU','https://api.deezer.com/album/97140952/image',3029160,217,97140952);
INSERT INTO Musica(id,nome,imagemCapa,reproducoes,idVideoclip, idAlbum) Values(681009742,'I DON''T LOVE YOU ANYMORE','https://api.deezer.com/album/97140952/image',2153162,218,97140952);
INSERT INTO Musica(id,nome,imagemCapa,reproducoes,idVideoclip, idAlbum) Values(681009752,'ARE WE STILL FRIENDS?','https://api.deezer.com/album/97140952/image',8886376,219,97140952);
INSERT INTO Musica(id,nome,imagemCapa,reproducoes,idVideoclip, idAlbum) Values(107471920,'Five Years','https://api.deezer.com/album/11205422/image',7289118,220,11205422);
INSERT INTO Musica(id,nome,imagemCapa,reproducoes,idVideoclip, idAlbum) Values(107471922,'Soul Love','https://api.deezer.com/album/11205422/image',5847097,221,11205422);
INSERT INTO Musica(id,nome,imagemCapa,reproducoes,idVideoclip, idAlbum) Values(107471924,'Moonage Daydream','https://api.deezer.com/album/11205422/image',42281,222,11205422);
INSERT INTO Musica(id,nome,imagemCapa,reproducoes,idVideoclip, idAlbum) Values(107471926,'Starman','https://api.deezer.com/album/11205422/image',3980964,223,11205422);
INSERT INTO Musica(id,nome,imagemCapa,reproducoes,idVideoclip, idAlbum) Values(107471928,'It Ain''t Easy','https://api.deezer.com/album/11205422/image',6828894,224,11205422);
INSERT INTO Musica(id,nome,imagemCapa,reproducoes,idVideoclip, idAlbum) Values(107471930,'Lady Stardust','https://api.deezer.com/album/11205422/image',1507176,225,11205422);
INSERT INTO Musica(id,nome,imagemCapa,reproducoes,idVideoclip, idAlbum) Values(107471932,'Star','https://api.deezer.com/album/11205422/image',4380176,226,11205422);
INSERT INTO Musica(id,nome,imagemCapa,reproducoes,idVideoclip, idAlbum) Values(107471934,'Hang on to Yourself','https://api.deezer.com/album/11205422/image',2244913,227,11205422);
INSERT INTO Musica(id,nome,imagemCapa,reproducoes,idVideoclip, idAlbum) Values(107471936,'Ziggy Stardust','https://api.deezer.com/album/11205422/image',4940884,228,11205422);
INSERT INTO Musica(id,nome,imagemCapa,reproducoes,idVideoclip, idAlbum) Values(107471938,'Suffragette City','https://api.deezer.com/album/11205422/image',4520273,229,11205422);
INSERT INTO Musica(id,nome,imagemCapa,reproducoes,idVideoclip, idAlbum) Values(107471940,'Rock ''n'' Roll Suicide','https://api.deezer.com/album/11205422/image',5127697,230,11205422);
INSERT INTO Musica(id,nome,imagemCapa,reproducoes,idVideoclip, idAlbum) Values(143848116,'Amar Pelos Dois','https://api.deezer.com/album/15586282/image',2650350,231,15586282);
INSERT INTO Musica(id,nome,imagemCapa,reproducoes,idVideoclip, idAlbum) Values(62724014,'Young Girls','https://api.deezer.com/album/6157080/image',2075236,232,6157080);
INSERT INTO Musica(id,nome,imagemCapa,reproducoes,idVideoclip, idAlbum) Values(62724015,'Locked out of Heaven','https://api.deezer.com/album/6157080/image',1376358,233,6157080);
INSERT INTO Musica(id,nome,imagemCapa,reproducoes,idVideoclip, idAlbum) Values(62724016,'Gorilla','https://api.deezer.com/album/6157080/image',9185826,234,6157080);
INSERT INTO Musica(id,nome,imagemCapa,reproducoes,idVideoclip, idAlbum) Values(62724017,'Treasure','https://api.deezer.com/album/6157080/image',1093511,235,6157080);
INSERT INTO Musica(id,nome,imagemCapa,reproducoes,idVideoclip, idAlbum) Values(62724018,'Moonshine','https://api.deezer.com/album/6157080/image',5109749,236,6157080);
INSERT INTO Musica(id,nome,imagemCapa,reproducoes,idVideoclip, idAlbum) Values(62724019,'When I Was Your Man','https://api.deezer.com/album/6157080/image',5310885,237,6157080);
INSERT INTO Musica(id,nome,imagemCapa,reproducoes,idVideoclip, idAlbum) Values(62724020,'Natalie','https://api.deezer.com/album/6157080/image',7367470,238,6157080);
INSERT INTO Musica(id,nome,imagemCapa,reproducoes,idVideoclip, idAlbum) Values(62724021,'Show Me','https://api.deezer.com/album/6157080/image',9993861,239,6157080);
INSERT INTO Musica(id,nome,imagemCapa,reproducoes,idVideoclip, idAlbum) Values(62724022,'Money Make Her Smile','https://api.deezer.com/album/6157080/image',2744123,240,6157080);
INSERT INTO Musica(id,nome,imagemCapa,reproducoes,idVideoclip, idAlbum) Values(62724023,'If I Knew','https://api.deezer.com/album/6157080/image',7516000,241,6157080);
INSERT INTO Musica(id,nome,imagemCapa,reproducoes,idVideoclip, idAlbum) Values(1260522302,'Leave The Door Open','https://api.deezer.com/album/211423112/image',6297963,242,211423112);
INSERT INTO Musica(id,nome,imagemCapa,reproducoes,idVideoclip, idAlbum) Values(585667452,'The Chase (feat. Kadhja Bonet)','https://api.deezer.com/album/78640552/image',4397077,243,78640552);
INSERT INTO Musica(id,nome,imagemCapa,reproducoes,idVideoclip, idAlbum) Values(585667462,'Headlow (feat. Norelle)','https://api.deezer.com/album/78640552/image',5246615,244,78640552);
INSERT INTO Musica(id,nome,imagemCapa,reproducoes,idVideoclip, idAlbum) Values(585667472,'Tints (feat. Kendrick Lamar)','https://api.deezer.com/album/78640552/image',4836075,245,78640552);
INSERT INTO Musica(id,nome,imagemCapa,reproducoes,idVideoclip, idAlbum) Values(585667482,'Who R U?','https://api.deezer.com/album/78640552/image',7510897,246,78640552);
INSERT INTO Musica(id,nome,imagemCapa,reproducoes,idVideoclip, idAlbum) Values(585667492,'6 Summers','https://api.deezer.com/album/78640552/image',9555576,247,78640552);
INSERT INTO Musica(id,nome,imagemCapa,reproducoes,idVideoclip, idAlbum) Values(585667502,'Saviers Road','https://api.deezer.com/album/78640552/image',3334209,248,78640552);
INSERT INTO Musica(id,nome,imagemCapa,reproducoes,idVideoclip, idAlbum) Values(585667512,'Smile/Petty (feat. Sonyae Elise)','https://api.deezer.com/album/78640552/image',377140,249,78640552);
INSERT INTO Musica(id,nome,imagemCapa,reproducoes,idVideoclip, idAlbum) Values(585667522,'Mansa Musa (feat. Dr. Dre & Cocoa Sarai)','https://api.deezer.com/album/78640552/image',7245701,250,78640552);
INSERT INTO Musica(id,nome,imagemCapa,reproducoes,idVideoclip, idAlbum) Values(585667532,'Brother''s Keeper (feat. Pusha T)','https://api.deezer.com/album/78640552/image',6595528,251,78640552);
INSERT INTO Musica(id,nome,imagemCapa,reproducoes,idVideoclip, idAlbum) Values(585667542,'Anywhere (feat. Snoop Dogg & The Last Artful, Dodgr)','https://api.deezer.com/album/78640552/image',7116300,252,78640552);
INSERT INTO Musica(id,nome,imagemCapa,reproducoes,idVideoclip, idAlbum) Values(585667552,'Trippy (feat. J. Cole)','https://api.deezer.com/album/78640552/image',5386180,253,78640552);
INSERT INTO Musica(id,nome,imagemCapa,reproducoes,idVideoclip, idAlbum) Values(585667562,'Cheers (feat. Q-Tip)','https://api.deezer.com/album/78640552/image',9183505,254,78640552);
INSERT INTO Musica(id,nome,imagemCapa,reproducoes,idVideoclip, idAlbum) Values(585667572,'Sweet Chick (feat. BJ The Chicago Kid)','https://api.deezer.com/album/78640552/image',5430499,255,78640552);
INSERT INTO Musica(id,nome,imagemCapa,reproducoes,idVideoclip, idAlbum) Values(585667582,'Left To Right','https://api.deezer.com/album/78640552/image',5044900,256,78640552);
INSERT INTO Musica(id,nome,imagemCapa,reproducoes,idVideoclip, idAlbum) Values(9997008,'Death On Two Legs (Dedicated To...)','https://api.deezer.com/album/915785/image',480557,257,915785);
INSERT INTO Musica(id,nome,imagemCapa,reproducoes,idVideoclip, idAlbum) Values(9997009,'Lazing On A Sunday Afternoon','https://api.deezer.com/album/915785/image',4331806,258,915785);
INSERT INTO Musica(id,nome,imagemCapa,reproducoes,idVideoclip, idAlbum) Values(9997010,'I''m In Love With My Car','https://api.deezer.com/album/915785/image',4877625,259,915785);
INSERT INTO Musica(id,nome,imagemCapa,reproducoes,idVideoclip, idAlbum) Values(9997011,'You''re My Best Friend','https://api.deezer.com/album/915785/image',646833,260,915785);
INSERT INTO Musica(id,nome,imagemCapa,reproducoes,idVideoclip, idAlbum) Values(9997012,'''39','https://api.deezer.com/album/915785/image',9957570,261,915785);
INSERT INTO Musica(id,nome,imagemCapa,reproducoes,idVideoclip, idAlbum) Values(9997013,'Sweet Lady','https://api.deezer.com/album/915785/image',1249912,262,915785);
INSERT INTO Musica(id,nome,imagemCapa,reproducoes,idVideoclip, idAlbum) Values(9997014,'Seaside Rendezvous','https://api.deezer.com/album/915785/image',1080547,263,915785);
INSERT INTO Musica(id,nome,imagemCapa,reproducoes,idVideoclip, idAlbum) Values(9997015,'The Prophet''s Song','https://api.deezer.com/album/915785/image',5451113,264,915785);
INSERT INTO Musica(id,nome,imagemCapa,reproducoes,idVideoclip, idAlbum) Values(9997016,'Love Of My Life','https://api.deezer.com/album/915785/image',7690219,265,915785);
INSERT INTO Musica(id,nome,imagemCapa,reproducoes,idVideoclip, idAlbum) Values(9997017,'Good Company','https://api.deezer.com/album/915785/image',7440807,266,915785);
INSERT INTO Musica(id,nome,imagemCapa,reproducoes,idVideoclip, idAlbum) Values(9997018,'Bohemian Rhapsody','https://api.deezer.com/album/915785/image',9769864,267,915785);
INSERT INTO Musica(id,nome,imagemCapa,reproducoes,idVideoclip, idAlbum) Values(9997019,'God Save The Queen','https://api.deezer.com/album/915785/image',7137659,268,915785);
INSERT INTO Musica(id,nome,imagemCapa,reproducoes,idVideoclip, idAlbum) Values(12209320,'Mustapha','https://api.deezer.com/album/1121401/image',6052924,269,1121401);
INSERT INTO Musica(id,nome,imagemCapa,reproducoes,idVideoclip, idAlbum) Values(12209321,'Fat Bottomed Girls','https://api.deezer.com/album/1121401/image',555248,270,1121401);
INSERT INTO Musica(id,nome,imagemCapa,reproducoes,idVideoclip, idAlbum) Values(12209322,'Jealousy','https://api.deezer.com/album/1121401/image',9860516,271,1121401);
INSERT INTO Musica(id,nome,imagemCapa,reproducoes,idVideoclip, idAlbum) Values(12209323,'Bicycle Race','https://api.deezer.com/album/1121401/image',9280636,272,1121401);
INSERT INTO Musica(id,nome,imagemCapa,reproducoes,idVideoclip, idAlbum) Values(12209324,'If You Can''t Beat Them','https://api.deezer.com/album/1121401/image',3229459,273,1121401);
INSERT INTO Musica(id,nome,imagemCapa,reproducoes,idVideoclip, idAlbum) Values(12209325,'Let Me Entertain You','https://api.deezer.com/album/1121401/image',4259954,274,1121401);
INSERT INTO Musica(id,nome,imagemCapa,reproducoes,idVideoclip, idAlbum) Values(12209326,'Dead On Time','https://api.deezer.com/album/1121401/image',513940,275,1121401);
INSERT INTO Musica(id,nome,imagemCapa,reproducoes,idVideoclip, idAlbum) Values(12209327,'In Only Seven Days','https://api.deezer.com/album/1121401/image',8335565,276,1121401);
INSERT INTO Musica(id,nome,imagemCapa,reproducoes,idVideoclip, idAlbum) Values(12209328,'Dreamer''s Ball','https://api.deezer.com/album/1121401/image',1488052,277,1121401);
INSERT INTO Musica(id,nome,imagemCapa,reproducoes,idVideoclip, idAlbum) Values(12209329,'Fun It','https://api.deezer.com/album/1121401/image',2735145,278,1121401);
INSERT INTO Musica(id,nome,imagemCapa,reproducoes,idVideoclip, idAlbum) Values(12209330,'Leaving Home Ain''t Easy','https://api.deezer.com/album/1121401/image',927485,279,1121401);
INSERT INTO Musica(id,nome,imagemCapa,reproducoes,idVideoclip, idAlbum) Values(12209331,'Don''t Stop Me Now','https://api.deezer.com/album/1121401/image',9339860,280,1121401);
INSERT INTO Musica(id,nome,imagemCapa,reproducoes,idVideoclip, idAlbum) Values(12209332,'More Of That Jazz','https://api.deezer.com/album/1121401/image',1662899,281,1121401);
INSERT INTO Musica(id,nome,imagemCapa,reproducoes,idVideoclip, idAlbum) Values(13459064,'Radio Ga Ga','https://api.deezer.com/album/1232880/image',8465281,282,1232880);
INSERT INTO Musica(id,nome,imagemCapa,reproducoes,idVideoclip, idAlbum) Values(13459065,'Tear It Up','https://api.deezer.com/album/1232880/image',7211091,283,1232880);
INSERT INTO Musica(id,nome,imagemCapa,reproducoes,idVideoclip, idAlbum) Values(13459066,'It''s A Hard Life','https://api.deezer.com/album/1232880/image',478709,284,1232880);
INSERT INTO Musica(id,nome,imagemCapa,reproducoes,idVideoclip, idAlbum) Values(13459067,'Man On The Prowl','https://api.deezer.com/album/1232880/image',7320859,285,1232880);
INSERT INTO Musica(id,nome,imagemCapa,reproducoes,idVideoclip, idAlbum) Values(13459068,'Machines (Or Back To Humans)','https://api.deezer.com/album/1232880/image',1371843,286,1232880);
INSERT INTO Musica(id,nome,imagemCapa,reproducoes,idVideoclip, idAlbum) Values(13459069,'I Want To Break Free','https://api.deezer.com/album/1232880/image',5263750,287,1232880);
INSERT INTO Musica(id,nome,imagemCapa,reproducoes,idVideoclip, idAlbum) Values(13459070,'Keep Passing The Open Windows','https://api.deezer.com/album/1232880/image',5517440,288,1232880);
INSERT INTO Musica(id,nome,imagemCapa,reproducoes,idVideoclip, idAlbum) Values(13459071,'Hammer To Fall','https://api.deezer.com/album/1232880/image',6206623,289,1232880);
INSERT INTO Musica(id,nome,imagemCapa,reproducoes,idVideoclip, idAlbum) Values(13459072,'Is This The World We Created...?','https://api.deezer.com/album/1232880/image',1540592,290,1232880);
-- Table: Utilizador
INSERT INTO Utilizador(id,nome,username,dataNascimento,nacionalidade,idUltimaOuvida) Values(0,'Jesse Maranda','@Jesse_Maranda','1974-09-11','Belgium',67238738);
INSERT INTO Utilizador(id,nome,username,dataNascimento,nacionalidade,idUltimaOuvida) Values(1,'Beverley Gomez','@Beverley_Gomez','1993-10-25','Poland',585667522);
INSERT INTO Utilizador(id,nome,username,dataNascimento,nacionalidade,idUltimaOuvida) Values(2,'Grady Kuipers','@Grady_Kuipers','2012-03-23','Serbia',116348484);
INSERT INTO Utilizador(id,nome,username,dataNascimento,nacionalidade,idUltimaOuvida) Values(3,'Sofia Predovich','@Sofia_Predovich','1980-09-04','Ireland',74617615);
INSERT INTO Utilizador(id,nome,username,dataNascimento,nacionalidade,idUltimaOuvida) Values(4,'April Reece','@April_Reece','2005-12-04','Czech Republic',4315321);
INSERT INTO Utilizador(id,nome,username,dataNascimento,nacionalidade,idUltimaOuvida) Values(5,'James Hawkin','@James_Hawkin','2010-02-02','Croatia',785411532);
INSERT INTO Utilizador(id,nome,username,dataNascimento,nacionalidade,idUltimaOuvida) Values(6,'Gregory Carlin','@Gregory_Carlin','1979-11-05','Iceland',4315385);
INSERT INTO Utilizador(id,nome,username,dataNascimento,nacionalidade,idUltimaOuvida) Values(7,'Neil Bolyard','@Neil_Bolyard','1986-07-11','Armenia',67238730);
INSERT INTO Utilizador(id,nome,username,dataNascimento,nacionalidade,idUltimaOuvida) Values(8,'Fern Maris','@Fern_Maris','1996-01-18','Hungary',384157661);
INSERT INTO Utilizador(id,nome,username,dataNascimento,nacionalidade,idUltimaOuvida) Values(9,'Dale Gibbs','@Dale_Gibbs','2011-05-05','Monaco',62724020);
INSERT INTO Utilizador(id,nome,username,dataNascimento,nacionalidade,idUltimaOuvida) Values(10,'Kimberley Krull','@Kimberley_Krull','1977-05-16','Estonia',585667562);
INSERT INTO Utilizador(id,nome,username,dataNascimento,nacionalidade,idUltimaOuvida) Values(11,'Kimberly Vigne','@Kimberly_Vigne','1992-01-23','Poland',4315382);
INSERT INTO Utilizador(id,nome,username,dataNascimento,nacionalidade,idUltimaOuvida) Values(12,'John Mccarter','@John_Mccarter','1981-11-03','Iceland',116348622);
INSERT INTO Utilizador(id,nome,username,dataNascimento,nacionalidade,idUltimaOuvida) Values(13,'Eric Ramirez','@Eric_Ramirez','1970-02-22','Spain',13459069);
INSERT INTO Utilizador(id,nome,username,dataNascimento,nacionalidade,idUltimaOuvida) Values(14,'Gerald Trent','@Gerald_Trent','1985-09-21','Greece',12209332);
INSERT INTO Utilizador(id,nome,username,dataNascimento,nacionalidade,idUltimaOuvida) Values(15,'Gary Perez','@Gary_Perez','1963-10-07','Romania',384157621);
INSERT INTO Utilizador(id,nome,username,dataNascimento,nacionalidade,idUltimaOuvida) Values(16,'Barbra Henrich','@Barbra_Henrich','2005-10-15','Estonia',70322142);
INSERT INTO Utilizador(id,nome,username,dataNascimento,nacionalidade,idUltimaOuvida) Values(17,'Mark Carter','@Mark_Carter','1982-12-08','Slovenia',4315380);
INSERT INTO Utilizador(id,nome,username,dataNascimento,nacionalidade,idUltimaOuvida) Values(18,'Brandi Garza','@Brandi_Garza','1959-11-18','Bulgaria',3135558);
INSERT INTO Utilizador(id,nome,username,dataNascimento,nacionalidade,idUltimaOuvida) Values(19,'Lisa Jemison','@Lisa_Jemison','1986-12-10','Finland',9997014);
INSERT INTO Utilizador(id,nome,username,dataNascimento,nacionalidade,idUltimaOuvida) Values(20,'Marilyn Delvalle','@Marilyn_Delvalle','1985-08-30','Croatia',67238729);
INSERT INTO Utilizador(id,nome,username,dataNascimento,nacionalidade,idUltimaOuvida) Values(21,'Lizzie Contreras','@Lizzie_Contreras','2004-12-22','Latvia',74617613);
INSERT INTO Utilizador(id,nome,username,dataNascimento,nacionalidade,idUltimaOuvida) Values(22,'Stanley Driscoll','@Stanley_Driscoll','1991-08-22','Norway',116348666);
INSERT INTO Utilizador(id,nome,username,dataNascimento,nacionalidade,idUltimaOuvida) Values(23,'Rita Walsh','@Rita_Walsh','1956-06-28','Liechtenstein',116348642);
INSERT INTO Utilizador(id,nome,username,dataNascimento,nacionalidade,idUltimaOuvida) Values(24,'Christopher Ward','@Christopher_Ward','2005-12-08','Luxembourg',116348658);
INSERT INTO Utilizador(id,nome,username,dataNascimento,nacionalidade,idUltimaOuvida) Values(25,'Chad Cline','@Chad_Cline','2000-02-14','Slovenia',67238730);
INSERT INTO Utilizador(id,nome,username,dataNascimento,nacionalidade,idUltimaOuvida) Values(26,'Frances Thompson','@Frances_Thompson','1954-12-23','San Marino',384157671);
INSERT INTO Utilizador(id,nome,username,dataNascimento,nacionalidade,idUltimaOuvida) Values(27,'Sage Hurtado','@Sage_Hurtado','2005-02-23','San Marino',126772759);
INSERT INTO Utilizador(id,nome,username,dataNascimento,nacionalidade,idUltimaOuvida) Values(28,'Sylvia Ross','@Sylvia_Ross','1984-10-07','Estonia',13459067);
INSERT INTO Utilizador(id,nome,username,dataNascimento,nacionalidade,idUltimaOuvida) Values(29,'Philip Pearson','@Philip_Pearson','1972-04-28','Belarus',67238734);
-- Table: Genero
INSERT INTO Genero(id,nome) Values(113,'Dance');
INSERT INTO Genero(id,nome) Values(132,'Pop');
INSERT INTO Genero(id,nome) Values(85,'Alternativa');
INSERT INTO Genero(id,nome) Values(116,'Rap/Hip Hop');
INSERT INTO Genero(id,nome) Values(129,'Jazz');
INSERT INTO Genero(id,nome) Values(152,'Rock');
-- Table: Playlist
INSERT INTO Playlist(id,nome,idUtilizador) Values(0,'Today''s Deep House',11);
INSERT INTO Playlist(id,nome,idUtilizador) Values(1,'Discooooo Baby',14);
INSERT INTO Playlist(id,nome,idUtilizador) Values(2,'Alarm Tones disguised as Songs',26);
INSERT INTO Playlist(id,nome,idUtilizador) Values(3,'Jungle Music',28);
INSERT INTO Playlist(id,nome,idUtilizador) Values(4,'Faded Under Gold Skies',6);
INSERT INTO Playlist(id,nome,idUtilizador) Values(5,'Personal Notes in form of songs',17);
INSERT INTO Playlist(id,nome,idUtilizador) Values(6,'Rockabilly Dazzlers',13);
INSERT INTO Playlist(id,nome,idUtilizador) Values(7,'Uprise  Groovy Like a Drive in Movie',18);
INSERT INTO Playlist(id,nome,idUtilizador) Values(8,'Songs with nothing but beat drops',27);
INSERT INTO Playlist(id,nome,idUtilizador) Values(9,'Pit of Darkness',9);
INSERT INTO Playlist(id,nome,idUtilizador) Values(10,'Faded Under Gold Skies',0);
INSERT INTO Playlist(id,nome,idUtilizador) Values(11,'Serial Killer Favourites',10);
INSERT INTO Playlist(id,nome,idUtilizador) Values(12,'Songs that make no sense',3);
INSERT INTO Playlist(id,nome,idUtilizador) Values(13,'Beat Drop at 1,2,3',3);
INSERT INTO Playlist(id,nome,idUtilizador) Values(14,'Beat Drop at 1,2,3',0);
INSERT INTO Playlist(id,nome,idUtilizador) Values(15,'Say Hello, Spaceman',5);
INSERT INTO Playlist(id,nome,idUtilizador) Values(16,'Dance to the Beat',15);
INSERT INTO Playlist(id,nome,idUtilizador) Values(17,'Rhythmic Existentialism',25);
INSERT INTO Playlist(id,nome,idUtilizador) Values(18,'Rockabilly Dazzlers',23);
INSERT INTO Playlist(id,nome,idUtilizador) Values(19,'Faded Under Gold Skies',26);
-- Table: Autor
INSERT INTO Autor(id,nome) Values(27,'Daft Punk');
INSERT INTO Autor(id,nome) Values(100000000,'Guy-Manuel de Homem-Christo');
INSERT INTO Autor(id,nome) Values(100000001,'Thomas Bangalter');
INSERT INTO Autor(id,nome) Values(1182,'Arctic Monkeys');
INSERT INTO Autor(id,nome) Values(1195633,'Alex Turner');
INSERT INTO Autor(id,nome) Values(100000002,'Jamie Cook');
INSERT INTO Autor(id,nome) Values(100000003,'Nick O''Malley');
INSERT INTO Autor(id,nome) Values(100000004,'Matt Helders');
INSERT INTO Autor(id,nome) Values(11121068,'Tamino');
INSERT INTO Autor(id,nome) Values(10963720,'X-Tense');
INSERT INTO Autor(id,nome) Values(14687,'Djavan');
INSERT INTO Autor(id,nome) Values(5168,'João Gilberto');
INSERT INTO Autor(id,nome) Values(1,'The Beatles');
INSERT INTO Autor(id,nome) Values(226,'John Lennon');
INSERT INTO Autor(id,nome) Values(1446,'Paul McCartney');
INSERT INTO Autor(id,nome) Values(100000005,'George Harrison');
INSERT INTO Autor(id,nome) Values(100000006,'Ringo Starr');
INSERT INTO Autor(id,nome) Values(230,'Kanye West');
INSERT INTO Autor(id,nome) Values(70016862,'Chico da Tina');
INSERT INTO Autor(id,nome) Values(1194083,'Tyler, The Creator');
INSERT INTO Autor(id,nome) Values(997,'David Bowie');
INSERT INTO Autor(id,nome) Values(9877750,'Salvador Sobral');
INSERT INTO Autor(id,nome) Values(429675,'Bruno Mars');
INSERT INTO Autor(id,nome) Values(6474027,'Anderson .Paak');
INSERT INTO Autor(id,nome) Values(412,'Queen');
-- Table: Banda
INSERT INTO Banda(id,nome,dataFormacao) Values(27,'Daft Punk','1962');
INSERT INTO Banda(id,nome,dataFormacao) Values(1182,'Arctic Monkeys','1959');
INSERT INTO Banda(id,nome,dataFormacao) Values(1,'The Beatles','2000');
-- Table: Artista
INSERT INTO Artista(id,nome,dataNascimento) Values(100000000,'Guy-Manuel de Homem-Christo','1953');
INSERT INTO Artista(id,nome,dataNascimento) Values(100000001,'Thomas Bangalter','1952');
INSERT INTO Artista(id,nome,dataNascimento) Values(1195633,'Alex Turner','1999');
INSERT INTO Artista(id,nome,dataNascimento) Values(100000002,'Jamie Cook','1985');
INSERT INTO Artista(id,nome,dataNascimento) Values(100000003,'Nick O''Malley','1975');
INSERT INTO Artista(id,nome,dataNascimento) Values(100000004,'Matt Helders','1986');
INSERT INTO Artista(id,nome,dataNascimento) Values(11121068,'Tamino','1985');
INSERT INTO Artista(id,nome,dataNascimento) Values(10963720,'X-Tense','1960');
INSERT INTO Artista(id,nome,dataNascimento) Values(14687,'Djavan','1971');
INSERT INTO Artista(id,nome,dataNascimento) Values(5168,'João Gilberto','1989');
INSERT INTO Artista(id,nome,dataNascimento) Values(226,'John Lennon','1991');
INSERT INTO Artista(id,nome,dataNascimento) Values(1446,'Paul McCartney','1988');
INSERT INTO Artista(id,nome,dataNascimento) Values(100000005,'George Harrison','1958');
INSERT INTO Artista(id,nome,dataNascimento) Values(100000006,'Ringo Starr','1988');
INSERT INTO Artista(id,nome,dataNascimento) Values(230,'Kanye West','1995');
INSERT INTO Artista(id,nome,dataNascimento) Values(70016862,'Chico da Tina','1979');
INSERT INTO Artista(id,nome,dataNascimento) Values(1194083,'Tyler, The Creator','1978');
INSERT INTO Artista(id,nome,dataNascimento) Values(997,'David Bowie','1979');
INSERT INTO Artista(id,nome,dataNascimento) Values(9877750,'Salvador Sobral','1982');
INSERT INTO Artista(id,nome,dataNascimento) Values(429675,'Bruno Mars','1959');
INSERT INTO Artista(id,nome,dataNascimento) Values(6474027,'Anderson .Paak','1991');
INSERT INTO Artista(id,nome,dataNascimento) Values(412,'Queen','1998');
-- Table: Concerto
INSERT INTO Concerto(id,data,local) Values(0,'1969-11-04','Serbia');
INSERT INTO Concerto(id,data,local) Values(1,'1979-12-21','Switzerland');
INSERT INTO Concerto(id,data,local) Values(2,'1980-06-01','Kosovo');
INSERT INTO Concerto(id,data,local) Values(3,'1952-09-15','Ukraine');
INSERT INTO Concerto(id,data,local) Values(4,'1983-09-15','Bulgaria');
INSERT INTO Concerto(id,data,local) Values(5,'2000-02-08','Germany');
INSERT INTO Concerto(id,data,local) Values(6,'1976-08-10','Netherlands');
INSERT INTO Concerto(id,data,local) Values(7,'1999-09-10','Latvia');
INSERT INTO Concerto(id,data,local) Values(8,'2010-02-10','Latvia');
INSERT INTO Concerto(id,data,local) Values(9,'1993-04-22','Romania');
INSERT INTO Concerto(id,data,local) Values(10,'2000-05-19','Croatia');
INSERT INTO Concerto(id,data,local) Values(11,'1996-11-23','Belarus');
INSERT INTO Concerto(id,data,local) Values(12,'2003-07-04','Switzerland');
INSERT INTO Concerto(id,data,local) Values(13,'2011-07-17','Sweden');
INSERT INTO Concerto(id,data,local) Values(14,'1976-06-12','Ireland');
INSERT INTO Concerto(id,data,local) Values(15,'1988-03-20','Hungary');
INSERT INTO Concerto(id,data,local) Values(16,'1973-03-20','Germany');
INSERT INTO Concerto(id,data,local) Values(17,'1960-01-03','Russia');
INSERT INTO Concerto(id,data,local) Values(18,'1984-09-29','Slovenia');
INSERT INTO Concerto(id,data,local) Values(19,'1968-02-27','Czech Republic');
INSERT INTO Concerto(id,data,local) Values(20,'2013-08-29','Turkey');
INSERT INTO Concerto(id,data,local) Values(21,'2007-07-19','Austria');
INSERT INTO Concerto(id,data,local) Values(22,'2003-04-26','Ireland');
INSERT INTO Concerto(id,data,local) Values(23,'1951-08-06','San Marino');
INSERT INTO Concerto(id,data,local) Values(24,'2014-03-02','Montenegro');
INSERT INTO Concerto(id,data,local) Values(25,'1954-10-03','Estonia');
INSERT INTO Concerto(id,data,local) Values(26,'1978-01-20','France');
INSERT INTO Concerto(id,data,local) Values(27,'1978-10-19','Sweden');
INSERT INTO Concerto(id,data,local) Values(28,'1963-08-11','Sweden');
INSERT INTO Concerto(id,data,local) Values(29,'2001-12-14','Russia');
INSERT INTO Concerto(id,data,local) Values(30,'1987-03-17','Slovenia');
INSERT INTO Concerto(id,data,local) Values(31,'1998-09-17','Monaco');
INSERT INTO Concerto(id,data,local) Values(32,'1952-10-17','Slovakia');
INSERT INTO Concerto(id,data,local) Values(33,'2015-03-13','Ukraine');
INSERT INTO Concerto(id,data,local) Values(34,'1955-12-19','Azerbaijan');
-- Table: Ator
INSERT INTO Ator(id,nome) Values(0,'Mark Reyna');
INSERT INTO Ator(id,nome) Values(1,'Wally Stocks');
INSERT INTO Ator(id,nome) Values(2,'Richard Gardner');
INSERT INTO Ator(id,nome) Values(3,'Ruth Rosemond');
INSERT INTO Ator(id,nome) Values(4,'Walter Muncy');
INSERT INTO Ator(id,nome) Values(5,'Paul Strunk');
INSERT INTO Ator(id,nome) Values(6,'Dorothy Scott');
INSERT INTO Ator(id,nome) Values(7,'Greg Toney');
INSERT INTO Ator(id,nome) Values(8,'Catherine Fortin');
INSERT INTO Ator(id,nome) Values(9,'Mark Steffee');
INSERT INTO Ator(id,nome) Values(10,'Nathan Stechlinski');
INSERT INTO Ator(id,nome) Values(11,'Damian Sons');
INSERT INTO Ator(id,nome) Values(12,'Isaac Patrick');
INSERT INTO Ator(id,nome) Values(13,'Reuben Blanchard');
INSERT INTO Ator(id,nome) Values(14,'Andrew Scott');
INSERT INTO Ator(id,nome) Values(15,'Krista Engstrom');
INSERT INTO Ator(id,nome) Values(16,'William Rossi');
INSERT INTO Ator(id,nome) Values(17,'Susan Solinski');
INSERT INTO Ator(id,nome) Values(18,'Jane Rodriguez');
INSERT INTO Ator(id,nome) Values(19,'Krista Durham');
INSERT INTO Ator(id,nome) Values(20,'Larry Luten');
INSERT INTO Ator(id,nome) Values(21,'Kandice Mckinney');
INSERT INTO Ator(id,nome) Values(22,'Greg Lizama');
INSERT INTO Ator(id,nome) Values(23,'William Owens');
INSERT INTO Ator(id,nome) Values(24,'Michele Blackburn');
INSERT INTO Ator(id,nome) Values(25,'David Sandow');
INSERT INTO Ator(id,nome) Values(26,'James Brunell');
INSERT INTO Ator(id,nome) Values(27,'Barbara Rosenbarger');
INSERT INTO Ator(id,nome) Values(28,'William Musty');
INSERT INTO Ator(id,nome) Values(29,'Jennifer Berrios');
-- Table: Produtor
INSERT INTO Produtor(id,nome) Values(0,'Megan Fox');
INSERT INTO Produtor(id,nome) Values(1,'Manuel Rice');
INSERT INTO Produtor(id,nome) Values(2,'Stella Rogers');
INSERT INTO Produtor(id,nome) Values(3,'Freddie Hickman');
INSERT INTO Produtor(id,nome) Values(4,'Garry Benner');
INSERT INTO Produtor(id,nome) Values(5,'Kay Sibley');
INSERT INTO Produtor(id,nome) Values(6,'Flora Reynolds');
INSERT INTO Produtor(id,nome) Values(7,'Violet Sullivan');
INSERT INTO Produtor(id,nome) Values(8,'Kimberly Owens');
INSERT INTO Produtor(id,nome) Values(9,'Allyson Harris');
INSERT INTO Produtor(id,nome) Values(10,'Cindy Jones');
INSERT INTO Produtor(id,nome) Values(11,'Patricia Snead');
INSERT INTO Produtor(id,nome) Values(12,'Anita Walker');
INSERT INTO Produtor(id,nome) Values(13,'Yvette Lefebvre');
INSERT INTO Produtor(id,nome) Values(14,'Lorraine Shaefer');
INSERT INTO Produtor(id,nome) Values(15,'Virginia Robinson');
INSERT INTO Produtor(id,nome) Values(16,'Bradley Lees');
INSERT INTO Produtor(id,nome) Values(17,'Steve Speer');
INSERT INTO Produtor(id,nome) Values(18,'Jane Perdue');
INSERT INTO Produtor(id,nome) Values(19,'Carlos King');
INSERT INTO Produtor(id,nome) Values(20,'Brenda Marx');
INSERT INTO Produtor(id,nome) Values(21,'Michael Dennis');
INSERT INTO Produtor(id,nome) Values(22,'Harland Moore');
INSERT INTO Produtor(id,nome) Values(23,'Paula Walls');
INSERT INTO Produtor(id,nome) Values(24,'Alice Morrison');
INSERT INTO Produtor(id,nome) Values(25,'Gary Freeman');
INSERT INTO Produtor(id,nome) Values(26,'Michael Guerrero');
INSERT INTO Produtor(id,nome) Values(27,'Scot Mullis');
INSERT INTO Produtor(id,nome) Values(28,'Robert Harris');
INSERT INTO Produtor(id,nome) Values(29,'Michelle Maloney');
-- Table: VideoclipAtor
INSERT INTO VideoclipAtor(idVideoclip,idAtor) Values(0,6);
INSERT INTO VideoclipAtor(idVideoclip,idAtor) Values(0,4);
INSERT INTO VideoclipAtor(idVideoclip,idAtor) Values(0,26);
INSERT INTO VideoclipAtor(idVideoclip,idAtor) Values(1,1);
INSERT INTO VideoclipAtor(idVideoclip,idAtor) Values(2,6);
INSERT INTO VideoclipAtor(idVideoclip,idAtor) Values(2,23);
INSERT INTO VideoclipAtor(idVideoclip,idAtor) Values(2,15);
INSERT INTO VideoclipAtor(idVideoclip,idAtor) Values(3,28);
INSERT INTO VideoclipAtor(idVideoclip,idAtor) Values(3,25);
INSERT INTO VideoclipAtor(idVideoclip,idAtor) Values(4,27);
INSERT INTO VideoclipAtor(idVideoclip,idAtor) Values(4,5);
INSERT INTO VideoclipAtor(idVideoclip,idAtor) Values(5,16);
INSERT INTO VideoclipAtor(idVideoclip,idAtor) Values(5,14);
INSERT INTO VideoclipAtor(idVideoclip,idAtor) Values(6,3);
INSERT INTO VideoclipAtor(idVideoclip,idAtor) Values(6,21);
INSERT INTO VideoclipAtor(idVideoclip,idAtor) Values(6,2);
INSERT INTO VideoclipAtor(idVideoclip,idAtor) Values(7,6);
INSERT INTO VideoclipAtor(idVideoclip,idAtor) Values(7,20);
INSERT INTO VideoclipAtor(idVideoclip,idAtor) Values(7,3);
INSERT INTO VideoclipAtor(idVideoclip,idAtor) Values(8,21);
INSERT INTO VideoclipAtor(idVideoclip,idAtor) Values(9,2);
INSERT INTO VideoclipAtor(idVideoclip,idAtor) Values(9,11);
INSERT INTO VideoclipAtor(idVideoclip,idAtor) Values(9,4);
INSERT INTO VideoclipAtor(idVideoclip,idAtor) Values(10,1);
INSERT INTO VideoclipAtor(idVideoclip,idAtor) Values(11,2);
INSERT INTO VideoclipAtor(idVideoclip,idAtor) Values(12,4);
INSERT INTO VideoclipAtor(idVideoclip,idAtor) Values(12,0);
INSERT INTO VideoclipAtor(idVideoclip,idAtor) Values(12,26);
INSERT INTO VideoclipAtor(idVideoclip,idAtor) Values(13,23);
INSERT INTO VideoclipAtor(idVideoclip,idAtor) Values(13,6);
INSERT INTO VideoclipAtor(idVideoclip,idAtor) Values(14,0);
INSERT INTO VideoclipAtor(idVideoclip,idAtor) Values(14,18);
INSERT INTO VideoclipAtor(idVideoclip,idAtor) Values(15,0);
INSERT INTO VideoclipAtor(idVideoclip,idAtor) Values(16,6);
INSERT INTO VideoclipAtor(idVideoclip,idAtor) Values(16,17);
INSERT INTO VideoclipAtor(idVideoclip,idAtor) Values(16,13);
INSERT INTO VideoclipAtor(idVideoclip,idAtor) Values(17,10);
INSERT INTO VideoclipAtor(idVideoclip,idAtor) Values(17,14);
INSERT INTO VideoclipAtor(idVideoclip,idAtor) Values(18,17);
INSERT INTO VideoclipAtor(idVideoclip,idAtor) Values(18,0);
INSERT INTO VideoclipAtor(idVideoclip,idAtor) Values(19,21);
INSERT INTO VideoclipAtor(idVideoclip,idAtor) Values(19,0);
INSERT INTO VideoclipAtor(idVideoclip,idAtor) Values(19,17);
INSERT INTO VideoclipAtor(idVideoclip,idAtor) Values(20,6);
INSERT INTO VideoclipAtor(idVideoclip,idAtor) Values(20,12);
INSERT INTO VideoclipAtor(idVideoclip,idAtor) Values(20,17);
INSERT INTO VideoclipAtor(idVideoclip,idAtor) Values(21,16);
INSERT INTO VideoclipAtor(idVideoclip,idAtor) Values(21,5);
INSERT INTO VideoclipAtor(idVideoclip,idAtor) Values(22,7);
INSERT INTO VideoclipAtor(idVideoclip,idAtor) Values(23,23);
INSERT INTO VideoclipAtor(idVideoclip,idAtor) Values(24,18);
INSERT INTO VideoclipAtor(idVideoclip,idAtor) Values(25,27);
INSERT INTO VideoclipAtor(idVideoclip,idAtor) Values(25,22);
INSERT INTO VideoclipAtor(idVideoclip,idAtor) Values(25,28);
INSERT INTO VideoclipAtor(idVideoclip,idAtor) Values(26,5);
INSERT INTO VideoclipAtor(idVideoclip,idAtor) Values(26,13);
INSERT INTO VideoclipAtor(idVideoclip,idAtor) Values(27,15);
INSERT INTO VideoclipAtor(idVideoclip,idAtor) Values(28,5);
INSERT INTO VideoclipAtor(idVideoclip,idAtor) Values(28,3);
INSERT INTO VideoclipAtor(idVideoclip,idAtor) Values(28,17);
INSERT INTO VideoclipAtor(idVideoclip,idAtor) Values(29,11);
INSERT INTO VideoclipAtor(idVideoclip,idAtor) Values(29,21);
INSERT INTO VideoclipAtor(idVideoclip,idAtor) Values(30,25);
INSERT INTO VideoclipAtor(idVideoclip,idAtor) Values(30,20);
INSERT INTO VideoclipAtor(idVideoclip,idAtor) Values(31,5);
INSERT INTO VideoclipAtor(idVideoclip,idAtor) Values(32,0);
INSERT INTO VideoclipAtor(idVideoclip,idAtor) Values(33,27);
INSERT INTO VideoclipAtor(idVideoclip,idAtor) Values(34,2);
INSERT INTO VideoclipAtor(idVideoclip,idAtor) Values(35,13);
INSERT INTO VideoclipAtor(idVideoclip,idAtor) Values(36,0);
INSERT INTO VideoclipAtor(idVideoclip,idAtor) Values(37,25);
INSERT INTO VideoclipAtor(idVideoclip,idAtor) Values(37,5);
INSERT INTO VideoclipAtor(idVideoclip,idAtor) Values(37,6);
INSERT INTO VideoclipAtor(idVideoclip,idAtor) Values(38,2);
INSERT INTO VideoclipAtor(idVideoclip,idAtor) Values(39,0);
INSERT INTO VideoclipAtor(idVideoclip,idAtor) Values(39,9);
INSERT INTO VideoclipAtor(idVideoclip,idAtor) Values(40,5);
INSERT INTO VideoclipAtor(idVideoclip,idAtor) Values(41,0);
INSERT INTO VideoclipAtor(idVideoclip,idAtor) Values(42,6);
INSERT INTO VideoclipAtor(idVideoclip,idAtor) Values(42,27);
INSERT INTO VideoclipAtor(idVideoclip,idAtor) Values(43,22);
INSERT INTO VideoclipAtor(idVideoclip,idAtor) Values(44,18);
INSERT INTO VideoclipAtor(idVideoclip,idAtor) Values(44,23);
INSERT INTO VideoclipAtor(idVideoclip,idAtor) Values(44,28);
INSERT INTO VideoclipAtor(idVideoclip,idAtor) Values(45,8);
INSERT INTO VideoclipAtor(idVideoclip,idAtor) Values(45,4);
INSERT INTO VideoclipAtor(idVideoclip,idAtor) Values(45,7);
INSERT INTO VideoclipAtor(idVideoclip,idAtor) Values(46,0);
INSERT INTO VideoclipAtor(idVideoclip,idAtor) Values(46,23);
INSERT INTO VideoclipAtor(idVideoclip,idAtor) Values(47,19);
INSERT INTO VideoclipAtor(idVideoclip,idAtor) Values(47,15);
INSERT INTO VideoclipAtor(idVideoclip,idAtor) Values(47,4);
INSERT INTO VideoclipAtor(idVideoclip,idAtor) Values(48,8);
INSERT INTO VideoclipAtor(idVideoclip,idAtor) Values(48,16);
INSERT INTO VideoclipAtor(idVideoclip,idAtor) Values(49,27);
INSERT INTO VideoclipAtor(idVideoclip,idAtor) Values(50,17);
INSERT INTO VideoclipAtor(idVideoclip,idAtor) Values(50,5);
INSERT INTO VideoclipAtor(idVideoclip,idAtor) Values(50,15);
INSERT INTO VideoclipAtor(idVideoclip,idAtor) Values(51,8);
INSERT INTO VideoclipAtor(idVideoclip,idAtor) Values(51,5);
INSERT INTO VideoclipAtor(idVideoclip,idAtor) Values(52,3);
INSERT INTO VideoclipAtor(idVideoclip,idAtor) Values(52,27);
INSERT INTO VideoclipAtor(idVideoclip,idAtor) Values(53,27);
INSERT INTO VideoclipAtor(idVideoclip,idAtor) Values(54,16);
INSERT INTO VideoclipAtor(idVideoclip,idAtor) Values(54,8);
INSERT INTO VideoclipAtor(idVideoclip,idAtor) Values(54,23);
INSERT INTO VideoclipAtor(idVideoclip,idAtor) Values(55,10);
INSERT INTO VideoclipAtor(idVideoclip,idAtor) Values(55,6);
INSERT INTO VideoclipAtor(idVideoclip,idAtor) Values(55,15);
INSERT INTO VideoclipAtor(idVideoclip,idAtor) Values(56,4);
INSERT INTO VideoclipAtor(idVideoclip,idAtor) Values(57,6);
INSERT INTO VideoclipAtor(idVideoclip,idAtor) Values(57,29);
INSERT INTO VideoclipAtor(idVideoclip,idAtor) Values(58,29);
INSERT INTO VideoclipAtor(idVideoclip,idAtor) Values(58,7);
INSERT INTO VideoclipAtor(idVideoclip,idAtor) Values(58,9);
INSERT INTO VideoclipAtor(idVideoclip,idAtor) Values(59,10);
INSERT INTO VideoclipAtor(idVideoclip,idAtor) Values(60,20);
INSERT INTO VideoclipAtor(idVideoclip,idAtor) Values(60,13);
INSERT INTO VideoclipAtor(idVideoclip,idAtor) Values(60,22);
INSERT INTO VideoclipAtor(idVideoclip,idAtor) Values(61,4);
INSERT INTO VideoclipAtor(idVideoclip,idAtor) Values(62,29);
INSERT INTO VideoclipAtor(idVideoclip,idAtor) Values(63,17);
INSERT INTO VideoclipAtor(idVideoclip,idAtor) Values(64,19);
INSERT INTO VideoclipAtor(idVideoclip,idAtor) Values(64,18);
INSERT INTO VideoclipAtor(idVideoclip,idAtor) Values(65,11);
INSERT INTO VideoclipAtor(idVideoclip,idAtor) Values(65,18);
INSERT INTO VideoclipAtor(idVideoclip,idAtor) Values(66,4);
INSERT INTO VideoclipAtor(idVideoclip,idAtor) Values(67,16);
INSERT INTO VideoclipAtor(idVideoclip,idAtor) Values(67,17);
INSERT INTO VideoclipAtor(idVideoclip,idAtor) Values(68,11);
INSERT INTO VideoclipAtor(idVideoclip,idAtor) Values(69,6);
INSERT INTO VideoclipAtor(idVideoclip,idAtor) Values(69,16);
INSERT INTO VideoclipAtor(idVideoclip,idAtor) Values(70,14);
INSERT INTO VideoclipAtor(idVideoclip,idAtor) Values(70,1);
INSERT INTO VideoclipAtor(idVideoclip,idAtor) Values(71,26);
INSERT INTO VideoclipAtor(idVideoclip,idAtor) Values(71,29);
INSERT INTO VideoclipAtor(idVideoclip,idAtor) Values(72,22);
INSERT INTO VideoclipAtor(idVideoclip,idAtor) Values(73,17);
INSERT INTO VideoclipAtor(idVideoclip,idAtor) Values(74,16);
INSERT INTO VideoclipAtor(idVideoclip,idAtor) Values(74,8);
INSERT INTO VideoclipAtor(idVideoclip,idAtor) Values(75,5);
INSERT INTO VideoclipAtor(idVideoclip,idAtor) Values(76,0);
INSERT INTO VideoclipAtor(idVideoclip,idAtor) Values(76,1);
INSERT INTO VideoclipAtor(idVideoclip,idAtor) Values(77,12);
INSERT INTO VideoclipAtor(idVideoclip,idAtor) Values(77,4);
INSERT INTO VideoclipAtor(idVideoclip,idAtor) Values(78,24);
INSERT INTO VideoclipAtor(idVideoclip,idAtor) Values(78,23);
INSERT INTO VideoclipAtor(idVideoclip,idAtor) Values(78,18);
INSERT INTO VideoclipAtor(idVideoclip,idAtor) Values(79,2);
INSERT INTO VideoclipAtor(idVideoclip,idAtor) Values(79,17);
INSERT INTO VideoclipAtor(idVideoclip,idAtor) Values(80,20);
INSERT INTO VideoclipAtor(idVideoclip,idAtor) Values(80,18);
INSERT INTO VideoclipAtor(idVideoclip,idAtor) Values(81,4);
INSERT INTO VideoclipAtor(idVideoclip,idAtor) Values(81,21);
INSERT INTO VideoclipAtor(idVideoclip,idAtor) Values(81,24);
INSERT INTO VideoclipAtor(idVideoclip,idAtor) Values(82,28);
INSERT INTO VideoclipAtor(idVideoclip,idAtor) Values(82,2);
INSERT INTO VideoclipAtor(idVideoclip,idAtor) Values(83,29);
INSERT INTO VideoclipAtor(idVideoclip,idAtor) Values(83,13);
INSERT INTO VideoclipAtor(idVideoclip,idAtor) Values(84,12);
INSERT INTO VideoclipAtor(idVideoclip,idAtor) Values(84,5);
INSERT INTO VideoclipAtor(idVideoclip,idAtor) Values(84,19);
INSERT INTO VideoclipAtor(idVideoclip,idAtor) Values(85,9);
INSERT INTO VideoclipAtor(idVideoclip,idAtor) Values(86,9);
INSERT INTO VideoclipAtor(idVideoclip,idAtor) Values(86,25);
INSERT INTO VideoclipAtor(idVideoclip,idAtor) Values(87,27);
INSERT INTO VideoclipAtor(idVideoclip,idAtor) Values(87,20);
INSERT INTO VideoclipAtor(idVideoclip,idAtor) Values(88,10);
INSERT INTO VideoclipAtor(idVideoclip,idAtor) Values(89,4);
INSERT INTO VideoclipAtor(idVideoclip,idAtor) Values(89,23);
INSERT INTO VideoclipAtor(idVideoclip,idAtor) Values(89,29);
INSERT INTO VideoclipAtor(idVideoclip,idAtor) Values(90,16);
INSERT INTO VideoclipAtor(idVideoclip,idAtor) Values(90,18);
INSERT INTO VideoclipAtor(idVideoclip,idAtor) Values(90,25);
INSERT INTO VideoclipAtor(idVideoclip,idAtor) Values(91,18);
INSERT INTO VideoclipAtor(idVideoclip,idAtor) Values(91,16);
INSERT INTO VideoclipAtor(idVideoclip,idAtor) Values(91,2);
INSERT INTO VideoclipAtor(idVideoclip,idAtor) Values(92,3);
INSERT INTO VideoclipAtor(idVideoclip,idAtor) Values(93,15);
INSERT INTO VideoclipAtor(idVideoclip,idAtor) Values(94,12);
INSERT INTO VideoclipAtor(idVideoclip,idAtor) Values(94,27);
INSERT INTO VideoclipAtor(idVideoclip,idAtor) Values(95,1);
INSERT INTO VideoclipAtor(idVideoclip,idAtor) Values(95,19);
INSERT INTO VideoclipAtor(idVideoclip,idAtor) Values(96,18);
INSERT INTO VideoclipAtor(idVideoclip,idAtor) Values(97,22);
INSERT INTO VideoclipAtor(idVideoclip,idAtor) Values(97,24);
INSERT INTO VideoclipAtor(idVideoclip,idAtor) Values(97,7);
INSERT INTO VideoclipAtor(idVideoclip,idAtor) Values(98,23);
INSERT INTO VideoclipAtor(idVideoclip,idAtor) Values(98,0);
INSERT INTO VideoclipAtor(idVideoclip,idAtor) Values(98,6);
INSERT INTO VideoclipAtor(idVideoclip,idAtor) Values(99,5);
INSERT INTO VideoclipAtor(idVideoclip,idAtor) Values(100,6);
INSERT INTO VideoclipAtor(idVideoclip,idAtor) Values(100,3);
INSERT INTO VideoclipAtor(idVideoclip,idAtor) Values(101,14);
INSERT INTO VideoclipAtor(idVideoclip,idAtor) Values(101,13);
INSERT INTO VideoclipAtor(idVideoclip,idAtor) Values(101,11);
INSERT INTO VideoclipAtor(idVideoclip,idAtor) Values(102,12);
INSERT INTO VideoclipAtor(idVideoclip,idAtor) Values(102,29);
INSERT INTO VideoclipAtor(idVideoclip,idAtor) Values(102,4);
INSERT INTO VideoclipAtor(idVideoclip,idAtor) Values(103,7);
INSERT INTO VideoclipAtor(idVideoclip,idAtor) Values(104,3);
INSERT INTO VideoclipAtor(idVideoclip,idAtor) Values(104,1);
INSERT INTO VideoclipAtor(idVideoclip,idAtor) Values(105,27);
INSERT INTO VideoclipAtor(idVideoclip,idAtor) Values(105,21);
INSERT INTO VideoclipAtor(idVideoclip,idAtor) Values(106,21);
INSERT INTO VideoclipAtor(idVideoclip,idAtor) Values(106,13);
INSERT INTO VideoclipAtor(idVideoclip,idAtor) Values(106,25);
INSERT INTO VideoclipAtor(idVideoclip,idAtor) Values(107,13);
INSERT INTO VideoclipAtor(idVideoclip,idAtor) Values(108,19);
INSERT INTO VideoclipAtor(idVideoclip,idAtor) Values(109,8);
INSERT INTO VideoclipAtor(idVideoclip,idAtor) Values(110,3);
INSERT INTO VideoclipAtor(idVideoclip,idAtor) Values(110,14);
INSERT INTO VideoclipAtor(idVideoclip,idAtor) Values(110,9);
INSERT INTO VideoclipAtor(idVideoclip,idAtor) Values(111,23);
INSERT INTO VideoclipAtor(idVideoclip,idAtor) Values(111,8);
INSERT INTO VideoclipAtor(idVideoclip,idAtor) Values(111,29);
INSERT INTO VideoclipAtor(idVideoclip,idAtor) Values(112,3);
INSERT INTO VideoclipAtor(idVideoclip,idAtor) Values(112,23);
INSERT INTO VideoclipAtor(idVideoclip,idAtor) Values(113,10);
INSERT INTO VideoclipAtor(idVideoclip,idAtor) Values(113,3);
INSERT INTO VideoclipAtor(idVideoclip,idAtor) Values(114,24);
INSERT INTO VideoclipAtor(idVideoclip,idAtor) Values(115,5);
INSERT INTO VideoclipAtor(idVideoclip,idAtor) Values(115,24);
INSERT INTO VideoclipAtor(idVideoclip,idAtor) Values(116,26);
INSERT INTO VideoclipAtor(idVideoclip,idAtor) Values(117,9);
INSERT INTO VideoclipAtor(idVideoclip,idAtor) Values(117,29);
INSERT INTO VideoclipAtor(idVideoclip,idAtor) Values(118,1);
INSERT INTO VideoclipAtor(idVideoclip,idAtor) Values(118,23);
INSERT INTO VideoclipAtor(idVideoclip,idAtor) Values(118,21);
INSERT INTO VideoclipAtor(idVideoclip,idAtor) Values(119,3);
INSERT INTO VideoclipAtor(idVideoclip,idAtor) Values(120,11);
INSERT INTO VideoclipAtor(idVideoclip,idAtor) Values(121,10);
INSERT INTO VideoclipAtor(idVideoclip,idAtor) Values(121,4);
INSERT INTO VideoclipAtor(idVideoclip,idAtor) Values(121,7);
INSERT INTO VideoclipAtor(idVideoclip,idAtor) Values(122,6);
INSERT INTO VideoclipAtor(idVideoclip,idAtor) Values(123,3);
INSERT INTO VideoclipAtor(idVideoclip,idAtor) Values(123,9);
INSERT INTO VideoclipAtor(idVideoclip,idAtor) Values(124,16);
INSERT INTO VideoclipAtor(idVideoclip,idAtor) Values(124,12);
INSERT INTO VideoclipAtor(idVideoclip,idAtor) Values(124,27);
INSERT INTO VideoclipAtor(idVideoclip,idAtor) Values(125,17);
INSERT INTO VideoclipAtor(idVideoclip,idAtor) Values(125,20);
INSERT INTO VideoclipAtor(idVideoclip,idAtor) Values(126,25);
INSERT INTO VideoclipAtor(idVideoclip,idAtor) Values(126,13);
INSERT INTO VideoclipAtor(idVideoclip,idAtor) Values(127,25);
INSERT INTO VideoclipAtor(idVideoclip,idAtor) Values(127,20);
INSERT INTO VideoclipAtor(idVideoclip,idAtor) Values(128,22);
INSERT INTO VideoclipAtor(idVideoclip,idAtor) Values(128,4);
INSERT INTO VideoclipAtor(idVideoclip,idAtor) Values(128,7);
INSERT INTO VideoclipAtor(idVideoclip,idAtor) Values(129,1);
INSERT INTO VideoclipAtor(idVideoclip,idAtor) Values(130,18);
INSERT INTO VideoclipAtor(idVideoclip,idAtor) Values(131,2);
INSERT INTO VideoclipAtor(idVideoclip,idAtor) Values(132,10);
INSERT INTO VideoclipAtor(idVideoclip,idAtor) Values(133,1);
INSERT INTO VideoclipAtor(idVideoclip,idAtor) Values(133,3);
INSERT INTO VideoclipAtor(idVideoclip,idAtor) Values(134,20);
INSERT INTO VideoclipAtor(idVideoclip,idAtor) Values(135,7);
INSERT INTO VideoclipAtor(idVideoclip,idAtor) Values(135,22);
INSERT INTO VideoclipAtor(idVideoclip,idAtor) Values(136,22);
INSERT INTO VideoclipAtor(idVideoclip,idAtor) Values(137,5);
INSERT INTO VideoclipAtor(idVideoclip,idAtor) Values(137,29);
INSERT INTO VideoclipAtor(idVideoclip,idAtor) Values(137,19);
INSERT INTO VideoclipAtor(idVideoclip,idAtor) Values(138,17);
INSERT INTO VideoclipAtor(idVideoclip,idAtor) Values(139,5);
INSERT INTO VideoclipAtor(idVideoclip,idAtor) Values(139,12);
INSERT INTO VideoclipAtor(idVideoclip,idAtor) Values(139,10);
INSERT INTO VideoclipAtor(idVideoclip,idAtor) Values(140,7);
INSERT INTO VideoclipAtor(idVideoclip,idAtor) Values(141,8);
INSERT INTO VideoclipAtor(idVideoclip,idAtor) Values(141,4);
INSERT INTO VideoclipAtor(idVideoclip,idAtor) Values(141,13);
INSERT INTO VideoclipAtor(idVideoclip,idAtor) Values(142,26);
INSERT INTO VideoclipAtor(idVideoclip,idAtor) Values(143,12);
INSERT INTO VideoclipAtor(idVideoclip,idAtor) Values(144,15);
INSERT INTO VideoclipAtor(idVideoclip,idAtor) Values(144,9);
INSERT INTO VideoclipAtor(idVideoclip,idAtor) Values(145,18);
INSERT INTO VideoclipAtor(idVideoclip,idAtor) Values(145,25);
INSERT INTO VideoclipAtor(idVideoclip,idAtor) Values(145,16);
INSERT INTO VideoclipAtor(idVideoclip,idAtor) Values(146,14);
INSERT INTO VideoclipAtor(idVideoclip,idAtor) Values(147,23);
INSERT INTO VideoclipAtor(idVideoclip,idAtor) Values(148,6);
INSERT INTO VideoclipAtor(idVideoclip,idAtor) Values(148,10);
INSERT INTO VideoclipAtor(idVideoclip,idAtor) Values(149,1);
INSERT INTO VideoclipAtor(idVideoclip,idAtor) Values(149,21);
INSERT INTO VideoclipAtor(idVideoclip,idAtor) Values(149,9);
INSERT INTO VideoclipAtor(idVideoclip,idAtor) Values(150,10);
INSERT INTO VideoclipAtor(idVideoclip,idAtor) Values(150,4);
INSERT INTO VideoclipAtor(idVideoclip,idAtor) Values(151,2);
INSERT INTO VideoclipAtor(idVideoclip,idAtor) Values(151,11);
INSERT INTO VideoclipAtor(idVideoclip,idAtor) Values(152,19);
INSERT INTO VideoclipAtor(idVideoclip,idAtor) Values(153,21);
INSERT INTO VideoclipAtor(idVideoclip,idAtor) Values(153,12);
INSERT INTO VideoclipAtor(idVideoclip,idAtor) Values(153,5);
INSERT INTO VideoclipAtor(idVideoclip,idAtor) Values(154,22);
INSERT INTO VideoclipAtor(idVideoclip,idAtor) Values(155,7);
INSERT INTO VideoclipAtor(idVideoclip,idAtor) Values(156,10);
INSERT INTO VideoclipAtor(idVideoclip,idAtor) Values(156,9);
INSERT INTO VideoclipAtor(idVideoclip,idAtor) Values(156,1);
INSERT INTO VideoclipAtor(idVideoclip,idAtor) Values(157,9);
INSERT INTO VideoclipAtor(idVideoclip,idAtor) Values(157,3);
INSERT INTO VideoclipAtor(idVideoclip,idAtor) Values(158,25);
INSERT INTO VideoclipAtor(idVideoclip,idAtor) Values(158,17);
INSERT INTO VideoclipAtor(idVideoclip,idAtor) Values(158,19);
INSERT INTO VideoclipAtor(idVideoclip,idAtor) Values(159,19);
INSERT INTO VideoclipAtor(idVideoclip,idAtor) Values(159,2);
INSERT INTO VideoclipAtor(idVideoclip,idAtor) Values(159,23);
INSERT INTO VideoclipAtor(idVideoclip,idAtor) Values(160,23);
INSERT INTO VideoclipAtor(idVideoclip,idAtor) Values(160,24);
INSERT INTO VideoclipAtor(idVideoclip,idAtor) Values(161,13);
INSERT INTO VideoclipAtor(idVideoclip,idAtor) Values(162,22);
INSERT INTO VideoclipAtor(idVideoclip,idAtor) Values(163,11);
INSERT INTO VideoclipAtor(idVideoclip,idAtor) Values(164,18);
INSERT INTO VideoclipAtor(idVideoclip,idAtor) Values(164,7);
INSERT INTO VideoclipAtor(idVideoclip,idAtor) Values(164,23);
INSERT INTO VideoclipAtor(idVideoclip,idAtor) Values(165,22);
INSERT INTO VideoclipAtor(idVideoclip,idAtor) Values(165,14);
INSERT INTO VideoclipAtor(idVideoclip,idAtor) Values(165,29);
INSERT INTO VideoclipAtor(idVideoclip,idAtor) Values(166,8);
INSERT INTO VideoclipAtor(idVideoclip,idAtor) Values(166,27);
INSERT INTO VideoclipAtor(idVideoclip,idAtor) Values(166,22);
INSERT INTO VideoclipAtor(idVideoclip,idAtor) Values(167,9);
INSERT INTO VideoclipAtor(idVideoclip,idAtor) Values(167,5);
INSERT INTO VideoclipAtor(idVideoclip,idAtor) Values(167,26);
INSERT INTO VideoclipAtor(idVideoclip,idAtor) Values(168,20);
INSERT INTO VideoclipAtor(idVideoclip,idAtor) Values(169,7);
INSERT INTO VideoclipAtor(idVideoclip,idAtor) Values(169,8);
INSERT INTO VideoclipAtor(idVideoclip,idAtor) Values(169,10);
INSERT INTO VideoclipAtor(idVideoclip,idAtor) Values(170,25);
INSERT INTO VideoclipAtor(idVideoclip,idAtor) Values(170,20);
INSERT INTO VideoclipAtor(idVideoclip,idAtor) Values(170,2);
INSERT INTO VideoclipAtor(idVideoclip,idAtor) Values(171,8);
INSERT INTO VideoclipAtor(idVideoclip,idAtor) Values(171,10);
INSERT INTO VideoclipAtor(idVideoclip,idAtor) Values(172,2);
INSERT INTO VideoclipAtor(idVideoclip,idAtor) Values(172,8);
INSERT INTO VideoclipAtor(idVideoclip,idAtor) Values(173,5);
INSERT INTO VideoclipAtor(idVideoclip,idAtor) Values(174,11);
INSERT INTO VideoclipAtor(idVideoclip,idAtor) Values(174,20);
INSERT INTO VideoclipAtor(idVideoclip,idAtor) Values(174,16);
INSERT INTO VideoclipAtor(idVideoclip,idAtor) Values(175,28);
INSERT INTO VideoclipAtor(idVideoclip,idAtor) Values(175,17);
INSERT INTO VideoclipAtor(idVideoclip,idAtor) Values(176,7);
INSERT INTO VideoclipAtor(idVideoclip,idAtor) Values(176,6);
INSERT INTO VideoclipAtor(idVideoclip,idAtor) Values(176,9);
INSERT INTO VideoclipAtor(idVideoclip,idAtor) Values(177,28);
INSERT INTO VideoclipAtor(idVideoclip,idAtor) Values(177,26);
INSERT INTO VideoclipAtor(idVideoclip,idAtor) Values(177,29);
INSERT INTO VideoclipAtor(idVideoclip,idAtor) Values(178,25);
INSERT INTO VideoclipAtor(idVideoclip,idAtor) Values(178,6);
INSERT INTO VideoclipAtor(idVideoclip,idAtor) Values(178,5);
INSERT INTO VideoclipAtor(idVideoclip,idAtor) Values(179,10);
INSERT INTO VideoclipAtor(idVideoclip,idAtor) Values(180,4);
INSERT INTO VideoclipAtor(idVideoclip,idAtor) Values(180,24);
INSERT INTO VideoclipAtor(idVideoclip,idAtor) Values(181,25);
INSERT INTO VideoclipAtor(idVideoclip,idAtor) Values(181,16);
INSERT INTO VideoclipAtor(idVideoclip,idAtor) Values(182,11);
INSERT INTO VideoclipAtor(idVideoclip,idAtor) Values(182,29);
INSERT INTO VideoclipAtor(idVideoclip,idAtor) Values(183,0);
INSERT INTO VideoclipAtor(idVideoclip,idAtor) Values(184,22);
INSERT INTO VideoclipAtor(idVideoclip,idAtor) Values(184,27);
INSERT INTO VideoclipAtor(idVideoclip,idAtor) Values(185,18);
INSERT INTO VideoclipAtor(idVideoclip,idAtor) Values(186,20);
INSERT INTO VideoclipAtor(idVideoclip,idAtor) Values(186,13);
INSERT INTO VideoclipAtor(idVideoclip,idAtor) Values(187,26);
INSERT INTO VideoclipAtor(idVideoclip,idAtor) Values(188,5);
INSERT INTO VideoclipAtor(idVideoclip,idAtor) Values(188,24);
INSERT INTO VideoclipAtor(idVideoclip,idAtor) Values(188,28);
INSERT INTO VideoclipAtor(idVideoclip,idAtor) Values(189,26);
INSERT INTO VideoclipAtor(idVideoclip,idAtor) Values(189,14);
INSERT INTO VideoclipAtor(idVideoclip,idAtor) Values(189,22);
INSERT INTO VideoclipAtor(idVideoclip,idAtor) Values(190,12);
INSERT INTO VideoclipAtor(idVideoclip,idAtor) Values(191,23);
INSERT INTO VideoclipAtor(idVideoclip,idAtor) Values(191,7);
INSERT INTO VideoclipAtor(idVideoclip,idAtor) Values(192,7);
INSERT INTO VideoclipAtor(idVideoclip,idAtor) Values(192,0);
INSERT INTO VideoclipAtor(idVideoclip,idAtor) Values(192,8);
INSERT INTO VideoclipAtor(idVideoclip,idAtor) Values(193,7);
INSERT INTO VideoclipAtor(idVideoclip,idAtor) Values(193,13);
INSERT INTO VideoclipAtor(idVideoclip,idAtor) Values(193,18);
INSERT INTO VideoclipAtor(idVideoclip,idAtor) Values(194,13);
INSERT INTO VideoclipAtor(idVideoclip,idAtor) Values(195,15);
INSERT INTO VideoclipAtor(idVideoclip,idAtor) Values(195,22);
INSERT INTO VideoclipAtor(idVideoclip,idAtor) Values(196,23);
INSERT INTO VideoclipAtor(idVideoclip,idAtor) Values(196,25);
INSERT INTO VideoclipAtor(idVideoclip,idAtor) Values(197,7);
INSERT INTO VideoclipAtor(idVideoclip,idAtor) Values(197,23);
INSERT INTO VideoclipAtor(idVideoclip,idAtor) Values(197,18);
INSERT INTO VideoclipAtor(idVideoclip,idAtor) Values(198,12);
INSERT INTO VideoclipAtor(idVideoclip,idAtor) Values(198,25);
INSERT INTO VideoclipAtor(idVideoclip,idAtor) Values(198,17);
INSERT INTO VideoclipAtor(idVideoclip,idAtor) Values(199,3);
INSERT INTO VideoclipAtor(idVideoclip,idAtor) Values(199,27);
INSERT INTO VideoclipAtor(idVideoclip,idAtor) Values(199,9);
INSERT INTO VideoclipAtor(idVideoclip,idAtor) Values(200,10);
INSERT INTO VideoclipAtor(idVideoclip,idAtor) Values(200,15);
INSERT INTO VideoclipAtor(idVideoclip,idAtor) Values(201,26);
INSERT INTO VideoclipAtor(idVideoclip,idAtor) Values(202,26);
INSERT INTO VideoclipAtor(idVideoclip,idAtor) Values(202,22);
INSERT INTO VideoclipAtor(idVideoclip,idAtor) Values(202,29);
INSERT INTO VideoclipAtor(idVideoclip,idAtor) Values(203,27);
INSERT INTO VideoclipAtor(idVideoclip,idAtor) Values(203,16);
INSERT INTO VideoclipAtor(idVideoclip,idAtor) Values(204,12);
INSERT INTO VideoclipAtor(idVideoclip,idAtor) Values(204,18);
INSERT INTO VideoclipAtor(idVideoclip,idAtor) Values(204,29);
INSERT INTO VideoclipAtor(idVideoclip,idAtor) Values(205,17);
INSERT INTO VideoclipAtor(idVideoclip,idAtor) Values(205,10);
INSERT INTO VideoclipAtor(idVideoclip,idAtor) Values(205,19);
INSERT INTO VideoclipAtor(idVideoclip,idAtor) Values(206,23);
INSERT INTO VideoclipAtor(idVideoclip,idAtor) Values(207,28);
INSERT INTO VideoclipAtor(idVideoclip,idAtor) Values(207,5);
INSERT INTO VideoclipAtor(idVideoclip,idAtor) Values(208,28);
INSERT INTO VideoclipAtor(idVideoclip,idAtor) Values(208,2);
INSERT INTO VideoclipAtor(idVideoclip,idAtor) Values(208,24);
INSERT INTO VideoclipAtor(idVideoclip,idAtor) Values(209,23);
INSERT INTO VideoclipAtor(idVideoclip,idAtor) Values(210,9);
INSERT INTO VideoclipAtor(idVideoclip,idAtor) Values(210,7);
INSERT INTO VideoclipAtor(idVideoclip,idAtor) Values(211,9);
INSERT INTO VideoclipAtor(idVideoclip,idAtor) Values(211,4);
INSERT INTO VideoclipAtor(idVideoclip,idAtor) Values(212,15);
INSERT INTO VideoclipAtor(idVideoclip,idAtor) Values(212,27);
INSERT INTO VideoclipAtor(idVideoclip,idAtor) Values(212,20);
INSERT INTO VideoclipAtor(idVideoclip,idAtor) Values(213,17);
INSERT INTO VideoclipAtor(idVideoclip,idAtor) Values(214,13);
INSERT INTO VideoclipAtor(idVideoclip,idAtor) Values(214,25);
INSERT INTO VideoclipAtor(idVideoclip,idAtor) Values(215,13);
INSERT INTO VideoclipAtor(idVideoclip,idAtor) Values(216,23);
INSERT INTO VideoclipAtor(idVideoclip,idAtor) Values(216,18);
INSERT INTO VideoclipAtor(idVideoclip,idAtor) Values(216,4);
INSERT INTO VideoclipAtor(idVideoclip,idAtor) Values(217,24);
INSERT INTO VideoclipAtor(idVideoclip,idAtor) Values(218,15);
INSERT INTO VideoclipAtor(idVideoclip,idAtor) Values(218,25);
INSERT INTO VideoclipAtor(idVideoclip,idAtor) Values(218,1);
INSERT INTO VideoclipAtor(idVideoclip,idAtor) Values(219,0);
INSERT INTO VideoclipAtor(idVideoclip,idAtor) Values(220,3);
INSERT INTO VideoclipAtor(idVideoclip,idAtor) Values(220,27);
INSERT INTO VideoclipAtor(idVideoclip,idAtor) Values(220,15);
INSERT INTO VideoclipAtor(idVideoclip,idAtor) Values(221,12);
INSERT INTO VideoclipAtor(idVideoclip,idAtor) Values(221,29);
INSERT INTO VideoclipAtor(idVideoclip,idAtor) Values(222,29);
INSERT INTO VideoclipAtor(idVideoclip,idAtor) Values(222,25);
INSERT INTO VideoclipAtor(idVideoclip,idAtor) Values(223,26);
INSERT INTO VideoclipAtor(idVideoclip,idAtor) Values(223,10);
INSERT INTO VideoclipAtor(idVideoclip,idAtor) Values(224,24);
INSERT INTO VideoclipAtor(idVideoclip,idAtor) Values(225,17);
INSERT INTO VideoclipAtor(idVideoclip,idAtor) Values(225,9);
INSERT INTO VideoclipAtor(idVideoclip,idAtor) Values(225,0);
INSERT INTO VideoclipAtor(idVideoclip,idAtor) Values(226,15);
INSERT INTO VideoclipAtor(idVideoclip,idAtor) Values(227,7);
INSERT INTO VideoclipAtor(idVideoclip,idAtor) Values(227,0);
INSERT INTO VideoclipAtor(idVideoclip,idAtor) Values(227,2);
INSERT INTO VideoclipAtor(idVideoclip,idAtor) Values(228,13);
INSERT INTO VideoclipAtor(idVideoclip,idAtor) Values(228,16);
INSERT INTO VideoclipAtor(idVideoclip,idAtor) Values(229,25);
INSERT INTO VideoclipAtor(idVideoclip,idAtor) Values(229,18);
INSERT INTO VideoclipAtor(idVideoclip,idAtor) Values(229,4);
INSERT INTO VideoclipAtor(idVideoclip,idAtor) Values(230,15);
INSERT INTO VideoclipAtor(idVideoclip,idAtor) Values(231,28);
INSERT INTO VideoclipAtor(idVideoclip,idAtor) Values(231,9);
INSERT INTO VideoclipAtor(idVideoclip,idAtor) Values(232,5);
INSERT INTO VideoclipAtor(idVideoclip,idAtor) Values(232,29);
INSERT INTO VideoclipAtor(idVideoclip,idAtor) Values(232,25);
INSERT INTO VideoclipAtor(idVideoclip,idAtor) Values(233,21);
INSERT INTO VideoclipAtor(idVideoclip,idAtor) Values(234,16);
INSERT INTO VideoclipAtor(idVideoclip,idAtor) Values(234,22);
INSERT INTO VideoclipAtor(idVideoclip,idAtor) Values(234,13);
INSERT INTO VideoclipAtor(idVideoclip,idAtor) Values(235,6);
INSERT INTO VideoclipAtor(idVideoclip,idAtor) Values(235,8);
INSERT INTO VideoclipAtor(idVideoclip,idAtor) Values(235,9);
INSERT INTO VideoclipAtor(idVideoclip,idAtor) Values(236,28);
INSERT INTO VideoclipAtor(idVideoclip,idAtor) Values(236,29);
INSERT INTO VideoclipAtor(idVideoclip,idAtor) Values(237,19);
INSERT INTO VideoclipAtor(idVideoclip,idAtor) Values(237,10);
INSERT INTO VideoclipAtor(idVideoclip,idAtor) Values(237,13);
INSERT INTO VideoclipAtor(idVideoclip,idAtor) Values(238,28);
INSERT INTO VideoclipAtor(idVideoclip,idAtor) Values(238,18);
INSERT INTO VideoclipAtor(idVideoclip,idAtor) Values(239,1);
INSERT INTO VideoclipAtor(idVideoclip,idAtor) Values(240,14);
INSERT INTO VideoclipAtor(idVideoclip,idAtor) Values(241,19);
INSERT INTO VideoclipAtor(idVideoclip,idAtor) Values(241,20);
INSERT INTO VideoclipAtor(idVideoclip,idAtor) Values(242,1);
INSERT INTO VideoclipAtor(idVideoclip,idAtor) Values(243,17);
INSERT INTO VideoclipAtor(idVideoclip,idAtor) Values(243,26);
INSERT INTO VideoclipAtor(idVideoclip,idAtor) Values(243,10);
INSERT INTO VideoclipAtor(idVideoclip,idAtor) Values(244,0);
INSERT INTO VideoclipAtor(idVideoclip,idAtor) Values(244,26);
INSERT INTO VideoclipAtor(idVideoclip,idAtor) Values(244,3);
INSERT INTO VideoclipAtor(idVideoclip,idAtor) Values(245,8);
INSERT INTO VideoclipAtor(idVideoclip,idAtor) Values(245,23);
INSERT INTO VideoclipAtor(idVideoclip,idAtor) Values(245,19);
INSERT INTO VideoclipAtor(idVideoclip,idAtor) Values(246,1);
INSERT INTO VideoclipAtor(idVideoclip,idAtor) Values(247,11);
INSERT INTO VideoclipAtor(idVideoclip,idAtor) Values(248,8);
INSERT INTO VideoclipAtor(idVideoclip,idAtor) Values(248,20);
INSERT INTO VideoclipAtor(idVideoclip,idAtor) Values(249,29);
INSERT INTO VideoclipAtor(idVideoclip,idAtor) Values(249,18);
INSERT INTO VideoclipAtor(idVideoclip,idAtor) Values(250,29);
INSERT INTO VideoclipAtor(idVideoclip,idAtor) Values(250,8);
INSERT INTO VideoclipAtor(idVideoclip,idAtor) Values(251,6);
INSERT INTO VideoclipAtor(idVideoclip,idAtor) Values(251,18);
INSERT INTO VideoclipAtor(idVideoclip,idAtor) Values(251,9);
INSERT INTO VideoclipAtor(idVideoclip,idAtor) Values(252,3);
INSERT INTO VideoclipAtor(idVideoclip,idAtor) Values(252,2);
INSERT INTO VideoclipAtor(idVideoclip,idAtor) Values(253,8);
INSERT INTO VideoclipAtor(idVideoclip,idAtor) Values(253,22);
INSERT INTO VideoclipAtor(idVideoclip,idAtor) Values(253,18);
INSERT INTO VideoclipAtor(idVideoclip,idAtor) Values(254,7);
INSERT INTO VideoclipAtor(idVideoclip,idAtor) Values(254,3);
INSERT INTO VideoclipAtor(idVideoclip,idAtor) Values(255,9);
INSERT INTO VideoclipAtor(idVideoclip,idAtor) Values(256,0);
INSERT INTO VideoclipAtor(idVideoclip,idAtor) Values(256,4);
INSERT INTO VideoclipAtor(idVideoclip,idAtor) Values(256,12);
INSERT INTO VideoclipAtor(idVideoclip,idAtor) Values(257,22);
INSERT INTO VideoclipAtor(idVideoclip,idAtor) Values(258,9);
INSERT INTO VideoclipAtor(idVideoclip,idAtor) Values(258,19);
INSERT INTO VideoclipAtor(idVideoclip,idAtor) Values(258,12);
INSERT INTO VideoclipAtor(idVideoclip,idAtor) Values(259,0);
INSERT INTO VideoclipAtor(idVideoclip,idAtor) Values(259,21);
INSERT INTO VideoclipAtor(idVideoclip,idAtor) Values(259,24);
INSERT INTO VideoclipAtor(idVideoclip,idAtor) Values(260,28);
INSERT INTO VideoclipAtor(idVideoclip,idAtor) Values(260,12);
INSERT INTO VideoclipAtor(idVideoclip,idAtor) Values(260,2);
INSERT INTO VideoclipAtor(idVideoclip,idAtor) Values(261,19);
INSERT INTO VideoclipAtor(idVideoclip,idAtor) Values(261,6);
INSERT INTO VideoclipAtor(idVideoclip,idAtor) Values(261,14);
INSERT INTO VideoclipAtor(idVideoclip,idAtor) Values(262,9);
INSERT INTO VideoclipAtor(idVideoclip,idAtor) Values(262,11);
INSERT INTO VideoclipAtor(idVideoclip,idAtor) Values(263,13);
INSERT INTO VideoclipAtor(idVideoclip,idAtor) Values(263,29);
INSERT INTO VideoclipAtor(idVideoclip,idAtor) Values(264,28);
INSERT INTO VideoclipAtor(idVideoclip,idAtor) Values(264,2);
INSERT INTO VideoclipAtor(idVideoclip,idAtor) Values(264,1);
INSERT INTO VideoclipAtor(idVideoclip,idAtor) Values(265,23);
INSERT INTO VideoclipAtor(idVideoclip,idAtor) Values(266,19);
INSERT INTO VideoclipAtor(idVideoclip,idAtor) Values(266,18);
INSERT INTO VideoclipAtor(idVideoclip,idAtor) Values(267,26);
INSERT INTO VideoclipAtor(idVideoclip,idAtor) Values(267,2);
INSERT INTO VideoclipAtor(idVideoclip,idAtor) Values(268,27);
INSERT INTO VideoclipAtor(idVideoclip,idAtor) Values(269,15);
INSERT INTO VideoclipAtor(idVideoclip,idAtor) Values(270,0);
INSERT INTO VideoclipAtor(idVideoclip,idAtor) Values(270,6);
INSERT INTO VideoclipAtor(idVideoclip,idAtor) Values(270,14);
INSERT INTO VideoclipAtor(idVideoclip,idAtor) Values(271,6);
INSERT INTO VideoclipAtor(idVideoclip,idAtor) Values(272,4);
INSERT INTO VideoclipAtor(idVideoclip,idAtor) Values(273,8);
INSERT INTO VideoclipAtor(idVideoclip,idAtor) Values(273,4);
INSERT INTO VideoclipAtor(idVideoclip,idAtor) Values(273,21);
INSERT INTO VideoclipAtor(idVideoclip,idAtor) Values(274,24);
INSERT INTO VideoclipAtor(idVideoclip,idAtor) Values(274,22);
INSERT INTO VideoclipAtor(idVideoclip,idAtor) Values(274,12);
INSERT INTO VideoclipAtor(idVideoclip,idAtor) Values(275,22);
INSERT INTO VideoclipAtor(idVideoclip,idAtor) Values(275,2);
INSERT INTO VideoclipAtor(idVideoclip,idAtor) Values(276,7);
INSERT INTO VideoclipAtor(idVideoclip,idAtor) Values(276,20);
INSERT INTO VideoclipAtor(idVideoclip,idAtor) Values(277,26);
INSERT INTO VideoclipAtor(idVideoclip,idAtor) Values(278,5);
INSERT INTO VideoclipAtor(idVideoclip,idAtor) Values(278,9);
INSERT INTO VideoclipAtor(idVideoclip,idAtor) Values(279,0);
INSERT INTO VideoclipAtor(idVideoclip,idAtor) Values(280,13);
INSERT INTO VideoclipAtor(idVideoclip,idAtor) Values(280,20);
INSERT INTO VideoclipAtor(idVideoclip,idAtor) Values(281,5);
INSERT INTO VideoclipAtor(idVideoclip,idAtor) Values(281,4);
INSERT INTO VideoclipAtor(idVideoclip,idAtor) Values(282,19);
INSERT INTO VideoclipAtor(idVideoclip,idAtor) Values(282,29);
INSERT INTO VideoclipAtor(idVideoclip,idAtor) Values(283,10);
INSERT INTO VideoclipAtor(idVideoclip,idAtor) Values(283,24);
INSERT INTO VideoclipAtor(idVideoclip,idAtor) Values(283,25);
INSERT INTO VideoclipAtor(idVideoclip,idAtor) Values(284,0);
INSERT INTO VideoclipAtor(idVideoclip,idAtor) Values(285,26);
INSERT INTO VideoclipAtor(idVideoclip,idAtor) Values(286,27);
INSERT INTO VideoclipAtor(idVideoclip,idAtor) Values(286,3);
INSERT INTO VideoclipAtor(idVideoclip,idAtor) Values(287,21);
INSERT INTO VideoclipAtor(idVideoclip,idAtor) Values(287,12);
INSERT INTO VideoclipAtor(idVideoclip,idAtor) Values(288,1);
INSERT INTO VideoclipAtor(idVideoclip,idAtor) Values(288,27);
INSERT INTO VideoclipAtor(idVideoclip,idAtor) Values(288,8);
INSERT INTO VideoclipAtor(idVideoclip,idAtor) Values(289,13);
INSERT INTO VideoclipAtor(idVideoclip,idAtor) Values(289,1);
INSERT INTO VideoclipAtor(idVideoclip,idAtor) Values(289,15);
INSERT INTO VideoclipAtor(idVideoclip,idAtor) Values(290,0);
INSERT INTO VideoclipAtor(idVideoclip,idAtor) Values(290,2);
-- Table: VideoclipProdutor
INSERT INTO VideoclipProdutor(idVideoclip,idProdutor) Values(0,17);
INSERT INTO VideoclipProdutor(idVideoclip,idProdutor) Values(0,20);
INSERT INTO VideoclipProdutor(idVideoclip,idProdutor) Values(0,9);
INSERT INTO VideoclipProdutor(idVideoclip,idProdutor) Values(1,0);
INSERT INTO VideoclipProdutor(idVideoclip,idProdutor) Values(1,22);
INSERT INTO VideoclipProdutor(idVideoclip,idProdutor) Values(2,20);
INSERT INTO VideoclipProdutor(idVideoclip,idProdutor) Values(2,11);
INSERT INTO VideoclipProdutor(idVideoclip,idProdutor) Values(3,12);
INSERT INTO VideoclipProdutor(idVideoclip,idProdutor) Values(3,21);
INSERT INTO VideoclipProdutor(idVideoclip,idProdutor) Values(4,8);
INSERT INTO VideoclipProdutor(idVideoclip,idProdutor) Values(4,11);
INSERT INTO VideoclipProdutor(idVideoclip,idProdutor) Values(5,26);
INSERT INTO VideoclipProdutor(idVideoclip,idProdutor) Values(5,29);
INSERT INTO VideoclipProdutor(idVideoclip,idProdutor) Values(5,4);
INSERT INTO VideoclipProdutor(idVideoclip,idProdutor) Values(6,16);
INSERT INTO VideoclipProdutor(idVideoclip,idProdutor) Values(6,18);
INSERT INTO VideoclipProdutor(idVideoclip,idProdutor) Values(7,4);
INSERT INTO VideoclipProdutor(idVideoclip,idProdutor) Values(7,19);
INSERT INTO VideoclipProdutor(idVideoclip,idProdutor) Values(7,10);
INSERT INTO VideoclipProdutor(idVideoclip,idProdutor) Values(8,11);
INSERT INTO VideoclipProdutor(idVideoclip,idProdutor) Values(8,16);
INSERT INTO VideoclipProdutor(idVideoclip,idProdutor) Values(8,19);
INSERT INTO VideoclipProdutor(idVideoclip,idProdutor) Values(9,9);
INSERT INTO VideoclipProdutor(idVideoclip,idProdutor) Values(9,8);
INSERT INTO VideoclipProdutor(idVideoclip,idProdutor) Values(10,29);
INSERT INTO VideoclipProdutor(idVideoclip,idProdutor) Values(11,14);
INSERT INTO VideoclipProdutor(idVideoclip,idProdutor) Values(11,23);
INSERT INTO VideoclipProdutor(idVideoclip,idProdutor) Values(11,1);
INSERT INTO VideoclipProdutor(idVideoclip,idProdutor) Values(12,24);
INSERT INTO VideoclipProdutor(idVideoclip,idProdutor) Values(12,12);
INSERT INTO VideoclipProdutor(idVideoclip,idProdutor) Values(12,2);
INSERT INTO VideoclipProdutor(idVideoclip,idProdutor) Values(13,22);
INSERT INTO VideoclipProdutor(idVideoclip,idProdutor) Values(13,18);
INSERT INTO VideoclipProdutor(idVideoclip,idProdutor) Values(14,21);
INSERT INTO VideoclipProdutor(idVideoclip,idProdutor) Values(15,20);
INSERT INTO VideoclipProdutor(idVideoclip,idProdutor) Values(15,23);
INSERT INTO VideoclipProdutor(idVideoclip,idProdutor) Values(15,2);
INSERT INTO VideoclipProdutor(idVideoclip,idProdutor) Values(16,23);
INSERT INTO VideoclipProdutor(idVideoclip,idProdutor) Values(16,20);
INSERT INTO VideoclipProdutor(idVideoclip,idProdutor) Values(16,11);
INSERT INTO VideoclipProdutor(idVideoclip,idProdutor) Values(17,16);
INSERT INTO VideoclipProdutor(idVideoclip,idProdutor) Values(17,6);
INSERT INTO VideoclipProdutor(idVideoclip,idProdutor) Values(17,26);
INSERT INTO VideoclipProdutor(idVideoclip,idProdutor) Values(18,17);
INSERT INTO VideoclipProdutor(idVideoclip,idProdutor) Values(18,23);
INSERT INTO VideoclipProdutor(idVideoclip,idProdutor) Values(19,14);
INSERT INTO VideoclipProdutor(idVideoclip,idProdutor) Values(19,13);
INSERT INTO VideoclipProdutor(idVideoclip,idProdutor) Values(20,16);
INSERT INTO VideoclipProdutor(idVideoclip,idProdutor) Values(21,18);
INSERT INTO VideoclipProdutor(idVideoclip,idProdutor) Values(22,19);
INSERT INTO VideoclipProdutor(idVideoclip,idProdutor) Values(22,1);
INSERT INTO VideoclipProdutor(idVideoclip,idProdutor) Values(22,2);
INSERT INTO VideoclipProdutor(idVideoclip,idProdutor) Values(23,19);
INSERT INTO VideoclipProdutor(idVideoclip,idProdutor) Values(23,7);
INSERT INTO VideoclipProdutor(idVideoclip,idProdutor) Values(24,4);
INSERT INTO VideoclipProdutor(idVideoclip,idProdutor) Values(25,25);
INSERT INTO VideoclipProdutor(idVideoclip,idProdutor) Values(26,26);
INSERT INTO VideoclipProdutor(idVideoclip,idProdutor) Values(26,24);
INSERT INTO VideoclipProdutor(idVideoclip,idProdutor) Values(27,4);
INSERT INTO VideoclipProdutor(idVideoclip,idProdutor) Values(28,21);
INSERT INTO VideoclipProdutor(idVideoclip,idProdutor) Values(29,13);
INSERT INTO VideoclipProdutor(idVideoclip,idProdutor) Values(29,29);
INSERT INTO VideoclipProdutor(idVideoclip,idProdutor) Values(30,20);
INSERT INTO VideoclipProdutor(idVideoclip,idProdutor) Values(30,15);
INSERT INTO VideoclipProdutor(idVideoclip,idProdutor) Values(31,11);
INSERT INTO VideoclipProdutor(idVideoclip,idProdutor) Values(31,9);
INSERT INTO VideoclipProdutor(idVideoclip,idProdutor) Values(32,14);
INSERT INTO VideoclipProdutor(idVideoclip,idProdutor) Values(32,7);
INSERT INTO VideoclipProdutor(idVideoclip,idProdutor) Values(33,12);
INSERT INTO VideoclipProdutor(idVideoclip,idProdutor) Values(33,16);
INSERT INTO VideoclipProdutor(idVideoclip,idProdutor) Values(34,9);
INSERT INTO VideoclipProdutor(idVideoclip,idProdutor) Values(34,23);
INSERT INTO VideoclipProdutor(idVideoclip,idProdutor) Values(35,10);
INSERT INTO VideoclipProdutor(idVideoclip,idProdutor) Values(36,19);
INSERT INTO VideoclipProdutor(idVideoclip,idProdutor) Values(36,21);
INSERT INTO VideoclipProdutor(idVideoclip,idProdutor) Values(37,23);
INSERT INTO VideoclipProdutor(idVideoclip,idProdutor) Values(38,28);
INSERT INTO VideoclipProdutor(idVideoclip,idProdutor) Values(38,5);
INSERT INTO VideoclipProdutor(idVideoclip,idProdutor) Values(38,16);
INSERT INTO VideoclipProdutor(idVideoclip,idProdutor) Values(39,3);
INSERT INTO VideoclipProdutor(idVideoclip,idProdutor) Values(40,4);
INSERT INTO VideoclipProdutor(idVideoclip,idProdutor) Values(40,29);
INSERT INTO VideoclipProdutor(idVideoclip,idProdutor) Values(41,3);
INSERT INTO VideoclipProdutor(idVideoclip,idProdutor) Values(41,5);
INSERT INTO VideoclipProdutor(idVideoclip,idProdutor) Values(41,2);
INSERT INTO VideoclipProdutor(idVideoclip,idProdutor) Values(42,18);
INSERT INTO VideoclipProdutor(idVideoclip,idProdutor) Values(43,18);
INSERT INTO VideoclipProdutor(idVideoclip,idProdutor) Values(44,29);
INSERT INTO VideoclipProdutor(idVideoclip,idProdutor) Values(45,17);
INSERT INTO VideoclipProdutor(idVideoclip,idProdutor) Values(45,11);
INSERT INTO VideoclipProdutor(idVideoclip,idProdutor) Values(46,29);
INSERT INTO VideoclipProdutor(idVideoclip,idProdutor) Values(46,5);
INSERT INTO VideoclipProdutor(idVideoclip,idProdutor) Values(46,22);
INSERT INTO VideoclipProdutor(idVideoclip,idProdutor) Values(47,0);
INSERT INTO VideoclipProdutor(idVideoclip,idProdutor) Values(47,11);
INSERT INTO VideoclipProdutor(idVideoclip,idProdutor) Values(47,3);
INSERT INTO VideoclipProdutor(idVideoclip,idProdutor) Values(48,25);
INSERT INTO VideoclipProdutor(idVideoclip,idProdutor) Values(48,14);
INSERT INTO VideoclipProdutor(idVideoclip,idProdutor) Values(48,21);
INSERT INTO VideoclipProdutor(idVideoclip,idProdutor) Values(49,27);
INSERT INTO VideoclipProdutor(idVideoclip,idProdutor) Values(49,1);
INSERT INTO VideoclipProdutor(idVideoclip,idProdutor) Values(50,6);
INSERT INTO VideoclipProdutor(idVideoclip,idProdutor) Values(50,7);
INSERT INTO VideoclipProdutor(idVideoclip,idProdutor) Values(50,23);
INSERT INTO VideoclipProdutor(idVideoclip,idProdutor) Values(51,16);
INSERT INTO VideoclipProdutor(idVideoclip,idProdutor) Values(51,22);
INSERT INTO VideoclipProdutor(idVideoclip,idProdutor) Values(51,13);
INSERT INTO VideoclipProdutor(idVideoclip,idProdutor) Values(52,22);
INSERT INTO VideoclipProdutor(idVideoclip,idProdutor) Values(52,12);
INSERT INTO VideoclipProdutor(idVideoclip,idProdutor) Values(52,29);
INSERT INTO VideoclipProdutor(idVideoclip,idProdutor) Values(53,29);
INSERT INTO VideoclipProdutor(idVideoclip,idProdutor) Values(54,0);
INSERT INTO VideoclipProdutor(idVideoclip,idProdutor) Values(54,12);
INSERT INTO VideoclipProdutor(idVideoclip,idProdutor) Values(55,16);
INSERT INTO VideoclipProdutor(idVideoclip,idProdutor) Values(55,4);
INSERT INTO VideoclipProdutor(idVideoclip,idProdutor) Values(55,25);
INSERT INTO VideoclipProdutor(idVideoclip,idProdutor) Values(56,14);
INSERT INTO VideoclipProdutor(idVideoclip,idProdutor) Values(57,24);
INSERT INTO VideoclipProdutor(idVideoclip,idProdutor) Values(57,13);
INSERT INTO VideoclipProdutor(idVideoclip,idProdutor) Values(58,17);
INSERT INTO VideoclipProdutor(idVideoclip,idProdutor) Values(59,17);
INSERT INTO VideoclipProdutor(idVideoclip,idProdutor) Values(59,5);
INSERT INTO VideoclipProdutor(idVideoclip,idProdutor) Values(60,27);
INSERT INTO VideoclipProdutor(idVideoclip,idProdutor) Values(61,17);
INSERT INTO VideoclipProdutor(idVideoclip,idProdutor) Values(61,3);
INSERT INTO VideoclipProdutor(idVideoclip,idProdutor) Values(62,2);
INSERT INTO VideoclipProdutor(idVideoclip,idProdutor) Values(62,19);
INSERT INTO VideoclipProdutor(idVideoclip,idProdutor) Values(63,12);
INSERT INTO VideoclipProdutor(idVideoclip,idProdutor) Values(63,20);
INSERT INTO VideoclipProdutor(idVideoclip,idProdutor) Values(63,28);
INSERT INTO VideoclipProdutor(idVideoclip,idProdutor) Values(64,18);
INSERT INTO VideoclipProdutor(idVideoclip,idProdutor) Values(64,6);
INSERT INTO VideoclipProdutor(idVideoclip,idProdutor) Values(65,21);
INSERT INTO VideoclipProdutor(idVideoclip,idProdutor) Values(65,4);
INSERT INTO VideoclipProdutor(idVideoclip,idProdutor) Values(66,29);
INSERT INTO VideoclipProdutor(idVideoclip,idProdutor) Values(66,3);
INSERT INTO VideoclipProdutor(idVideoclip,idProdutor) Values(66,24);
INSERT INTO VideoclipProdutor(idVideoclip,idProdutor) Values(67,21);
INSERT INTO VideoclipProdutor(idVideoclip,idProdutor) Values(68,1);
INSERT INTO VideoclipProdutor(idVideoclip,idProdutor) Values(69,19);
INSERT INTO VideoclipProdutor(idVideoclip,idProdutor) Values(69,17);
INSERT INTO VideoclipProdutor(idVideoclip,idProdutor) Values(69,20);
INSERT INTO VideoclipProdutor(idVideoclip,idProdutor) Values(70,26);
INSERT INTO VideoclipProdutor(idVideoclip,idProdutor) Values(71,0);
INSERT INTO VideoclipProdutor(idVideoclip,idProdutor) Values(71,28);
INSERT INTO VideoclipProdutor(idVideoclip,idProdutor) Values(71,22);
INSERT INTO VideoclipProdutor(idVideoclip,idProdutor) Values(72,22);
INSERT INTO VideoclipProdutor(idVideoclip,idProdutor) Values(72,19);
INSERT INTO VideoclipProdutor(idVideoclip,idProdutor) Values(72,13);
INSERT INTO VideoclipProdutor(idVideoclip,idProdutor) Values(73,23);
INSERT INTO VideoclipProdutor(idVideoclip,idProdutor) Values(73,5);
INSERT INTO VideoclipProdutor(idVideoclip,idProdutor) Values(73,4);
INSERT INTO VideoclipProdutor(idVideoclip,idProdutor) Values(74,19);
INSERT INTO VideoclipProdutor(idVideoclip,idProdutor) Values(75,7);
INSERT INTO VideoclipProdutor(idVideoclip,idProdutor) Values(75,26);
INSERT INTO VideoclipProdutor(idVideoclip,idProdutor) Values(75,14);
INSERT INTO VideoclipProdutor(idVideoclip,idProdutor) Values(76,12);
INSERT INTO VideoclipProdutor(idVideoclip,idProdutor) Values(76,13);
INSERT INTO VideoclipProdutor(idVideoclip,idProdutor) Values(77,13);
INSERT INTO VideoclipProdutor(idVideoclip,idProdutor) Values(77,26);
INSERT INTO VideoclipProdutor(idVideoclip,idProdutor) Values(78,7);
INSERT INTO VideoclipProdutor(idVideoclip,idProdutor) Values(78,20);
INSERT INTO VideoclipProdutor(idVideoclip,idProdutor) Values(79,16);
INSERT INTO VideoclipProdutor(idVideoclip,idProdutor) Values(79,23);
INSERT INTO VideoclipProdutor(idVideoclip,idProdutor) Values(79,29);
INSERT INTO VideoclipProdutor(idVideoclip,idProdutor) Values(80,25);
INSERT INTO VideoclipProdutor(idVideoclip,idProdutor) Values(80,4);
INSERT INTO VideoclipProdutor(idVideoclip,idProdutor) Values(80,8);
INSERT INTO VideoclipProdutor(idVideoclip,idProdutor) Values(81,13);
INSERT INTO VideoclipProdutor(idVideoclip,idProdutor) Values(81,22);
INSERT INTO VideoclipProdutor(idVideoclip,idProdutor) Values(82,21);
INSERT INTO VideoclipProdutor(idVideoclip,idProdutor) Values(83,4);
INSERT INTO VideoclipProdutor(idVideoclip,idProdutor) Values(83,28);
INSERT INTO VideoclipProdutor(idVideoclip,idProdutor) Values(83,18);
INSERT INTO VideoclipProdutor(idVideoclip,idProdutor) Values(84,17);
INSERT INTO VideoclipProdutor(idVideoclip,idProdutor) Values(84,8);
INSERT INTO VideoclipProdutor(idVideoclip,idProdutor) Values(84,15);
INSERT INTO VideoclipProdutor(idVideoclip,idProdutor) Values(85,23);
INSERT INTO VideoclipProdutor(idVideoclip,idProdutor) Values(85,6);
INSERT INTO VideoclipProdutor(idVideoclip,idProdutor) Values(86,20);
INSERT INTO VideoclipProdutor(idVideoclip,idProdutor) Values(86,21);
INSERT INTO VideoclipProdutor(idVideoclip,idProdutor) Values(86,0);
INSERT INTO VideoclipProdutor(idVideoclip,idProdutor) Values(87,2);
INSERT INTO VideoclipProdutor(idVideoclip,idProdutor) Values(87,8);
INSERT INTO VideoclipProdutor(idVideoclip,idProdutor) Values(87,16);
INSERT INTO VideoclipProdutor(idVideoclip,idProdutor) Values(88,27);
INSERT INTO VideoclipProdutor(idVideoclip,idProdutor) Values(89,7);
INSERT INTO VideoclipProdutor(idVideoclip,idProdutor) Values(89,25);
INSERT INTO VideoclipProdutor(idVideoclip,idProdutor) Values(89,28);
INSERT INTO VideoclipProdutor(idVideoclip,idProdutor) Values(90,11);
INSERT INTO VideoclipProdutor(idVideoclip,idProdutor) Values(91,28);
INSERT INTO VideoclipProdutor(idVideoclip,idProdutor) Values(92,6);
INSERT INTO VideoclipProdutor(idVideoclip,idProdutor) Values(93,11);
INSERT INTO VideoclipProdutor(idVideoclip,idProdutor) Values(94,8);
INSERT INTO VideoclipProdutor(idVideoclip,idProdutor) Values(94,9);
INSERT INTO VideoclipProdutor(idVideoclip,idProdutor) Values(94,27);
INSERT INTO VideoclipProdutor(idVideoclip,idProdutor) Values(95,6);
INSERT INTO VideoclipProdutor(idVideoclip,idProdutor) Values(95,11);
INSERT INTO VideoclipProdutor(idVideoclip,idProdutor) Values(96,14);
INSERT INTO VideoclipProdutor(idVideoclip,idProdutor) Values(97,6);
INSERT INTO VideoclipProdutor(idVideoclip,idProdutor) Values(98,13);
INSERT INTO VideoclipProdutor(idVideoclip,idProdutor) Values(98,22);
INSERT INTO VideoclipProdutor(idVideoclip,idProdutor) Values(99,7);
INSERT INTO VideoclipProdutor(idVideoclip,idProdutor) Values(99,25);
INSERT INTO VideoclipProdutor(idVideoclip,idProdutor) Values(100,10);
INSERT INTO VideoclipProdutor(idVideoclip,idProdutor) Values(100,22);
INSERT INTO VideoclipProdutor(idVideoclip,idProdutor) Values(101,6);
INSERT INTO VideoclipProdutor(idVideoclip,idProdutor) Values(101,26);
INSERT INTO VideoclipProdutor(idVideoclip,idProdutor) Values(101,1);
INSERT INTO VideoclipProdutor(idVideoclip,idProdutor) Values(102,11);
INSERT INTO VideoclipProdutor(idVideoclip,idProdutor) Values(102,7);
INSERT INTO VideoclipProdutor(idVideoclip,idProdutor) Values(103,20);
INSERT INTO VideoclipProdutor(idVideoclip,idProdutor) Values(104,1);
INSERT INTO VideoclipProdutor(idVideoclip,idProdutor) Values(104,16);
INSERT INTO VideoclipProdutor(idVideoclip,idProdutor) Values(104,5);
INSERT INTO VideoclipProdutor(idVideoclip,idProdutor) Values(105,27);
INSERT INTO VideoclipProdutor(idVideoclip,idProdutor) Values(105,10);
INSERT INTO VideoclipProdutor(idVideoclip,idProdutor) Values(106,29);
INSERT INTO VideoclipProdutor(idVideoclip,idProdutor) Values(107,3);
INSERT INTO VideoclipProdutor(idVideoclip,idProdutor) Values(107,21);
INSERT INTO VideoclipProdutor(idVideoclip,idProdutor) Values(108,8);
INSERT INTO VideoclipProdutor(idVideoclip,idProdutor) Values(108,15);
INSERT INTO VideoclipProdutor(idVideoclip,idProdutor) Values(109,8);
INSERT INTO VideoclipProdutor(idVideoclip,idProdutor) Values(110,11);
INSERT INTO VideoclipProdutor(idVideoclip,idProdutor) Values(110,20);
INSERT INTO VideoclipProdutor(idVideoclip,idProdutor) Values(110,13);
INSERT INTO VideoclipProdutor(idVideoclip,idProdutor) Values(111,29);
INSERT INTO VideoclipProdutor(idVideoclip,idProdutor) Values(111,16);
INSERT INTO VideoclipProdutor(idVideoclip,idProdutor) Values(111,14);
INSERT INTO VideoclipProdutor(idVideoclip,idProdutor) Values(112,2);
INSERT INTO VideoclipProdutor(idVideoclip,idProdutor) Values(113,10);
INSERT INTO VideoclipProdutor(idVideoclip,idProdutor) Values(113,15);
INSERT INTO VideoclipProdutor(idVideoclip,idProdutor) Values(113,20);
INSERT INTO VideoclipProdutor(idVideoclip,idProdutor) Values(114,27);
INSERT INTO VideoclipProdutor(idVideoclip,idProdutor) Values(115,18);
INSERT INTO VideoclipProdutor(idVideoclip,idProdutor) Values(115,13);
INSERT INTO VideoclipProdutor(idVideoclip,idProdutor) Values(115,29);
INSERT INTO VideoclipProdutor(idVideoclip,idProdutor) Values(116,6);
INSERT INTO VideoclipProdutor(idVideoclip,idProdutor) Values(117,26);
INSERT INTO VideoclipProdutor(idVideoclip,idProdutor) Values(118,15);
INSERT INTO VideoclipProdutor(idVideoclip,idProdutor) Values(118,6);
INSERT INTO VideoclipProdutor(idVideoclip,idProdutor) Values(119,12);
INSERT INTO VideoclipProdutor(idVideoclip,idProdutor) Values(119,26);
INSERT INTO VideoclipProdutor(idVideoclip,idProdutor) Values(119,13);
INSERT INTO VideoclipProdutor(idVideoclip,idProdutor) Values(120,10);
INSERT INTO VideoclipProdutor(idVideoclip,idProdutor) Values(120,2);
INSERT INTO VideoclipProdutor(idVideoclip,idProdutor) Values(120,25);
INSERT INTO VideoclipProdutor(idVideoclip,idProdutor) Values(121,0);
INSERT INTO VideoclipProdutor(idVideoclip,idProdutor) Values(121,8);
INSERT INTO VideoclipProdutor(idVideoclip,idProdutor) Values(121,5);
INSERT INTO VideoclipProdutor(idVideoclip,idProdutor) Values(122,25);
INSERT INTO VideoclipProdutor(idVideoclip,idProdutor) Values(122,2);
INSERT INTO VideoclipProdutor(idVideoclip,idProdutor) Values(122,12);
INSERT INTO VideoclipProdutor(idVideoclip,idProdutor) Values(123,21);
INSERT INTO VideoclipProdutor(idVideoclip,idProdutor) Values(124,15);
INSERT INTO VideoclipProdutor(idVideoclip,idProdutor) Values(124,1);
INSERT INTO VideoclipProdutor(idVideoclip,idProdutor) Values(124,10);
INSERT INTO VideoclipProdutor(idVideoclip,idProdutor) Values(125,20);
INSERT INTO VideoclipProdutor(idVideoclip,idProdutor) Values(126,21);
INSERT INTO VideoclipProdutor(idVideoclip,idProdutor) Values(126,1);
INSERT INTO VideoclipProdutor(idVideoclip,idProdutor) Values(127,8);
INSERT INTO VideoclipProdutor(idVideoclip,idProdutor) Values(127,17);
INSERT INTO VideoclipProdutor(idVideoclip,idProdutor) Values(127,13);
INSERT INTO VideoclipProdutor(idVideoclip,idProdutor) Values(128,7);
INSERT INTO VideoclipProdutor(idVideoclip,idProdutor) Values(128,10);
INSERT INTO VideoclipProdutor(idVideoclip,idProdutor) Values(128,3);
INSERT INTO VideoclipProdutor(idVideoclip,idProdutor) Values(129,1);
INSERT INTO VideoclipProdutor(idVideoclip,idProdutor) Values(130,1);
INSERT INTO VideoclipProdutor(idVideoclip,idProdutor) Values(130,0);
INSERT INTO VideoclipProdutor(idVideoclip,idProdutor) Values(130,9);
INSERT INTO VideoclipProdutor(idVideoclip,idProdutor) Values(131,26);
INSERT INTO VideoclipProdutor(idVideoclip,idProdutor) Values(131,5);
INSERT INTO VideoclipProdutor(idVideoclip,idProdutor) Values(132,11);
INSERT INTO VideoclipProdutor(idVideoclip,idProdutor) Values(132,2);
INSERT INTO VideoclipProdutor(idVideoclip,idProdutor) Values(132,17);
INSERT INTO VideoclipProdutor(idVideoclip,idProdutor) Values(133,11);
INSERT INTO VideoclipProdutor(idVideoclip,idProdutor) Values(133,23);
INSERT INTO VideoclipProdutor(idVideoclip,idProdutor) Values(133,2);
INSERT INTO VideoclipProdutor(idVideoclip,idProdutor) Values(134,23);
INSERT INTO VideoclipProdutor(idVideoclip,idProdutor) Values(134,26);
INSERT INTO VideoclipProdutor(idVideoclip,idProdutor) Values(135,18);
INSERT INTO VideoclipProdutor(idVideoclip,idProdutor) Values(135,5);
INSERT INTO VideoclipProdutor(idVideoclip,idProdutor) Values(135,27);
INSERT INTO VideoclipProdutor(idVideoclip,idProdutor) Values(136,26);
INSERT INTO VideoclipProdutor(idVideoclip,idProdutor) Values(136,16);
INSERT INTO VideoclipProdutor(idVideoclip,idProdutor) Values(136,10);
INSERT INTO VideoclipProdutor(idVideoclip,idProdutor) Values(137,13);
INSERT INTO VideoclipProdutor(idVideoclip,idProdutor) Values(138,25);
INSERT INTO VideoclipProdutor(idVideoclip,idProdutor) Values(138,1);
INSERT INTO VideoclipProdutor(idVideoclip,idProdutor) Values(139,2);
INSERT INTO VideoclipProdutor(idVideoclip,idProdutor) Values(140,12);
INSERT INTO VideoclipProdutor(idVideoclip,idProdutor) Values(140,18);
INSERT INTO VideoclipProdutor(idVideoclip,idProdutor) Values(140,16);
INSERT INTO VideoclipProdutor(idVideoclip,idProdutor) Values(141,10);
INSERT INTO VideoclipProdutor(idVideoclip,idProdutor) Values(142,18);
INSERT INTO VideoclipProdutor(idVideoclip,idProdutor) Values(142,3);
INSERT INTO VideoclipProdutor(idVideoclip,idProdutor) Values(143,24);
INSERT INTO VideoclipProdutor(idVideoclip,idProdutor) Values(143,29);
INSERT INTO VideoclipProdutor(idVideoclip,idProdutor) Values(143,27);
INSERT INTO VideoclipProdutor(idVideoclip,idProdutor) Values(144,1);
INSERT INTO VideoclipProdutor(idVideoclip,idProdutor) Values(144,27);
INSERT INTO VideoclipProdutor(idVideoclip,idProdutor) Values(145,21);
INSERT INTO VideoclipProdutor(idVideoclip,idProdutor) Values(146,28);
INSERT INTO VideoclipProdutor(idVideoclip,idProdutor) Values(146,21);
INSERT INTO VideoclipProdutor(idVideoclip,idProdutor) Values(146,26);
INSERT INTO VideoclipProdutor(idVideoclip,idProdutor) Values(147,28);
INSERT INTO VideoclipProdutor(idVideoclip,idProdutor) Values(147,16);
INSERT INTO VideoclipProdutor(idVideoclip,idProdutor) Values(148,7);
INSERT INTO VideoclipProdutor(idVideoclip,idProdutor) Values(148,16);
INSERT INTO VideoclipProdutor(idVideoclip,idProdutor) Values(149,19);
INSERT INTO VideoclipProdutor(idVideoclip,idProdutor) Values(149,7);
INSERT INTO VideoclipProdutor(idVideoclip,idProdutor) Values(150,18);
INSERT INTO VideoclipProdutor(idVideoclip,idProdutor) Values(150,20);
INSERT INTO VideoclipProdutor(idVideoclip,idProdutor) Values(150,24);
INSERT INTO VideoclipProdutor(idVideoclip,idProdutor) Values(151,20);
INSERT INTO VideoclipProdutor(idVideoclip,idProdutor) Values(151,29);
INSERT INTO VideoclipProdutor(idVideoclip,idProdutor) Values(151,4);
INSERT INTO VideoclipProdutor(idVideoclip,idProdutor) Values(152,11);
INSERT INTO VideoclipProdutor(idVideoclip,idProdutor) Values(152,10);
INSERT INTO VideoclipProdutor(idVideoclip,idProdutor) Values(153,28);
INSERT INTO VideoclipProdutor(idVideoclip,idProdutor) Values(153,22);
INSERT INTO VideoclipProdutor(idVideoclip,idProdutor) Values(154,14);
INSERT INTO VideoclipProdutor(idVideoclip,idProdutor) Values(154,27);
INSERT INTO VideoclipProdutor(idVideoclip,idProdutor) Values(155,26);
INSERT INTO VideoclipProdutor(idVideoclip,idProdutor) Values(155,20);
INSERT INTO VideoclipProdutor(idVideoclip,idProdutor) Values(155,11);
INSERT INTO VideoclipProdutor(idVideoclip,idProdutor) Values(156,17);
INSERT INTO VideoclipProdutor(idVideoclip,idProdutor) Values(156,21);
INSERT INTO VideoclipProdutor(idVideoclip,idProdutor) Values(156,12);
INSERT INTO VideoclipProdutor(idVideoclip,idProdutor) Values(157,13);
INSERT INTO VideoclipProdutor(idVideoclip,idProdutor) Values(157,5);
INSERT INTO VideoclipProdutor(idVideoclip,idProdutor) Values(157,3);
INSERT INTO VideoclipProdutor(idVideoclip,idProdutor) Values(158,29);
INSERT INTO VideoclipProdutor(idVideoclip,idProdutor) Values(158,28);
INSERT INTO VideoclipProdutor(idVideoclip,idProdutor) Values(159,26);
INSERT INTO VideoclipProdutor(idVideoclip,idProdutor) Values(159,22);
INSERT INTO VideoclipProdutor(idVideoclip,idProdutor) Values(160,6);
INSERT INTO VideoclipProdutor(idVideoclip,idProdutor) Values(160,11);
INSERT INTO VideoclipProdutor(idVideoclip,idProdutor) Values(161,27);
INSERT INTO VideoclipProdutor(idVideoclip,idProdutor) Values(161,23);
INSERT INTO VideoclipProdutor(idVideoclip,idProdutor) Values(161,1);
INSERT INTO VideoclipProdutor(idVideoclip,idProdutor) Values(162,19);
INSERT INTO VideoclipProdutor(idVideoclip,idProdutor) Values(162,18);
INSERT INTO VideoclipProdutor(idVideoclip,idProdutor) Values(163,8);
INSERT INTO VideoclipProdutor(idVideoclip,idProdutor) Values(164,21);
INSERT INTO VideoclipProdutor(idVideoclip,idProdutor) Values(164,27);
INSERT INTO VideoclipProdutor(idVideoclip,idProdutor) Values(164,20);
INSERT INTO VideoclipProdutor(idVideoclip,idProdutor) Values(165,29);
INSERT INTO VideoclipProdutor(idVideoclip,idProdutor) Values(165,26);
INSERT INTO VideoclipProdutor(idVideoclip,idProdutor) Values(166,5);
INSERT INTO VideoclipProdutor(idVideoclip,idProdutor) Values(166,22);
INSERT INTO VideoclipProdutor(idVideoclip,idProdutor) Values(167,28);
INSERT INTO VideoclipProdutor(idVideoclip,idProdutor) Values(167,6);
INSERT INTO VideoclipProdutor(idVideoclip,idProdutor) Values(167,5);
INSERT INTO VideoclipProdutor(idVideoclip,idProdutor) Values(168,5);
INSERT INTO VideoclipProdutor(idVideoclip,idProdutor) Values(169,17);
INSERT INTO VideoclipProdutor(idVideoclip,idProdutor) Values(169,12);
INSERT INTO VideoclipProdutor(idVideoclip,idProdutor) Values(169,19);
INSERT INTO VideoclipProdutor(idVideoclip,idProdutor) Values(170,27);
INSERT INTO VideoclipProdutor(idVideoclip,idProdutor) Values(170,12);
INSERT INTO VideoclipProdutor(idVideoclip,idProdutor) Values(171,19);
INSERT INTO VideoclipProdutor(idVideoclip,idProdutor) Values(172,0);
INSERT INTO VideoclipProdutor(idVideoclip,idProdutor) Values(172,25);
INSERT INTO VideoclipProdutor(idVideoclip,idProdutor) Values(172,29);
INSERT INTO VideoclipProdutor(idVideoclip,idProdutor) Values(173,28);
INSERT INTO VideoclipProdutor(idVideoclip,idProdutor) Values(173,2);
INSERT INTO VideoclipProdutor(idVideoclip,idProdutor) Values(174,22);
INSERT INTO VideoclipProdutor(idVideoclip,idProdutor) Values(174,0);
INSERT INTO VideoclipProdutor(idVideoclip,idProdutor) Values(174,1);
INSERT INTO VideoclipProdutor(idVideoclip,idProdutor) Values(175,7);
INSERT INTO VideoclipProdutor(idVideoclip,idProdutor) Values(176,24);
INSERT INTO VideoclipProdutor(idVideoclip,idProdutor) Values(177,25);
INSERT INTO VideoclipProdutor(idVideoclip,idProdutor) Values(178,0);
INSERT INTO VideoclipProdutor(idVideoclip,idProdutor) Values(178,24);
INSERT INTO VideoclipProdutor(idVideoclip,idProdutor) Values(178,5);
INSERT INTO VideoclipProdutor(idVideoclip,idProdutor) Values(179,21);
INSERT INTO VideoclipProdutor(idVideoclip,idProdutor) Values(179,6);
INSERT INTO VideoclipProdutor(idVideoclip,idProdutor) Values(180,29);
INSERT INTO VideoclipProdutor(idVideoclip,idProdutor) Values(181,5);
INSERT INTO VideoclipProdutor(idVideoclip,idProdutor) Values(182,6);
INSERT INTO VideoclipProdutor(idVideoclip,idProdutor) Values(183,16);
INSERT INTO VideoclipProdutor(idVideoclip,idProdutor) Values(183,11);
INSERT INTO VideoclipProdutor(idVideoclip,idProdutor) Values(184,15);
INSERT INTO VideoclipProdutor(idVideoclip,idProdutor) Values(184,13);
INSERT INTO VideoclipProdutor(idVideoclip,idProdutor) Values(184,19);
INSERT INTO VideoclipProdutor(idVideoclip,idProdutor) Values(185,21);
INSERT INTO VideoclipProdutor(idVideoclip,idProdutor) Values(185,5);
INSERT INTO VideoclipProdutor(idVideoclip,idProdutor) Values(185,1);
INSERT INTO VideoclipProdutor(idVideoclip,idProdutor) Values(186,5);
INSERT INTO VideoclipProdutor(idVideoclip,idProdutor) Values(186,22);
INSERT INTO VideoclipProdutor(idVideoclip,idProdutor) Values(187,0);
INSERT INTO VideoclipProdutor(idVideoclip,idProdutor) Values(187,22);
INSERT INTO VideoclipProdutor(idVideoclip,idProdutor) Values(188,10);
INSERT INTO VideoclipProdutor(idVideoclip,idProdutor) Values(188,14);
INSERT INTO VideoclipProdutor(idVideoclip,idProdutor) Values(188,17);
INSERT INTO VideoclipProdutor(idVideoclip,idProdutor) Values(189,22);
INSERT INTO VideoclipProdutor(idVideoclip,idProdutor) Values(189,29);
INSERT INTO VideoclipProdutor(idVideoclip,idProdutor) Values(189,17);
INSERT INTO VideoclipProdutor(idVideoclip,idProdutor) Values(190,17);
INSERT INTO VideoclipProdutor(idVideoclip,idProdutor) Values(190,3);
INSERT INTO VideoclipProdutor(idVideoclip,idProdutor) Values(191,3);
INSERT INTO VideoclipProdutor(idVideoclip,idProdutor) Values(192,1);
INSERT INTO VideoclipProdutor(idVideoclip,idProdutor) Values(192,0);
INSERT INTO VideoclipProdutor(idVideoclip,idProdutor) Values(193,27);
INSERT INTO VideoclipProdutor(idVideoclip,idProdutor) Values(193,0);
INSERT INTO VideoclipProdutor(idVideoclip,idProdutor) Values(193,28);
INSERT INTO VideoclipProdutor(idVideoclip,idProdutor) Values(194,29);
INSERT INTO VideoclipProdutor(idVideoclip,idProdutor) Values(195,2);
INSERT INTO VideoclipProdutor(idVideoclip,idProdutor) Values(195,29);
INSERT INTO VideoclipProdutor(idVideoclip,idProdutor) Values(196,5);
INSERT INTO VideoclipProdutor(idVideoclip,idProdutor) Values(196,17);
INSERT INTO VideoclipProdutor(idVideoclip,idProdutor) Values(197,8);
INSERT INTO VideoclipProdutor(idVideoclip,idProdutor) Values(197,20);
INSERT INTO VideoclipProdutor(idVideoclip,idProdutor) Values(197,9);
INSERT INTO VideoclipProdutor(idVideoclip,idProdutor) Values(198,17);
INSERT INTO VideoclipProdutor(idVideoclip,idProdutor) Values(199,23);
INSERT INTO VideoclipProdutor(idVideoclip,idProdutor) Values(199,11);
INSERT INTO VideoclipProdutor(idVideoclip,idProdutor) Values(200,29);
INSERT INTO VideoclipProdutor(idVideoclip,idProdutor) Values(201,4);
INSERT INTO VideoclipProdutor(idVideoclip,idProdutor) Values(201,13);
INSERT INTO VideoclipProdutor(idVideoclip,idProdutor) Values(201,3);
INSERT INTO VideoclipProdutor(idVideoclip,idProdutor) Values(202,28);
INSERT INTO VideoclipProdutor(idVideoclip,idProdutor) Values(202,2);
INSERT INTO VideoclipProdutor(idVideoclip,idProdutor) Values(203,23);
INSERT INTO VideoclipProdutor(idVideoclip,idProdutor) Values(204,15);
INSERT INTO VideoclipProdutor(idVideoclip,idProdutor) Values(204,29);
INSERT INTO VideoclipProdutor(idVideoclip,idProdutor) Values(205,11);
INSERT INTO VideoclipProdutor(idVideoclip,idProdutor) Values(206,5);
INSERT INTO VideoclipProdutor(idVideoclip,idProdutor) Values(207,1);
INSERT INTO VideoclipProdutor(idVideoclip,idProdutor) Values(207,13);
INSERT INTO VideoclipProdutor(idVideoclip,idProdutor) Values(208,26);
INSERT INTO VideoclipProdutor(idVideoclip,idProdutor) Values(208,25);
INSERT INTO VideoclipProdutor(idVideoclip,idProdutor) Values(208,12);
INSERT INTO VideoclipProdutor(idVideoclip,idProdutor) Values(209,11);
INSERT INTO VideoclipProdutor(idVideoclip,idProdutor) Values(210,22);
INSERT INTO VideoclipProdutor(idVideoclip,idProdutor) Values(210,15);
INSERT INTO VideoclipProdutor(idVideoclip,idProdutor) Values(211,11);
INSERT INTO VideoclipProdutor(idVideoclip,idProdutor) Values(211,8);
INSERT INTO VideoclipProdutor(idVideoclip,idProdutor) Values(212,9);
INSERT INTO VideoclipProdutor(idVideoclip,idProdutor) Values(212,8);
INSERT INTO VideoclipProdutor(idVideoclip,idProdutor) Values(213,25);
INSERT INTO VideoclipProdutor(idVideoclip,idProdutor) Values(214,3);
INSERT INTO VideoclipProdutor(idVideoclip,idProdutor) Values(214,0);
INSERT INTO VideoclipProdutor(idVideoclip,idProdutor) Values(215,12);
INSERT INTO VideoclipProdutor(idVideoclip,idProdutor) Values(216,22);
INSERT INTO VideoclipProdutor(idVideoclip,idProdutor) Values(217,21);
INSERT INTO VideoclipProdutor(idVideoclip,idProdutor) Values(217,4);
INSERT INTO VideoclipProdutor(idVideoclip,idProdutor) Values(217,5);
INSERT INTO VideoclipProdutor(idVideoclip,idProdutor) Values(218,26);
INSERT INTO VideoclipProdutor(idVideoclip,idProdutor) Values(218,21);
INSERT INTO VideoclipProdutor(idVideoclip,idProdutor) Values(218,19);
INSERT INTO VideoclipProdutor(idVideoclip,idProdutor) Values(219,17);
INSERT INTO VideoclipProdutor(idVideoclip,idProdutor) Values(220,21);
INSERT INTO VideoclipProdutor(idVideoclip,idProdutor) Values(220,10);
INSERT INTO VideoclipProdutor(idVideoclip,idProdutor) Values(221,24);
INSERT INTO VideoclipProdutor(idVideoclip,idProdutor) Values(222,20);
INSERT INTO VideoclipProdutor(idVideoclip,idProdutor) Values(222,3);
INSERT INTO VideoclipProdutor(idVideoclip,idProdutor) Values(222,12);
INSERT INTO VideoclipProdutor(idVideoclip,idProdutor) Values(223,13);
INSERT INTO VideoclipProdutor(idVideoclip,idProdutor) Values(223,8);
INSERT INTO VideoclipProdutor(idVideoclip,idProdutor) Values(224,4);
INSERT INTO VideoclipProdutor(idVideoclip,idProdutor) Values(224,2);
INSERT INTO VideoclipProdutor(idVideoclip,idProdutor) Values(225,28);
INSERT INTO VideoclipProdutor(idVideoclip,idProdutor) Values(226,0);
INSERT INTO VideoclipProdutor(idVideoclip,idProdutor) Values(227,6);
INSERT INTO VideoclipProdutor(idVideoclip,idProdutor) Values(227,27);
INSERT INTO VideoclipProdutor(idVideoclip,idProdutor) Values(228,1);
INSERT INTO VideoclipProdutor(idVideoclip,idProdutor) Values(229,23);
INSERT INTO VideoclipProdutor(idVideoclip,idProdutor) Values(229,7);
INSERT INTO VideoclipProdutor(idVideoclip,idProdutor) Values(229,17);
INSERT INTO VideoclipProdutor(idVideoclip,idProdutor) Values(230,24);
INSERT INTO VideoclipProdutor(idVideoclip,idProdutor) Values(231,23);
INSERT INTO VideoclipProdutor(idVideoclip,idProdutor) Values(231,21);
INSERT INTO VideoclipProdutor(idVideoclip,idProdutor) Values(231,19);
INSERT INTO VideoclipProdutor(idVideoclip,idProdutor) Values(232,1);
INSERT INTO VideoclipProdutor(idVideoclip,idProdutor) Values(232,25);
INSERT INTO VideoclipProdutor(idVideoclip,idProdutor) Values(232,20);
INSERT INTO VideoclipProdutor(idVideoclip,idProdutor) Values(233,5);
INSERT INTO VideoclipProdutor(idVideoclip,idProdutor) Values(234,15);
INSERT INTO VideoclipProdutor(idVideoclip,idProdutor) Values(234,26);
INSERT INTO VideoclipProdutor(idVideoclip,idProdutor) Values(235,18);
INSERT INTO VideoclipProdutor(idVideoclip,idProdutor) Values(235,20);
INSERT INTO VideoclipProdutor(idVideoclip,idProdutor) Values(235,1);
INSERT INTO VideoclipProdutor(idVideoclip,idProdutor) Values(236,17);
INSERT INTO VideoclipProdutor(idVideoclip,idProdutor) Values(237,13);
INSERT INTO VideoclipProdutor(idVideoclip,idProdutor) Values(237,8);
INSERT INTO VideoclipProdutor(idVideoclip,idProdutor) Values(237,1);
INSERT INTO VideoclipProdutor(idVideoclip,idProdutor) Values(238,24);
INSERT INTO VideoclipProdutor(idVideoclip,idProdutor) Values(238,17);
INSERT INTO VideoclipProdutor(idVideoclip,idProdutor) Values(239,26);
INSERT INTO VideoclipProdutor(idVideoclip,idProdutor) Values(239,6);
INSERT INTO VideoclipProdutor(idVideoclip,idProdutor) Values(240,9);
INSERT INTO VideoclipProdutor(idVideoclip,idProdutor) Values(240,28);
INSERT INTO VideoclipProdutor(idVideoclip,idProdutor) Values(241,24);
INSERT INTO VideoclipProdutor(idVideoclip,idProdutor) Values(241,10);
INSERT INTO VideoclipProdutor(idVideoclip,idProdutor) Values(241,16);
INSERT INTO VideoclipProdutor(idVideoclip,idProdutor) Values(242,29);
INSERT INTO VideoclipProdutor(idVideoclip,idProdutor) Values(242,16);
INSERT INTO VideoclipProdutor(idVideoclip,idProdutor) Values(243,16);
INSERT INTO VideoclipProdutor(idVideoclip,idProdutor) Values(243,25);
INSERT INTO VideoclipProdutor(idVideoclip,idProdutor) Values(244,10);
INSERT INTO VideoclipProdutor(idVideoclip,idProdutor) Values(244,7);
INSERT INTO VideoclipProdutor(idVideoclip,idProdutor) Values(245,3);
INSERT INTO VideoclipProdutor(idVideoclip,idProdutor) Values(245,25);
INSERT INTO VideoclipProdutor(idVideoclip,idProdutor) Values(245,24);
INSERT INTO VideoclipProdutor(idVideoclip,idProdutor) Values(246,11);
INSERT INTO VideoclipProdutor(idVideoclip,idProdutor) Values(246,27);
INSERT INTO VideoclipProdutor(idVideoclip,idProdutor) Values(246,16);
INSERT INTO VideoclipProdutor(idVideoclip,idProdutor) Values(247,26);
INSERT INTO VideoclipProdutor(idVideoclip,idProdutor) Values(247,7);
INSERT INTO VideoclipProdutor(idVideoclip,idProdutor) Values(247,16);
INSERT INTO VideoclipProdutor(idVideoclip,idProdutor) Values(248,3);
INSERT INTO VideoclipProdutor(idVideoclip,idProdutor) Values(249,16);
INSERT INTO VideoclipProdutor(idVideoclip,idProdutor) Values(249,23);
INSERT INTO VideoclipProdutor(idVideoclip,idProdutor) Values(249,9);
INSERT INTO VideoclipProdutor(idVideoclip,idProdutor) Values(250,20);
INSERT INTO VideoclipProdutor(idVideoclip,idProdutor) Values(250,2);
INSERT INTO VideoclipProdutor(idVideoclip,idProdutor) Values(250,17);
INSERT INTO VideoclipProdutor(idVideoclip,idProdutor) Values(251,5);
INSERT INTO VideoclipProdutor(idVideoclip,idProdutor) Values(252,14);
INSERT INTO VideoclipProdutor(idVideoclip,idProdutor) Values(253,5);
INSERT INTO VideoclipProdutor(idVideoclip,idProdutor) Values(253,29);
INSERT INTO VideoclipProdutor(idVideoclip,idProdutor) Values(254,23);
INSERT INTO VideoclipProdutor(idVideoclip,idProdutor) Values(254,29);
INSERT INTO VideoclipProdutor(idVideoclip,idProdutor) Values(255,1);
INSERT INTO VideoclipProdutor(idVideoclip,idProdutor) Values(255,7);
INSERT INTO VideoclipProdutor(idVideoclip,idProdutor) Values(255,9);
INSERT INTO VideoclipProdutor(idVideoclip,idProdutor) Values(256,6);
INSERT INTO VideoclipProdutor(idVideoclip,idProdutor) Values(256,23);
INSERT INTO VideoclipProdutor(idVideoclip,idProdutor) Values(257,14);
INSERT INTO VideoclipProdutor(idVideoclip,idProdutor) Values(258,12);
INSERT INTO VideoclipProdutor(idVideoclip,idProdutor) Values(258,14);
INSERT INTO VideoclipProdutor(idVideoclip,idProdutor) Values(259,4);
INSERT INTO VideoclipProdutor(idVideoclip,idProdutor) Values(259,6);
INSERT INTO VideoclipProdutor(idVideoclip,idProdutor) Values(259,12);
INSERT INTO VideoclipProdutor(idVideoclip,idProdutor) Values(260,27);
INSERT INTO VideoclipProdutor(idVideoclip,idProdutor) Values(261,20);
INSERT INTO VideoclipProdutor(idVideoclip,idProdutor) Values(261,0);
INSERT INTO VideoclipProdutor(idVideoclip,idProdutor) Values(261,19);
INSERT INTO VideoclipProdutor(idVideoclip,idProdutor) Values(262,6);
INSERT INTO VideoclipProdutor(idVideoclip,idProdutor) Values(262,7);
INSERT INTO VideoclipProdutor(idVideoclip,idProdutor) Values(263,22);
INSERT INTO VideoclipProdutor(idVideoclip,idProdutor) Values(263,7);
INSERT INTO VideoclipProdutor(idVideoclip,idProdutor) Values(264,27);
INSERT INTO VideoclipProdutor(idVideoclip,idProdutor) Values(264,9);
INSERT INTO VideoclipProdutor(idVideoclip,idProdutor) Values(265,6);
INSERT INTO VideoclipProdutor(idVideoclip,idProdutor) Values(265,25);
INSERT INTO VideoclipProdutor(idVideoclip,idProdutor) Values(266,15);
INSERT INTO VideoclipProdutor(idVideoclip,idProdutor) Values(267,23);
INSERT INTO VideoclipProdutor(idVideoclip,idProdutor) Values(268,7);
INSERT INTO VideoclipProdutor(idVideoclip,idProdutor) Values(269,23);
INSERT INTO VideoclipProdutor(idVideoclip,idProdutor) Values(269,0);
INSERT INTO VideoclipProdutor(idVideoclip,idProdutor) Values(269,17);
INSERT INTO VideoclipProdutor(idVideoclip,idProdutor) Values(270,9);
INSERT INTO VideoclipProdutor(idVideoclip,idProdutor) Values(271,29);
INSERT INTO VideoclipProdutor(idVideoclip,idProdutor) Values(271,5);
INSERT INTO VideoclipProdutor(idVideoclip,idProdutor) Values(272,10);
INSERT INTO VideoclipProdutor(idVideoclip,idProdutor) Values(273,26);
INSERT INTO VideoclipProdutor(idVideoclip,idProdutor) Values(273,13);
INSERT INTO VideoclipProdutor(idVideoclip,idProdutor) Values(273,3);
INSERT INTO VideoclipProdutor(idVideoclip,idProdutor) Values(274,7);
INSERT INTO VideoclipProdutor(idVideoclip,idProdutor) Values(274,13);
INSERT INTO VideoclipProdutor(idVideoclip,idProdutor) Values(274,2);
INSERT INTO VideoclipProdutor(idVideoclip,idProdutor) Values(275,23);
INSERT INTO VideoclipProdutor(idVideoclip,idProdutor) Values(275,28);
INSERT INTO VideoclipProdutor(idVideoclip,idProdutor) Values(275,0);
INSERT INTO VideoclipProdutor(idVideoclip,idProdutor) Values(276,28);
INSERT INTO VideoclipProdutor(idVideoclip,idProdutor) Values(276,16);
INSERT INTO VideoclipProdutor(idVideoclip,idProdutor) Values(276,25);
INSERT INTO VideoclipProdutor(idVideoclip,idProdutor) Values(277,26);
INSERT INTO VideoclipProdutor(idVideoclip,idProdutor) Values(278,18);
INSERT INTO VideoclipProdutor(idVideoclip,idProdutor) Values(278,26);
INSERT INTO VideoclipProdutor(idVideoclip,idProdutor) Values(278,0);
INSERT INTO VideoclipProdutor(idVideoclip,idProdutor) Values(279,1);
INSERT INTO VideoclipProdutor(idVideoclip,idProdutor) Values(279,2);
INSERT INTO VideoclipProdutor(idVideoclip,idProdutor) Values(279,0);
INSERT INTO VideoclipProdutor(idVideoclip,idProdutor) Values(280,15);
INSERT INTO VideoclipProdutor(idVideoclip,idProdutor) Values(280,12);
INSERT INTO VideoclipProdutor(idVideoclip,idProdutor) Values(280,6);
INSERT INTO VideoclipProdutor(idVideoclip,idProdutor) Values(281,6);
INSERT INTO VideoclipProdutor(idVideoclip,idProdutor) Values(281,15);
INSERT INTO VideoclipProdutor(idVideoclip,idProdutor) Values(281,12);
INSERT INTO VideoclipProdutor(idVideoclip,idProdutor) Values(282,5);
INSERT INTO VideoclipProdutor(idVideoclip,idProdutor) Values(282,27);
INSERT INTO VideoclipProdutor(idVideoclip,idProdutor) Values(282,7);
INSERT INTO VideoclipProdutor(idVideoclip,idProdutor) Values(283,18);
INSERT INTO VideoclipProdutor(idVideoclip,idProdutor) Values(284,5);
INSERT INTO VideoclipProdutor(idVideoclip,idProdutor) Values(284,22);
INSERT INTO VideoclipProdutor(idVideoclip,idProdutor) Values(284,20);
INSERT INTO VideoclipProdutor(idVideoclip,idProdutor) Values(285,29);
INSERT INTO VideoclipProdutor(idVideoclip,idProdutor) Values(286,26);
INSERT INTO VideoclipProdutor(idVideoclip,idProdutor) Values(287,6);
INSERT INTO VideoclipProdutor(idVideoclip,idProdutor) Values(287,17);
INSERT INTO VideoclipProdutor(idVideoclip,idProdutor) Values(288,22);
INSERT INTO VideoclipProdutor(idVideoclip,idProdutor) Values(288,6);
INSERT INTO VideoclipProdutor(idVideoclip,idProdutor) Values(288,21);
INSERT INTO VideoclipProdutor(idVideoclip,idProdutor) Values(289,10);
INSERT INTO VideoclipProdutor(idVideoclip,idProdutor) Values(289,14);
INSERT INTO VideoclipProdutor(idVideoclip,idProdutor) Values(289,28);
INSERT INTO VideoclipProdutor(idVideoclip,idProdutor) Values(290,24);
INSERT INTO VideoclipProdutor(idVideoclip,idProdutor) Values(290,29);
INSERT INTO VideoclipProdutor(idVideoclip,idProdutor) Values(290,18);
-- Table: PlaylistMusica
INSERT INTO PlaylistMusica(idPlaylist,idMusica) Values(0,681009752);
INSERT INTO PlaylistMusica(idPlaylist,idMusica) Values(0,13459068);
INSERT INTO PlaylistMusica(idPlaylist,idMusica) Values(0,727379302);
INSERT INTO PlaylistMusica(idPlaylist,idMusica) Values(0,2293083);
INSERT INTO PlaylistMusica(idPlaylist,idMusica) Values(0,126772759);
INSERT INTO PlaylistMusica(idPlaylist,idMusica) Values(0,126772737);
INSERT INTO PlaylistMusica(idPlaylist,idMusica) Values(0,74617612);
INSERT INTO PlaylistMusica(idPlaylist,idMusica) Values(0,62724017);
INSERT INTO PlaylistMusica(idPlaylist,idMusica) Values(0,681009662);
INSERT INTO PlaylistMusica(idPlaylist,idMusica) Values(0,4315385);
INSERT INTO PlaylistMusica(idPlaylist,idMusica) Values(0,74617611);
INSERT INTO PlaylistMusica(idPlaylist,idMusica) Values(0,785411482);
INSERT INTO PlaylistMusica(idPlaylist,idMusica) Values(0,2293089);
INSERT INTO PlaylistMusica(idPlaylist,idMusica) Values(0,74617616);
INSERT INTO PlaylistMusica(idPlaylist,idMusica) Values(1,384157601);
INSERT INTO PlaylistMusica(idPlaylist,idMusica) Values(1,107471938);
INSERT INTO PlaylistMusica(idPlaylist,idMusica) Values(1,12209324);
INSERT INTO PlaylistMusica(idPlaylist,idMusica) Values(1,681009692);
INSERT INTO PlaylistMusica(idPlaylist,idMusica) Values(1,9997008);
INSERT INTO PlaylistMusica(idPlaylist,idMusica) Values(1,107471932);
INSERT INTO PlaylistMusica(idPlaylist,idMusica) Values(1,4315383);
INSERT INTO PlaylistMusica(idPlaylist,idMusica) Values(1,785411532);
INSERT INTO PlaylistMusica(idPlaylist,idMusica) Values(1,785411542);
INSERT INTO PlaylistMusica(idPlaylist,idMusica) Values(1,681009702);
INSERT INTO PlaylistMusica(idPlaylist,idMusica) Values(1,585667522);
INSERT INTO PlaylistMusica(idPlaylist,idMusica) Values(2,116348460);
INSERT INTO PlaylistMusica(idPlaylist,idMusica) Values(2,12209332);
INSERT INTO PlaylistMusica(idPlaylist,idMusica) Values(2,681009752);
INSERT INTO PlaylistMusica(idPlaylist,idMusica) Values(2,384157581);
INSERT INTO PlaylistMusica(idPlaylist,idMusica) Values(2,116348612);
INSERT INTO PlaylistMusica(idPlaylist,idMusica) Values(2,116348642);
INSERT INTO PlaylistMusica(idPlaylist,idMusica) Values(2,9997008);
INSERT INTO PlaylistMusica(idPlaylist,idMusica) Values(2,107471930);
INSERT INTO PlaylistMusica(idPlaylist,idMusica) Values(2,585667582);
INSERT INTO PlaylistMusica(idPlaylist,idMusica) Values(2,2293076);
INSERT INTO PlaylistMusica(idPlaylist,idMusica) Values(2,143848116);
INSERT INTO PlaylistMusica(idPlaylist,idMusica) Values(2,785411492);
INSERT INTO PlaylistMusica(idPlaylist,idMusica) Values(3,384157651);
INSERT INTO PlaylistMusica(idPlaylist,idMusica) Values(3,116348604);
INSERT INTO PlaylistMusica(idPlaylist,idMusica) Values(3,3135562);
INSERT INTO PlaylistMusica(idPlaylist,idMusica) Values(3,4315383);
INSERT INTO PlaylistMusica(idPlaylist,idMusica) Values(3,70322134);
INSERT INTO PlaylistMusica(idPlaylist,idMusica) Values(3,116348458);
INSERT INTO PlaylistMusica(idPlaylist,idMusica) Values(3,384157681);
INSERT INTO PlaylistMusica(idPlaylist,idMusica) Values(3,67238729);
INSERT INTO PlaylistMusica(idPlaylist,idMusica) Values(3,74617614);
INSERT INTO PlaylistMusica(idPlaylist,idMusica) Values(3,785411482);
INSERT INTO PlaylistMusica(idPlaylist,idMusica) Values(3,4315311);
INSERT INTO PlaylistMusica(idPlaylist,idMusica) Values(3,12209332);
INSERT INTO PlaylistMusica(idPlaylist,idMusica) Values(3,785411522);
INSERT INTO PlaylistMusica(idPlaylist,idMusica) Values(4,126772749);
INSERT INTO PlaylistMusica(idPlaylist,idMusica) Values(4,681009702);
INSERT INTO PlaylistMusica(idPlaylist,idMusica) Values(4,4315313);
INSERT INTO PlaylistMusica(idPlaylist,idMusica) Values(4,116348662);
INSERT INTO PlaylistMusica(idPlaylist,idMusica) Values(4,67238737);
INSERT INTO PlaylistMusica(idPlaylist,idMusica) Values(4,3135558);
INSERT INTO PlaylistMusica(idPlaylist,idMusica) Values(4,116348464);
INSERT INTO PlaylistMusica(idPlaylist,idMusica) Values(4,785411462);
INSERT INTO PlaylistMusica(idPlaylist,idMusica) Values(4,3135554);
INSERT INTO PlaylistMusica(idPlaylist,idMusica) Values(4,3135562);
INSERT INTO PlaylistMusica(idPlaylist,idMusica) Values(4,384157581);
INSERT INTO PlaylistMusica(idPlaylist,idMusica) Values(4,116348594);
INSERT INTO PlaylistMusica(idPlaylist,idMusica) Values(4,2293068);
INSERT INTO PlaylistMusica(idPlaylist,idMusica) Values(4,126772737);
INSERT INTO PlaylistMusica(idPlaylist,idMusica) Values(4,4315318);
INSERT INTO PlaylistMusica(idPlaylist,idMusica) Values(5,116348454);
INSERT INTO PlaylistMusica(idPlaylist,idMusica) Values(5,70322140);
INSERT INTO PlaylistMusica(idPlaylist,idMusica) Values(5,12209330);
INSERT INTO PlaylistMusica(idPlaylist,idMusica) Values(5,13459068);
INSERT INTO PlaylistMusica(idPlaylist,idMusica) Values(5,568147752);
INSERT INTO PlaylistMusica(idPlaylist,idMusica) Values(6,116348458);
INSERT INTO PlaylistMusica(idPlaylist,idMusica) Values(6,12209326);
INSERT INTO PlaylistMusica(idPlaylist,idMusica) Values(6,785411532);
INSERT INTO PlaylistMusica(idPlaylist,idMusica) Values(6,785411492);
INSERT INTO PlaylistMusica(idPlaylist,idMusica) Values(6,74617610);
INSERT INTO PlaylistMusica(idPlaylist,idMusica) Values(6,13459066);
INSERT INTO PlaylistMusica(idPlaylist,idMusica) Values(6,13459067);
INSERT INTO PlaylistMusica(idPlaylist,idMusica) Values(6,2293100);
INSERT INTO PlaylistMusica(idPlaylist,idMusica) Values(6,116348608);
INSERT INTO PlaylistMusica(idPlaylist,idMusica) Values(7,9997014);
INSERT INTO PlaylistMusica(idPlaylist,idMusica) Values(7,681009652);
INSERT INTO PlaylistMusica(idPlaylist,idMusica) Values(7,74617613);
INSERT INTO PlaylistMusica(idPlaylist,idMusica) Values(7,67238740);
INSERT INTO PlaylistMusica(idPlaylist,idMusica) Values(7,116348662);
INSERT INTO PlaylistMusica(idPlaylist,idMusica) Values(7,13459065);
INSERT INTO PlaylistMusica(idPlaylist,idMusica) Values(7,3135553);
INSERT INTO PlaylistMusica(idPlaylist,idMusica) Values(7,12209321);
INSERT INTO PlaylistMusica(idPlaylist,idMusica) Values(7,70322132);
INSERT INTO PlaylistMusica(idPlaylist,idMusica) Values(7,4315389);
INSERT INTO PlaylistMusica(idPlaylist,idMusica) Values(7,70322138);
INSERT INTO PlaylistMusica(idPlaylist,idMusica) Values(7,568147752);
INSERT INTO PlaylistMusica(idPlaylist,idMusica) Values(8,681009682);
INSERT INTO PlaylistMusica(idPlaylist,idMusica) Values(8,384157621);
INSERT INTO PlaylistMusica(idPlaylist,idMusica) Values(8,4315380);
INSERT INTO PlaylistMusica(idPlaylist,idMusica) Values(8,12209324);
INSERT INTO PlaylistMusica(idPlaylist,idMusica) Values(8,116348634);
INSERT INTO PlaylistMusica(idPlaylist,idMusica) Values(8,727379302);
INSERT INTO PlaylistMusica(idPlaylist,idMusica) Values(8,3135561);
INSERT INTO PlaylistMusica(idPlaylist,idMusica) Values(8,126772759);
INSERT INTO PlaylistMusica(idPlaylist,idMusica) Values(9,9997009);
INSERT INTO PlaylistMusica(idPlaylist,idMusica) Values(9,585667452);
INSERT INTO PlaylistMusica(idPlaylist,idMusica) Values(9,9997018);
INSERT INTO PlaylistMusica(idPlaylist,idMusica) Values(9,384157691);
INSERT INTO PlaylistMusica(idPlaylist,idMusica) Values(9,126772767);
INSERT INTO PlaylistMusica(idPlaylist,idMusica) Values(9,585667492);
INSERT INTO PlaylistMusica(idPlaylist,idMusica) Values(9,681009702);
INSERT INTO PlaylistMusica(idPlaylist,idMusica) Values(9,568147722);
INSERT INTO PlaylistMusica(idPlaylist,idMusica) Values(9,4315318);
INSERT INTO PlaylistMusica(idPlaylist,idMusica) Values(9,4315389);
INSERT INTO PlaylistMusica(idPlaylist,idMusica) Values(9,116348630);
INSERT INTO PlaylistMusica(idPlaylist,idMusica) Values(9,2293097);
INSERT INTO PlaylistMusica(idPlaylist,idMusica) Values(9,67238739);
INSERT INTO PlaylistMusica(idPlaylist,idMusica) Values(9,107471938);
INSERT INTO PlaylistMusica(idPlaylist,idMusica) Values(10,67238738);
INSERT INTO PlaylistMusica(idPlaylist,idMusica) Values(10,785411522);
INSERT INTO PlaylistMusica(idPlaylist,idMusica) Values(10,126772757);
INSERT INTO PlaylistMusica(idPlaylist,idMusica) Values(10,70322140);
INSERT INTO PlaylistMusica(idPlaylist,idMusica) Values(10,2293074);
INSERT INTO PlaylistMusica(idPlaylist,idMusica) Values(10,3135563);
INSERT INTO PlaylistMusica(idPlaylist,idMusica) Values(10,116348656);
INSERT INTO PlaylistMusica(idPlaylist,idMusica) Values(11,116348636);
INSERT INTO PlaylistMusica(idPlaylist,idMusica) Values(11,116348658);
INSERT INTO PlaylistMusica(idPlaylist,idMusica) Values(11,116348462);
INSERT INTO PlaylistMusica(idPlaylist,idMusica) Values(11,9997013);
INSERT INTO PlaylistMusica(idPlaylist,idMusica) Values(11,74617613);
INSERT INTO PlaylistMusica(idPlaylist,idMusica) Values(11,10064647);
INSERT INTO PlaylistMusica(idPlaylist,idMusica) Values(11,62724016);
INSERT INTO PlaylistMusica(idPlaylist,idMusica) Values(11,126772755);
INSERT INTO PlaylistMusica(idPlaylist,idMusica) Values(11,585667462);
INSERT INTO PlaylistMusica(idPlaylist,idMusica) Values(11,4315313);
INSERT INTO PlaylistMusica(idPlaylist,idMusica) Values(11,62724020);
INSERT INTO PlaylistMusica(idPlaylist,idMusica) Values(12,126772763);
INSERT INTO PlaylistMusica(idPlaylist,idMusica) Values(12,4315310);
INSERT INTO PlaylistMusica(idPlaylist,idMusica) Values(12,3135559);
INSERT INTO PlaylistMusica(idPlaylist,idMusica) Values(12,568147752);
INSERT INTO PlaylistMusica(idPlaylist,idMusica) Values(12,681009652);
INSERT INTO PlaylistMusica(idPlaylist,idMusica) Values(12,116348466);
INSERT INTO PlaylistMusica(idPlaylist,idMusica) Values(12,9997014);
INSERT INTO PlaylistMusica(idPlaylist,idMusica) Values(12,126772741);
INSERT INTO PlaylistMusica(idPlaylist,idMusica) Values(12,10064650);
INSERT INTO PlaylistMusica(idPlaylist,idMusica) Values(12,67238728);
INSERT INTO PlaylistMusica(idPlaylist,idMusica) Values(13,568147752);
INSERT INTO PlaylistMusica(idPlaylist,idMusica) Values(13,116348464);
INSERT INTO PlaylistMusica(idPlaylist,idMusica) Values(13,9997013);
INSERT INTO PlaylistMusica(idPlaylist,idMusica) Values(13,585667562);
INSERT INTO PlaylistMusica(idPlaylist,idMusica) Values(13,4315386);
INSERT INTO PlaylistMusica(idPlaylist,idMusica) Values(14,384157661);
INSERT INTO PlaylistMusica(idPlaylist,idMusica) Values(14,4315312);
INSERT INTO PlaylistMusica(idPlaylist,idMusica) Values(14,70322140);
INSERT INTO PlaylistMusica(idPlaylist,idMusica) Values(14,568147772);
INSERT INTO PlaylistMusica(idPlaylist,idMusica) Values(14,116348622);
INSERT INTO PlaylistMusica(idPlaylist,idMusica) Values(14,126772751);
INSERT INTO PlaylistMusica(idPlaylist,idMusica) Values(14,568147762);
INSERT INTO PlaylistMusica(idPlaylist,idMusica) Values(14,2293083);
INSERT INTO PlaylistMusica(idPlaylist,idMusica) Values(14,126772765);
INSERT INTO PlaylistMusica(idPlaylist,idMusica) Values(14,116348600);
INSERT INTO PlaylistMusica(idPlaylist,idMusica) Values(14,681009732);
INSERT INTO PlaylistMusica(idPlaylist,idMusica) Values(14,62724016);
INSERT INTO PlaylistMusica(idPlaylist,idMusica) Values(14,9997012);
INSERT INTO PlaylistMusica(idPlaylist,idMusica) Values(14,1523554262);
INSERT INTO PlaylistMusica(idPlaylist,idMusica) Values(14,3135565);
INSERT INTO PlaylistMusica(idPlaylist,idMusica) Values(15,2293100);
INSERT INTO PlaylistMusica(idPlaylist,idMusica) Values(15,585667542);
INSERT INTO PlaylistMusica(idPlaylist,idMusica) Values(15,681009742);
INSERT INTO PlaylistMusica(idPlaylist,idMusica) Values(15,116348476);
INSERT INTO PlaylistMusica(idPlaylist,idMusica) Values(15,70322140);
INSERT INTO PlaylistMusica(idPlaylist,idMusica) Values(15,3135564);
INSERT INTO PlaylistMusica(idPlaylist,idMusica) Values(15,585667512);
INSERT INTO PlaylistMusica(idPlaylist,idMusica) Values(15,4315385);
INSERT INTO PlaylistMusica(idPlaylist,idMusica) Values(15,681009642);
INSERT INTO PlaylistMusica(idPlaylist,idMusica) Values(15,2293080);
INSERT INTO PlaylistMusica(idPlaylist,idMusica) Values(15,74617610);
INSERT INTO PlaylistMusica(idPlaylist,idMusica) Values(15,62724015);
INSERT INTO PlaylistMusica(idPlaylist,idMusica) Values(15,384157631);
INSERT INTO PlaylistMusica(idPlaylist,idMusica) Values(15,12209320);
INSERT INTO PlaylistMusica(idPlaylist,idMusica) Values(15,116348470);
INSERT INTO PlaylistMusica(idPlaylist,idMusica) Values(16,116348658);
INSERT INTO PlaylistMusica(idPlaylist,idMusica) Values(16,384157571);
INSERT INTO PlaylistMusica(idPlaylist,idMusica) Values(16,9997014);
INSERT INTO PlaylistMusica(idPlaylist,idMusica) Values(16,9997017);
INSERT INTO PlaylistMusica(idPlaylist,idMusica) Values(16,74617614);
INSERT INTO PlaylistMusica(idPlaylist,idMusica) Values(16,681009702);
INSERT INTO PlaylistMusica(idPlaylist,idMusica) Values(16,116348456);
INSERT INTO PlaylistMusica(idPlaylist,idMusica) Values(17,126772765);
INSERT INTO PlaylistMusica(idPlaylist,idMusica) Values(17,681009692);
INSERT INTO PlaylistMusica(idPlaylist,idMusica) Values(17,4315320);
INSERT INTO PlaylistMusica(idPlaylist,idMusica) Values(17,107471930);
INSERT INTO PlaylistMusica(idPlaylist,idMusica) Values(17,585667492);
INSERT INTO PlaylistMusica(idPlaylist,idMusica) Values(17,12209323);
INSERT INTO PlaylistMusica(idPlaylist,idMusica) Values(17,585667572);
INSERT INTO PlaylistMusica(idPlaylist,idMusica) Values(17,681009702);
INSERT INTO PlaylistMusica(idPlaylist,idMusica) Values(17,126772761);
INSERT INTO PlaylistMusica(idPlaylist,idMusica) Values(17,2293083);
INSERT INTO PlaylistMusica(idPlaylist,idMusica) Values(17,12209321);
INSERT INTO PlaylistMusica(idPlaylist,idMusica) Values(17,116348616);
INSERT INTO PlaylistMusica(idPlaylist,idMusica) Values(17,116348644);
INSERT INTO PlaylistMusica(idPlaylist,idMusica) Values(17,12209322);
INSERT INTO PlaylistMusica(idPlaylist,idMusica) Values(17,116348662);
INSERT INTO PlaylistMusica(idPlaylist,idMusica) Values(18,116348482);
INSERT INTO PlaylistMusica(idPlaylist,idMusica) Values(18,116348476);
INSERT INTO PlaylistMusica(idPlaylist,idMusica) Values(18,4315320);
INSERT INTO PlaylistMusica(idPlaylist,idMusica) Values(18,785411532);
INSERT INTO PlaylistMusica(idPlaylist,idMusica) Values(18,62724016);
INSERT INTO PlaylistMusica(idPlaylist,idMusica) Values(18,67238740);
INSERT INTO PlaylistMusica(idPlaylist,idMusica) Values(18,12209331);
INSERT INTO PlaylistMusica(idPlaylist,idMusica) Values(18,10064646);
INSERT INTO PlaylistMusica(idPlaylist,idMusica) Values(18,70322130);
INSERT INTO PlaylistMusica(idPlaylist,idMusica) Values(18,785411502);
INSERT INTO PlaylistMusica(idPlaylist,idMusica) Values(19,9997017);
INSERT INTO PlaylistMusica(idPlaylist,idMusica) Values(19,116348474);
INSERT INTO PlaylistMusica(idPlaylist,idMusica) Values(19,74617612);
INSERT INTO PlaylistMusica(idPlaylist,idMusica) Values(19,116348454);
INSERT INTO PlaylistMusica(idPlaylist,idMusica) Values(19,116348658);
INSERT INTO PlaylistMusica(idPlaylist,idMusica) Values(19,4315318);
INSERT INTO PlaylistMusica(idPlaylist,idMusica) Values(19,4315311);
INSERT INTO PlaylistMusica(idPlaylist,idMusica) Values(19,116348594);
-- Table: AutorAlbum
INSERT INTO AutorAlbum(idAutor,idAlbum) Values(27,302127);
INSERT INTO AutorAlbum(idAutor,idAlbum) Values(27,6575789);
INSERT INTO AutorAlbum(idAutor,idAlbum) Values(27,6703346);
INSERT INTO AutorAlbum(idAutor,idAlbum) Values(1182,6899610);
INSERT INTO AutorAlbum(idAutor,idAlbum) Values(1182,401346);
INSERT INTO AutorAlbum(idAutor,idAlbum) Values(1182,401340);
INSERT INTO AutorAlbum(idAutor,idAlbum) Values(1195633,921000);
INSERT INTO AutorAlbum(idAutor,idAlbum) Values(11121068,75624372);
INSERT INTO AutorAlbum(idAutor,idAlbum) Values(10963720,106585062);
INSERT INTO AutorAlbum(idAutor,idAlbum) Values(14687,7371939);
INSERT INTO AutorAlbum(idAutor,idAlbum) Values(5168,228644);
INSERT INTO AutorAlbum(idAutor,idAlbum) Values(1,12047958);
INSERT INTO AutorAlbum(idAutor,idAlbum) Values(1,12047952);
INSERT INTO AutorAlbum(idAutor,idAlbum) Values(1,12047956);
INSERT INTO AutorAlbum(idAutor,idAlbum) Values(230,13357219);
INSERT INTO AutorAlbum(idAutor,idAlbum) Values(230,116355212);
INSERT INTO AutorAlbum(idAutor,idAlbum) Values(70016862,265953002);
INSERT INTO AutorAlbum(idAutor,idAlbum) Values(70016862,214037042);
INSERT INTO AutorAlbum(idAutor,idAlbum) Values(1194083,44730061);
INSERT INTO AutorAlbum(idAutor,idAlbum) Values(1194083,97140952);
INSERT INTO AutorAlbum(idAutor,idAlbum) Values(997,11205422);
INSERT INTO AutorAlbum(idAutor,idAlbum) Values(9877750,15586282);
INSERT INTO AutorAlbum(idAutor,idAlbum) Values(429675,6157080);
INSERT INTO AutorAlbum(idAutor,idAlbum) Values(429675,211423112);
INSERT INTO AutorAlbum(idAutor,idAlbum) Values(6474027,78640552);
INSERT INTO AutorAlbum(idAutor,idAlbum) Values(412,915785);
INSERT INTO AutorAlbum(idAutor,idAlbum) Values(412,1121401);
INSERT INTO AutorAlbum(idAutor,idAlbum) Values(412,1232880);
-- Table: ConcertoAutor
INSERT INTO ConcertoAutor(idConcerto,idAutor) Values(0,429675);
INSERT INTO ConcertoAutor(idConcerto,idAutor) Values(0,1195633);
INSERT INTO ConcertoAutor(idConcerto,idAutor) Values(1,11121068);
INSERT INTO ConcertoAutor(idConcerto,idAutor) Values(1,100000006);
INSERT INTO ConcertoAutor(idConcerto,idAutor) Values(2,1446);
INSERT INTO ConcertoAutor(idConcerto,idAutor) Values(2,1195633);
INSERT INTO ConcertoAutor(idConcerto,idAutor) Values(2,230);
INSERT INTO ConcertoAutor(idConcerto,idAutor) Values(3,230);
INSERT INTO ConcertoAutor(idConcerto,idAutor) Values(4,997);
INSERT INTO ConcertoAutor(idConcerto,idAutor) Values(5,27);
INSERT INTO ConcertoAutor(idConcerto,idAutor) Values(5,412);
INSERT INTO ConcertoAutor(idConcerto,idAutor) Values(5,100000002);
INSERT INTO ConcertoAutor(idConcerto,idAutor) Values(6,10963720);
INSERT INTO ConcertoAutor(idConcerto,idAutor) Values(6,412);
INSERT INTO ConcertoAutor(idConcerto,idAutor) Values(6,100000006);
INSERT INTO ConcertoAutor(idConcerto,idAutor) Values(7,412);
INSERT INTO ConcertoAutor(idConcerto,idAutor) Values(7,100000005);
INSERT INTO ConcertoAutor(idConcerto,idAutor) Values(8,70016862);
INSERT INTO ConcertoAutor(idConcerto,idAutor) Values(9,11121068);
INSERT INTO ConcertoAutor(idConcerto,idAutor) Values(12,100000005);
INSERT INTO ConcertoAutor(idConcerto,idAutor) Values(12,11121068);
INSERT INTO ConcertoAutor(idConcerto,idAutor) Values(13,14687);
INSERT INTO ConcertoAutor(idConcerto,idAutor) Values(13,100000005);
INSERT INTO ConcertoAutor(idConcerto,idAutor) Values(13,70016862);
INSERT INTO ConcertoAutor(idConcerto,idAutor) Values(14,11121068);
INSERT INTO ConcertoAutor(idConcerto,idAutor) Values(14,412);
INSERT INTO ConcertoAutor(idConcerto,idAutor) Values(14,1446);
INSERT INTO ConcertoAutor(idConcerto,idAutor) Values(15,100000000);
INSERT INTO ConcertoAutor(idConcerto,idAutor) Values(15,1182);
INSERT INTO ConcertoAutor(idConcerto,idAutor) Values(15,226);
INSERT INTO ConcertoAutor(idConcerto,idAutor) Values(16,1194083);
INSERT INTO ConcertoAutor(idConcerto,idAutor) Values(16,6474027);
INSERT INTO ConcertoAutor(idConcerto,idAutor) Values(18,1446);
INSERT INTO ConcertoAutor(idConcerto,idAutor) Values(18,27);
INSERT INTO ConcertoAutor(idConcerto,idAutor) Values(18,6474027);
INSERT INTO ConcertoAutor(idConcerto,idAutor) Values(19,11121068);
INSERT INTO ConcertoAutor(idConcerto,idAutor) Values(19,997);
INSERT INTO ConcertoAutor(idConcerto,idAutor) Values(19,1194083);
INSERT INTO ConcertoAutor(idConcerto,idAutor) Values(20,100000002);
INSERT INTO ConcertoAutor(idConcerto,idAutor) Values(20,412);
INSERT INTO ConcertoAutor(idConcerto,idAutor) Values(20,11121068);
INSERT INTO ConcertoAutor(idConcerto,idAutor) Values(21,412);
INSERT INTO ConcertoAutor(idConcerto,idAutor) Values(21,230);
INSERT INTO ConcertoAutor(idConcerto,idAutor) Values(21,1194083);
INSERT INTO ConcertoAutor(idConcerto,idAutor) Values(22,226);
INSERT INTO ConcertoAutor(idConcerto,idAutor) Values(22,100000004);
INSERT INTO ConcertoAutor(idConcerto,idAutor) Values(22,230);
INSERT INTO ConcertoAutor(idConcerto,idAutor) Values(23,14687);
INSERT INTO ConcertoAutor(idConcerto,idAutor) Values(24,1194083);
INSERT INTO ConcertoAutor(idConcerto,idAutor) Values(24,14687);
INSERT INTO ConcertoAutor(idConcerto,idAutor) Values(25,100000000);
INSERT INTO ConcertoAutor(idConcerto,idAutor) Values(25,1);
INSERT INTO ConcertoAutor(idConcerto,idAutor) Values(27,230);
INSERT INTO ConcertoAutor(idConcerto,idAutor) Values(27,100000005);
INSERT INTO ConcertoAutor(idConcerto,idAutor) Values(28,1);
INSERT INTO ConcertoAutor(idConcerto,idAutor) Values(28,10963720);
INSERT INTO ConcertoAutor(idConcerto,idAutor) Values(28,1195633);
INSERT INTO ConcertoAutor(idConcerto,idAutor) Values(29,412);
INSERT INTO ConcertoAutor(idConcerto,idAutor) Values(30,10963720);
INSERT INTO ConcertoAutor(idConcerto,idAutor) Values(30,429675);
INSERT INTO ConcertoAutor(idConcerto,idAutor) Values(31,1194083);
INSERT INTO ConcertoAutor(idConcerto,idAutor) Values(31,230);
INSERT INTO ConcertoAutor(idConcerto,idAutor) Values(33,100000003);
INSERT INTO ConcertoAutor(idConcerto,idAutor) Values(33,997);
INSERT INTO ConcertoAutor(idConcerto,idAutor) Values(33,412);
-- Table: ConcertoMusica
INSERT INTO ConcertoMusica(idConcerto,idMusica) Values(0,10064651);
INSERT INTO ConcertoMusica(idConcerto,idMusica) Values(0,62724022);
INSERT INTO ConcertoMusica(idConcerto,idMusica) Values(0,10064649);
INSERT INTO ConcertoMusica(idConcerto,idMusica) Values(0,62724016);
INSERT INTO ConcertoMusica(idConcerto,idMusica) Values(0,62724023);
INSERT INTO ConcertoMusica(idConcerto,idMusica) Values(0,62724021);
INSERT INTO ConcertoMusica(idConcerto,idMusica) Values(0,62724017);
INSERT INTO ConcertoMusica(idConcerto,idMusica) Values(0,1260522302);
INSERT INTO ConcertoMusica(idConcerto,idMusica) Values(0,62724015);
INSERT INTO ConcertoMusica(idConcerto,idMusica) Values(0,10064650);
INSERT INTO ConcertoMusica(idConcerto,idMusica) Values(0,62724019);
INSERT INTO ConcertoMusica(idConcerto,idMusica) Values(1,568147812);
INSERT INTO ConcertoMusica(idConcerto,idMusica) Values(1,568147792);
INSERT INTO ConcertoMusica(idConcerto,idMusica) Values(1,568147722);
INSERT INTO ConcertoMusica(idConcerto,idMusica) Values(1,568147742);
INSERT INTO ConcertoMusica(idConcerto,idMusica) Values(1,568147752);
INSERT INTO ConcertoMusica(idConcerto,idMusica) Values(1,568147802);
INSERT INTO ConcertoMusica(idConcerto,idMusica) Values(1,568147772);
INSERT INTO ConcertoMusica(idConcerto,idMusica) Values(1,568147712);
INSERT INTO ConcertoMusica(idConcerto,idMusica) Values(1,568147782);
INSERT INTO ConcertoMusica(idConcerto,idMusica) Values(2,785411552);
INSERT INTO ConcertoMusica(idConcerto,idMusica) Values(2,126772765);
INSERT INTO ConcertoMusica(idConcerto,idMusica) Values(2,785411542);
INSERT INTO ConcertoMusica(idConcerto,idMusica) Values(2,126772733);
INSERT INTO ConcertoMusica(idConcerto,idMusica) Values(2,10064651);
INSERT INTO ConcertoMusica(idConcerto,idMusica) Values(2,126772741);
INSERT INTO ConcertoMusica(idConcerto,idMusica) Values(2,126772743);
INSERT INTO ConcertoMusica(idConcerto,idMusica) Values(2,126772731);
INSERT INTO ConcertoMusica(idConcerto,idMusica) Values(2,10064648);
INSERT INTO ConcertoMusica(idConcerto,idMusica) Values(2,126772745);
INSERT INTO ConcertoMusica(idConcerto,idMusica) Values(2,126772735);
INSERT INTO ConcertoMusica(idConcerto,idMusica) Values(2,10064646);
INSERT INTO ConcertoMusica(idConcerto,idMusica) Values(3,126772763);
INSERT INTO ConcertoMusica(idConcerto,idMusica) Values(3,126772729);
INSERT INTO ConcertoMusica(idConcerto,idMusica) Values(3,126772739);
INSERT INTO ConcertoMusica(idConcerto,idMusica) Values(3,785411462);
INSERT INTO ConcertoMusica(idConcerto,idMusica) Values(3,785411512);
INSERT INTO ConcertoMusica(idConcerto,idMusica) Values(3,785411502);
INSERT INTO ConcertoMusica(idConcerto,idMusica) Values(3,126772765);
INSERT INTO ConcertoMusica(idConcerto,idMusica) Values(3,126772735);
INSERT INTO ConcertoMusica(idConcerto,idMusica) Values(3,126772755);
INSERT INTO ConcertoMusica(idConcerto,idMusica) Values(3,126772759);
INSERT INTO ConcertoMusica(idConcerto,idMusica) Values(3,785411492);
INSERT INTO ConcertoMusica(idConcerto,idMusica) Values(4,107471924);
INSERT INTO ConcertoMusica(idConcerto,idMusica) Values(4,107471938);
INSERT INTO ConcertoMusica(idConcerto,idMusica) Values(4,107471930);
INSERT INTO ConcertoMusica(idConcerto,idMusica) Values(4,107471926);
INSERT INTO ConcertoMusica(idConcerto,idMusica) Values(4,107471920);
INSERT INTO ConcertoMusica(idConcerto,idMusica) Values(4,107471922);
INSERT INTO ConcertoMusica(idConcerto,idMusica) Values(4,107471934);
INSERT INTO ConcertoMusica(idConcerto,idMusica) Values(4,107471932);
INSERT INTO ConcertoMusica(idConcerto,idMusica) Values(4,107471940);
INSERT INTO ConcertoMusica(idConcerto,idMusica) Values(4,107471936);
INSERT INTO ConcertoMusica(idConcerto,idMusica) Values(5,12209326);
INSERT INTO ConcertoMusica(idConcerto,idMusica) Values(5,9997013);
INSERT INTO ConcertoMusica(idConcerto,idMusica) Values(5,67238729);
INSERT INTO ConcertoMusica(idConcerto,idMusica) Values(5,3135560);
INSERT INTO ConcertoMusica(idConcerto,idMusica) Values(5,67238733);
INSERT INTO ConcertoMusica(idConcerto,idMusica) Values(5,3135561);
INSERT INTO ConcertoMusica(idConcerto,idMusica) Values(5,13459070);
INSERT INTO ConcertoMusica(idConcerto,idMusica) Values(5,67238734);
INSERT INTO ConcertoMusica(idConcerto,idMusica) Values(5,3135563);
INSERT INTO ConcertoMusica(idConcerto,idMusica) Values(5,9997009);
INSERT INTO ConcertoMusica(idConcerto,idMusica) Values(5,13459071);
INSERT INTO ConcertoMusica(idConcerto,idMusica) Values(5,67238738);
INSERT INTO ConcertoMusica(idConcerto,idMusica) Values(5,67238731);
INSERT INTO ConcertoMusica(idConcerto,idMusica) Values(5,67238736);
INSERT INTO ConcertoMusica(idConcerto,idMusica) Values(5,67238739);
INSERT INTO ConcertoMusica(idConcerto,idMusica) Values(5,9997011);
INSERT INTO ConcertoMusica(idConcerto,idMusica) Values(5,9997019);
INSERT INTO ConcertoMusica(idConcerto,idMusica) Values(5,67238732);
INSERT INTO ConcertoMusica(idConcerto,idMusica) Values(5,9997017);
INSERT INTO ConcertoMusica(idConcerto,idMusica) Values(5,12209327);
INSERT INTO ConcertoMusica(idConcerto,idMusica) Values(5,3135557);
INSERT INTO ConcertoMusica(idConcerto,idMusica) Values(5,9997015);
INSERT INTO ConcertoMusica(idConcerto,idMusica) Values(5,67238735);
INSERT INTO ConcertoMusica(idConcerto,idMusica) Values(5,12209331);
INSERT INTO ConcertoMusica(idConcerto,idMusica) Values(5,9997014);
INSERT INTO ConcertoMusica(idConcerto,idMusica) Values(5,13459067);
INSERT INTO ConcertoMusica(idConcerto,idMusica) Values(5,9997018);
INSERT INTO ConcertoMusica(idConcerto,idMusica) Values(5,3135554);
INSERT INTO ConcertoMusica(idConcerto,idMusica) Values(5,12209332);
INSERT INTO ConcertoMusica(idConcerto,idMusica) Values(5,12209324);
INSERT INTO ConcertoMusica(idConcerto,idMusica) Values(5,67238730);
INSERT INTO ConcertoMusica(idConcerto,idMusica) Values(5,13459066);
INSERT INTO ConcertoMusica(idConcerto,idMusica) Values(5,13459064);
INSERT INTO ConcertoMusica(idConcerto,idMusica) Values(5,12209330);
INSERT INTO ConcertoMusica(idConcerto,idMusica) Values(5,9997012);
INSERT INTO ConcertoMusica(idConcerto,idMusica) Values(5,67238737);
INSERT INTO ConcertoMusica(idConcerto,idMusica) Values(5,13459072);
INSERT INTO ConcertoMusica(idConcerto,idMusica) Values(5,13459069);
INSERT INTO ConcertoMusica(idConcerto,idMusica) Values(5,3135558);
INSERT INTO ConcertoMusica(idConcerto,idMusica) Values(5,3135555);
INSERT INTO ConcertoMusica(idConcerto,idMusica) Values(5,3135564);
INSERT INTO ConcertoMusica(idConcerto,idMusica) Values(5,12209320);
INSERT INTO ConcertoMusica(idConcerto,idMusica) Values(5,13459068);
INSERT INTO ConcertoMusica(idConcerto,idMusica) Values(5,3135562);
INSERT INTO ConcertoMusica(idConcerto,idMusica) Values(5,12209328);
INSERT INTO ConcertoMusica(idConcerto,idMusica) Values(5,12209321);
INSERT INTO ConcertoMusica(idConcerto,idMusica) Values(5,3135556);
INSERT INTO ConcertoMusica(idConcerto,idMusica) Values(5,67238740);
INSERT INTO ConcertoMusica(idConcerto,idMusica) Values(5,9997010);
INSERT INTO ConcertoMusica(idConcerto,idMusica) Values(5,9997008);
INSERT INTO ConcertoMusica(idConcerto,idMusica) Values(5,3135559);
INSERT INTO ConcertoMusica(idConcerto,idMusica) Values(5,12209323);
INSERT INTO ConcertoMusica(idConcerto,idMusica) Values(5,68442677);
INSERT INTO ConcertoMusica(idConcerto,idMusica) Values(5,3135566);
INSERT INTO ConcertoMusica(idConcerto,idMusica) Values(5,12209322);
INSERT INTO ConcertoMusica(idConcerto,idMusica) Values(5,12209325);
INSERT INTO ConcertoMusica(idConcerto,idMusica) Values(5,12209329);
INSERT INTO ConcertoMusica(idConcerto,idMusica) Values(5,67238728);
INSERT INTO ConcertoMusica(idConcerto,idMusica) Values(5,13459065);
INSERT INTO ConcertoMusica(idConcerto,idMusica) Values(5,9997016);
INSERT INTO ConcertoMusica(idConcerto,idMusica) Values(5,3135553);
INSERT INTO ConcertoMusica(idConcerto,idMusica) Values(6,13459064);
INSERT INTO ConcertoMusica(idConcerto,idMusica) Values(6,13459065);
INSERT INTO ConcertoMusica(idConcerto,idMusica) Values(6,9997010);
INSERT INTO ConcertoMusica(idConcerto,idMusica) Values(6,12209331);
INSERT INTO ConcertoMusica(idConcerto,idMusica) Values(6,12209326);
INSERT INTO ConcertoMusica(idConcerto,idMusica) Values(6,13459066);
INSERT INTO ConcertoMusica(idConcerto,idMusica) Values(6,12209327);
INSERT INTO ConcertoMusica(idConcerto,idMusica) Values(6,12209325);
INSERT INTO ConcertoMusica(idConcerto,idMusica) Values(6,13459071);
INSERT INTO ConcertoMusica(idConcerto,idMusica) Values(6,9997017);
INSERT INTO ConcertoMusica(idConcerto,idMusica) Values(7,9997013);
INSERT INTO ConcertoMusica(idConcerto,idMusica) Values(7,12209329);
INSERT INTO ConcertoMusica(idConcerto,idMusica) Values(7,9997010);
INSERT INTO ConcertoMusica(idConcerto,idMusica) Values(7,12209324);
INSERT INTO ConcertoMusica(idConcerto,idMusica) Values(7,12209322);
INSERT INTO ConcertoMusica(idConcerto,idMusica) Values(7,13459067);
INSERT INTO ConcertoMusica(idConcerto,idMusica) Values(7,13459068);
INSERT INTO ConcertoMusica(idConcerto,idMusica) Values(7,13459069);
INSERT INTO ConcertoMusica(idConcerto,idMusica) Values(7,12209328);
INSERT INTO ConcertoMusica(idConcerto,idMusica) Values(7,9997009);
INSERT INTO ConcertoMusica(idConcerto,idMusica) Values(7,9997017);
INSERT INTO ConcertoMusica(idConcerto,idMusica) Values(7,13459065);
INSERT INTO ConcertoMusica(idConcerto,idMusica) Values(7,9997019);
INSERT INTO ConcertoMusica(idConcerto,idMusica) Values(7,13459071);
INSERT INTO ConcertoMusica(idConcerto,idMusica) Values(7,13459072);
INSERT INTO ConcertoMusica(idConcerto,idMusica) Values(7,13459066);
INSERT INTO ConcertoMusica(idConcerto,idMusica) Values(7,13459070);
INSERT INTO ConcertoMusica(idConcerto,idMusica) Values(7,12209330);
INSERT INTO ConcertoMusica(idConcerto,idMusica) Values(7,12209327);
INSERT INTO ConcertoMusica(idConcerto,idMusica) Values(7,12209320);
INSERT INTO ConcertoMusica(idConcerto,idMusica) Values(7,9997018);
INSERT INTO ConcertoMusica(idConcerto,idMusica) Values(7,12209325);
INSERT INTO ConcertoMusica(idConcerto,idMusica) Values(8,1523554262);
INSERT INTO ConcertoMusica(idConcerto,idMusica) Values(9,568147742);
INSERT INTO ConcertoMusica(idConcerto,idMusica) Values(9,568147822);
INSERT INTO ConcertoMusica(idConcerto,idMusica) Values(9,568147802);
INSERT INTO ConcertoMusica(idConcerto,idMusica) Values(9,568147782);
INSERT INTO ConcertoMusica(idConcerto,idMusica) Values(9,568147722);
INSERT INTO ConcertoMusica(idConcerto,idMusica) Values(9,568147812);
INSERT INTO ConcertoMusica(idConcerto,idMusica) Values(12,568147752);
INSERT INTO ConcertoMusica(idConcerto,idMusica) Values(13,74617612);
INSERT INTO ConcertoMusica(idConcerto,idMusica) Values(13,1523554262);
INSERT INTO ConcertoMusica(idConcerto,idMusica) Values(14,568147722);
INSERT INTO ConcertoMusica(idConcerto,idMusica) Values(14,9997012);
INSERT INTO ConcertoMusica(idConcerto,idMusica) Values(14,568147822);
INSERT INTO ConcertoMusica(idConcerto,idMusica) Values(14,12209320);
INSERT INTO ConcertoMusica(idConcerto,idMusica) Values(14,13459071);
INSERT INTO ConcertoMusica(idConcerto,idMusica) Values(14,568147712);
INSERT INTO ConcertoMusica(idConcerto,idMusica) Values(14,13459070);
INSERT INTO ConcertoMusica(idConcerto,idMusica) Values(14,9997018);
INSERT INTO ConcertoMusica(idConcerto,idMusica) Values(14,13459068);
INSERT INTO ConcertoMusica(idConcerto,idMusica) Values(14,12209325);
INSERT INTO ConcertoMusica(idConcerto,idMusica) Values(14,568147752);
INSERT INTO ConcertoMusica(idConcerto,idMusica) Values(14,9997015);
INSERT INTO ConcertoMusica(idConcerto,idMusica) Values(14,9997011);
INSERT INTO ConcertoMusica(idConcerto,idMusica) Values(14,568147732);
INSERT INTO ConcertoMusica(idConcerto,idMusica) Values(14,12209328);
INSERT INTO ConcertoMusica(idConcerto,idMusica) Values(14,12209332);
INSERT INTO ConcertoMusica(idConcerto,idMusica) Values(14,12209331);
INSERT INTO ConcertoMusica(idConcerto,idMusica) Values(14,9997009);
INSERT INTO ConcertoMusica(idConcerto,idMusica) Values(14,9997017);
INSERT INTO ConcertoMusica(idConcerto,idMusica) Values(14,12209324);
INSERT INTO ConcertoMusica(idConcerto,idMusica) Values(14,568147742);
INSERT INTO ConcertoMusica(idConcerto,idMusica) Values(14,12209322);
INSERT INTO ConcertoMusica(idConcerto,idMusica) Values(14,12209327);
INSERT INTO ConcertoMusica(idConcerto,idMusica) Values(15,4315311);
INSERT INTO ConcertoMusica(idConcerto,idMusica) Values(15,4315318);
INSERT INTO ConcertoMusica(idConcerto,idMusica) Values(15,4315314);
INSERT INTO ConcertoMusica(idConcerto,idMusica) Values(15,4315384);
INSERT INTO ConcertoMusica(idConcerto,idMusica) Values(15,70322133);
INSERT INTO ConcertoMusica(idConcerto,idMusica) Values(15,4315381);
INSERT INTO ConcertoMusica(idConcerto,idMusica) Values(15,4315312);
INSERT INTO ConcertoMusica(idConcerto,idMusica) Values(15,4315387);
INSERT INTO ConcertoMusica(idConcerto,idMusica) Values(15,70322134);
INSERT INTO ConcertoMusica(idConcerto,idMusica) Values(15,4315382);
INSERT INTO ConcertoMusica(idConcerto,idMusica) Values(15,4315386);
INSERT INTO ConcertoMusica(idConcerto,idMusica) Values(15,4315385);
INSERT INTO ConcertoMusica(idConcerto,idMusica) Values(15,70322132);
INSERT INTO ConcertoMusica(idConcerto,idMusica) Values(15,4315315);
INSERT INTO ConcertoMusica(idConcerto,idMusica) Values(15,4315317);
INSERT INTO ConcertoMusica(idConcerto,idMusica) Values(15,70322140);
INSERT INTO ConcertoMusica(idConcerto,idMusica) Values(15,70322137);
INSERT INTO ConcertoMusica(idConcerto,idMusica) Values(15,70322142);
INSERT INTO ConcertoMusica(idConcerto,idMusica) Values(15,70322136);
INSERT INTO ConcertoMusica(idConcerto,idMusica) Values(15,4315378);
INSERT INTO ConcertoMusica(idConcerto,idMusica) Values(15,70322141);
INSERT INTO ConcertoMusica(idConcerto,idMusica) Values(16,681009752);
INSERT INTO ConcertoMusica(idConcerto,idMusica) Values(16,384157581);
INSERT INTO ConcertoMusica(idConcerto,idMusica) Values(16,384157691);
INSERT INTO ConcertoMusica(idConcerto,idMusica) Values(18,3135566);
INSERT INTO ConcertoMusica(idConcerto,idMusica) Values(18,67238735);
INSERT INTO ConcertoMusica(idConcerto,idMusica) Values(18,3135564);
INSERT INTO ConcertoMusica(idConcerto,idMusica) Values(18,67238733);
INSERT INTO ConcertoMusica(idConcerto,idMusica) Values(18,67238737);
INSERT INTO ConcertoMusica(idConcerto,idMusica) Values(18,585667472);
INSERT INTO ConcertoMusica(idConcerto,idMusica) Values(18,585667572);
INSERT INTO ConcertoMusica(idConcerto,idMusica) Values(18,3135560);
INSERT INTO ConcertoMusica(idConcerto,idMusica) Values(18,585667542);
INSERT INTO ConcertoMusica(idConcerto,idMusica) Values(18,585667532);
INSERT INTO ConcertoMusica(idConcerto,idMusica) Values(18,585667522);
INSERT INTO ConcertoMusica(idConcerto,idMusica) Values(18,3135554);
INSERT INTO ConcertoMusica(idConcerto,idMusica) Values(18,67238734);
INSERT INTO ConcertoMusica(idConcerto,idMusica) Values(18,585667512);
INSERT INTO ConcertoMusica(idConcerto,idMusica) Values(18,585667452);
INSERT INTO ConcertoMusica(idConcerto,idMusica) Values(18,3135563);
INSERT INTO ConcertoMusica(idConcerto,idMusica) Values(18,585667462);
INSERT INTO ConcertoMusica(idConcerto,idMusica) Values(18,67238738);
INSERT INTO ConcertoMusica(idConcerto,idMusica) Values(18,585667582);
INSERT INTO ConcertoMusica(idConcerto,idMusica) Values(18,585667482);
INSERT INTO ConcertoMusica(idConcerto,idMusica) Values(18,67238731);
INSERT INTO ConcertoMusica(idConcerto,idMusica) Values(18,585667502);
INSERT INTO ConcertoMusica(idConcerto,idMusica) Values(18,67238736);
INSERT INTO ConcertoMusica(idConcerto,idMusica) Values(18,67238728);
INSERT INTO ConcertoMusica(idConcerto,idMusica) Values(18,67238732);
INSERT INTO ConcertoMusica(idConcerto,idMusica) Values(19,107471922);
INSERT INTO ConcertoMusica(idConcerto,idMusica) Values(19,384157651);
INSERT INTO ConcertoMusica(idConcerto,idMusica) Values(19,384157691);
INSERT INTO ConcertoMusica(idConcerto,idMusica) Values(19,568147792);
INSERT INTO ConcertoMusica(idConcerto,idMusica) Values(19,107471940);
INSERT INTO ConcertoMusica(idConcerto,idMusica) Values(19,568147762);
INSERT INTO ConcertoMusica(idConcerto,idMusica) Values(19,568147782);
INSERT INTO ConcertoMusica(idConcerto,idMusica) Values(19,384157591);
INSERT INTO ConcertoMusica(idConcerto,idMusica) Values(19,681009662);
INSERT INTO ConcertoMusica(idConcerto,idMusica) Values(19,384157681);
INSERT INTO ConcertoMusica(idConcerto,idMusica) Values(19,384157641);
INSERT INTO ConcertoMusica(idConcerto,idMusica) Values(19,681009692);
INSERT INTO ConcertoMusica(idConcerto,idMusica) Values(19,568147812);
INSERT INTO ConcertoMusica(idConcerto,idMusica) Values(19,681009672);
INSERT INTO ConcertoMusica(idConcerto,idMusica) Values(19,681009702);
INSERT INTO ConcertoMusica(idConcerto,idMusica) Values(19,384157611);
INSERT INTO ConcertoMusica(idConcerto,idMusica) Values(19,568147772);
INSERT INTO ConcertoMusica(idConcerto,idMusica) Values(19,107471934);
INSERT INTO ConcertoMusica(idConcerto,idMusica) Values(19,384157671);
INSERT INTO ConcertoMusica(idConcerto,idMusica) Values(19,568147752);
INSERT INTO ConcertoMusica(idConcerto,idMusica) Values(19,107471930);
INSERT INTO ConcertoMusica(idConcerto,idMusica) Values(19,107471920);
INSERT INTO ConcertoMusica(idConcerto,idMusica) Values(19,384157561);
INSERT INTO ConcertoMusica(idConcerto,idMusica) Values(19,681009682);
INSERT INTO ConcertoMusica(idConcerto,idMusica) Values(19,384157661);
INSERT INTO ConcertoMusica(idConcerto,idMusica) Values(19,568147742);
INSERT INTO ConcertoMusica(idConcerto,idMusica) Values(19,384157621);
INSERT INTO ConcertoMusica(idConcerto,idMusica) Values(19,681009722);
INSERT INTO ConcertoMusica(idConcerto,idMusica) Values(20,568147712);
INSERT INTO ConcertoMusica(idConcerto,idMusica) Values(20,568147732);
INSERT INTO ConcertoMusica(idConcerto,idMusica) Values(20,13459066);
INSERT INTO ConcertoMusica(idConcerto,idMusica) Values(20,9997012);
INSERT INTO ConcertoMusica(idConcerto,idMusica) Values(21,13459072);
INSERT INTO ConcertoMusica(idConcerto,idMusica) Values(21,384157631);
INSERT INTO ConcertoMusica(idConcerto,idMusica) Values(21,9997008);
INSERT INTO ConcertoMusica(idConcerto,idMusica) Values(21,384157621);
INSERT INTO ConcertoMusica(idConcerto,idMusica) Values(21,12209321);
INSERT INTO ConcertoMusica(idConcerto,idMusica) Values(21,681009652);
INSERT INTO ConcertoMusica(idConcerto,idMusica) Values(21,785411472);
INSERT INTO ConcertoMusica(idConcerto,idMusica) Values(21,126772745);
INSERT INTO ConcertoMusica(idConcerto,idMusica) Values(21,126772755);
INSERT INTO ConcertoMusica(idConcerto,idMusica) Values(21,13459064);
INSERT INTO ConcertoMusica(idConcerto,idMusica) Values(21,785411542);
INSERT INTO ConcertoMusica(idConcerto,idMusica) Values(21,785411522);
INSERT INTO ConcertoMusica(idConcerto,idMusica) Values(21,126772735);
INSERT INTO ConcertoMusica(idConcerto,idMusica) Values(21,384157661);
INSERT INTO ConcertoMusica(idConcerto,idMusica) Values(21,12209324);
INSERT INTO ConcertoMusica(idConcerto,idMusica) Values(21,384157561);
INSERT INTO ConcertoMusica(idConcerto,idMusica) Values(21,13459065);
INSERT INTO ConcertoMusica(idConcerto,idMusica) Values(21,384157681);
INSERT INTO ConcertoMusica(idConcerto,idMusica) Values(21,681009682);
INSERT INTO ConcertoMusica(idConcerto,idMusica) Values(22,126772759);
INSERT INTO ConcertoMusica(idConcerto,idMusica) Values(22,126772767);
INSERT INTO ConcertoMusica(idConcerto,idMusica) Values(23,74617609);
INSERT INTO ConcertoMusica(idConcerto,idMusica) Values(23,74617613);
INSERT INTO ConcertoMusica(idConcerto,idMusica) Values(23,74617608);
INSERT INTO ConcertoMusica(idConcerto,idMusica) Values(23,74617612);
INSERT INTO ConcertoMusica(idConcerto,idMusica) Values(23,74617614);
INSERT INTO ConcertoMusica(idConcerto,idMusica) Values(24,681009702);
INSERT INTO ConcertoMusica(idConcerto,idMusica) Values(24,74617610);
INSERT INTO ConcertoMusica(idConcerto,idMusica) Values(24,384157581);
INSERT INTO ConcertoMusica(idConcerto,idMusica) Values(24,681009732);
INSERT INTO ConcertoMusica(idConcerto,idMusica) Values(24,384157621);
INSERT INTO ConcertoMusica(idConcerto,idMusica) Values(24,384157611);
INSERT INTO ConcertoMusica(idConcerto,idMusica) Values(25,116348604);
INSERT INTO ConcertoMusica(idConcerto,idMusica) Values(25,116348476);
INSERT INTO ConcertoMusica(idConcerto,idMusica) Values(25,116348614);
INSERT INTO ConcertoMusica(idConcerto,idMusica) Values(25,116348652);
INSERT INTO ConcertoMusica(idConcerto,idMusica) Values(25,116348624);
INSERT INTO ConcertoMusica(idConcerto,idMusica) Values(25,116348470);
INSERT INTO ConcertoMusica(idConcerto,idMusica) Values(25,116348668);
INSERT INTO ConcertoMusica(idConcerto,idMusica) Values(25,116348666);
INSERT INTO ConcertoMusica(idConcerto,idMusica) Values(25,116348606);
INSERT INTO ConcertoMusica(idConcerto,idMusica) Values(25,116348630);
INSERT INTO ConcertoMusica(idConcerto,idMusica) Values(25,116348462);
INSERT INTO ConcertoMusica(idConcerto,idMusica) Values(25,116348596);
INSERT INTO ConcertoMusica(idConcerto,idMusica) Values(25,116348610);
INSERT INTO ConcertoMusica(idConcerto,idMusica) Values(25,116348456);
INSERT INTO ConcertoMusica(idConcerto,idMusica) Values(25,116348600);
INSERT INTO ConcertoMusica(idConcerto,idMusica) Values(25,116348482);
INSERT INTO ConcertoMusica(idConcerto,idMusica) Values(25,116348650);
INSERT INTO ConcertoMusica(idConcerto,idMusica) Values(25,116348468);
INSERT INTO ConcertoMusica(idConcerto,idMusica) Values(25,116348656);
INSERT INTO ConcertoMusica(idConcerto,idMusica) Values(25,116348464);
INSERT INTO ConcertoMusica(idConcerto,idMusica) Values(25,116348660);
INSERT INTO ConcertoMusica(idConcerto,idMusica) Values(25,116348592);
INSERT INTO ConcertoMusica(idConcerto,idMusica) Values(25,116348480);
INSERT INTO ConcertoMusica(idConcerto,idMusica) Values(25,116348594);
INSERT INTO ConcertoMusica(idConcerto,idMusica) Values(25,116348608);
INSERT INTO ConcertoMusica(idConcerto,idMusica) Values(25,116348664);
INSERT INTO ConcertoMusica(idConcerto,idMusica) Values(25,116348616);
INSERT INTO ConcertoMusica(idConcerto,idMusica) Values(25,116348458);
INSERT INTO ConcertoMusica(idConcerto,idMusica) Values(25,116348646);
INSERT INTO ConcertoMusica(idConcerto,idMusica) Values(25,116348632);
INSERT INTO ConcertoMusica(idConcerto,idMusica) Values(25,116348620);
INSERT INTO ConcertoMusica(idConcerto,idMusica) Values(25,116348662);
INSERT INTO ConcertoMusica(idConcerto,idMusica) Values(25,116348618);
INSERT INTO ConcertoMusica(idConcerto,idMusica) Values(25,116348460);
INSERT INTO ConcertoMusica(idConcerto,idMusica) Values(25,116348472);
INSERT INTO ConcertoMusica(idConcerto,idMusica) Values(25,116348628);
INSERT INTO ConcertoMusica(idConcerto,idMusica) Values(25,116348454);
INSERT INTO ConcertoMusica(idConcerto,idMusica) Values(25,116348644);
INSERT INTO ConcertoMusica(idConcerto,idMusica) Values(25,116348638);
INSERT INTO ConcertoMusica(idConcerto,idMusica) Values(25,116348478);
INSERT INTO ConcertoMusica(idConcerto,idMusica) Values(25,116348654);
INSERT INTO ConcertoMusica(idConcerto,idMusica) Values(25,116348602);
INSERT INTO ConcertoMusica(idConcerto,idMusica) Values(25,116348636);
INSERT INTO ConcertoMusica(idConcerto,idMusica) Values(25,116348598);
INSERT INTO ConcertoMusica(idConcerto,idMusica) Values(25,116348484);
INSERT INTO ConcertoMusica(idConcerto,idMusica) Values(25,116348640);
INSERT INTO ConcertoMusica(idConcerto,idMusica) Values(27,126772749);
INSERT INTO ConcertoMusica(idConcerto,idMusica) Values(27,126772767);
INSERT INTO ConcertoMusica(idConcerto,idMusica) Values(27,126772759);
INSERT INTO ConcertoMusica(idConcerto,idMusica) Values(27,785411482);
INSERT INTO ConcertoMusica(idConcerto,idMusica) Values(27,126772739);
INSERT INTO ConcertoMusica(idConcerto,idMusica) Values(27,126772753);
INSERT INTO ConcertoMusica(idConcerto,idMusica) Values(27,126772741);
INSERT INTO ConcertoMusica(idConcerto,idMusica) Values(27,785411472);
INSERT INTO ConcertoMusica(idConcerto,idMusica) Values(27,126772755);
INSERT INTO ConcertoMusica(idConcerto,idMusica) Values(27,126772735);
INSERT INTO ConcertoMusica(idConcerto,idMusica) Values(27,126772763);
INSERT INTO ConcertoMusica(idConcerto,idMusica) Values(27,785411552);
INSERT INTO ConcertoMusica(idConcerto,idMusica) Values(27,785411542);
INSERT INTO ConcertoMusica(idConcerto,idMusica) Values(27,126772761);
INSERT INTO ConcertoMusica(idConcerto,idMusica) Values(27,126772747);
INSERT INTO ConcertoMusica(idConcerto,idMusica) Values(27,126772751);
INSERT INTO ConcertoMusica(idConcerto,idMusica) Values(27,785411512);
INSERT INTO ConcertoMusica(idConcerto,idMusica) Values(27,126772729);
INSERT INTO ConcertoMusica(idConcerto,idMusica) Values(27,126772737);
INSERT INTO ConcertoMusica(idConcerto,idMusica) Values(27,785411522);
INSERT INTO ConcertoMusica(idConcerto,idMusica) Values(27,126772731);
INSERT INTO ConcertoMusica(idConcerto,idMusica) Values(28,116348468);
INSERT INTO ConcertoMusica(idConcerto,idMusica) Values(28,116348636);
INSERT INTO ConcertoMusica(idConcerto,idMusica) Values(28,116348642);
INSERT INTO ConcertoMusica(idConcerto,idMusica) Values(28,116348662);
INSERT INTO ConcertoMusica(idConcerto,idMusica) Values(28,116348650);
INSERT INTO ConcertoMusica(idConcerto,idMusica) Values(28,116348660);
INSERT INTO ConcertoMusica(idConcerto,idMusica) Values(28,116348632);
INSERT INTO ConcertoMusica(idConcerto,idMusica) Values(28,116348592);
INSERT INTO ConcertoMusica(idConcerto,idMusica) Values(28,116348608);
INSERT INTO ConcertoMusica(idConcerto,idMusica) Values(28,116348626);
INSERT INTO ConcertoMusica(idConcerto,idMusica) Values(28,116348620);
INSERT INTO ConcertoMusica(idConcerto,idMusica) Values(28,116348470);
INSERT INTO ConcertoMusica(idConcerto,idMusica) Values(28,116348612);
INSERT INTO ConcertoMusica(idConcerto,idMusica) Values(28,116348594);
INSERT INTO ConcertoMusica(idConcerto,idMusica) Values(28,116348622);
INSERT INTO ConcertoMusica(idConcerto,idMusica) Values(28,727379302);
INSERT INTO ConcertoMusica(idConcerto,idMusica) Values(28,116348462);
INSERT INTO ConcertoMusica(idConcerto,idMusica) Values(28,116348644);
INSERT INTO ConcertoMusica(idConcerto,idMusica) Values(28,116348654);
INSERT INTO ConcertoMusica(idConcerto,idMusica) Values(28,116348478);
INSERT INTO ConcertoMusica(idConcerto,idMusica) Values(28,116348648);
INSERT INTO ConcertoMusica(idConcerto,idMusica) Values(28,116348630);
INSERT INTO ConcertoMusica(idConcerto,idMusica) Values(28,116348466);
INSERT INTO ConcertoMusica(idConcerto,idMusica) Values(28,116348628);
INSERT INTO ConcertoMusica(idConcerto,idMusica) Values(28,116348658);
INSERT INTO ConcertoMusica(idConcerto,idMusica) Values(28,116348624);
INSERT INTO ConcertoMusica(idConcerto,idMusica) Values(28,116348480);
INSERT INTO ConcertoMusica(idConcerto,idMusica) Values(28,116348610);
INSERT INTO ConcertoMusica(idConcerto,idMusica) Values(28,10064648);
INSERT INTO ConcertoMusica(idConcerto,idMusica) Values(28,116348652);
INSERT INTO ConcertoMusica(idConcerto,idMusica) Values(28,116348460);
INSERT INTO ConcertoMusica(idConcerto,idMusica) Values(28,10064647);
INSERT INTO ConcertoMusica(idConcerto,idMusica) Values(28,116348472);
INSERT INTO ConcertoMusica(idConcerto,idMusica) Values(28,116348598);
INSERT INTO ConcertoMusica(idConcerto,idMusica) Values(28,116348656);
INSERT INTO ConcertoMusica(idConcerto,idMusica) Values(28,116348452);
INSERT INTO ConcertoMusica(idConcerto,idMusica) Values(28,116348604);
INSERT INTO ConcertoMusica(idConcerto,idMusica) Values(28,10064651);
INSERT INTO ConcertoMusica(idConcerto,idMusica) Values(28,116348602);
INSERT INTO ConcertoMusica(idConcerto,idMusica) Values(28,116348484);
INSERT INTO ConcertoMusica(idConcerto,idMusica) Values(28,116348454);
INSERT INTO ConcertoMusica(idConcerto,idMusica) Values(28,116348606);
INSERT INTO ConcertoMusica(idConcerto,idMusica) Values(28,116348646);
INSERT INTO ConcertoMusica(idConcerto,idMusica) Values(28,116348456);
INSERT INTO ConcertoMusica(idConcerto,idMusica) Values(29,9997011);
INSERT INTO ConcertoMusica(idConcerto,idMusica) Values(29,9997010);
INSERT INTO ConcertoMusica(idConcerto,idMusica) Values(29,13459067);
INSERT INTO ConcertoMusica(idConcerto,idMusica) Values(29,9997018);
INSERT INTO ConcertoMusica(idConcerto,idMusica) Values(29,12209329);
INSERT INTO ConcertoMusica(idConcerto,idMusica) Values(29,9997017);
INSERT INTO ConcertoMusica(idConcerto,idMusica) Values(29,12209327);
INSERT INTO ConcertoMusica(idConcerto,idMusica) Values(29,12209326);
INSERT INTO ConcertoMusica(idConcerto,idMusica) Values(29,9997016);
INSERT INTO ConcertoMusica(idConcerto,idMusica) Values(29,12209321);
INSERT INTO ConcertoMusica(idConcerto,idMusica) Values(29,9997008);
INSERT INTO ConcertoMusica(idConcerto,idMusica) Values(29,13459070);
INSERT INTO ConcertoMusica(idConcerto,idMusica) Values(29,12209325);
INSERT INTO ConcertoMusica(idConcerto,idMusica) Values(29,9997012);
INSERT INTO ConcertoMusica(idConcerto,idMusica) Values(29,12209320);
INSERT INTO ConcertoMusica(idConcerto,idMusica) Values(29,13459064);
INSERT INTO ConcertoMusica(idConcerto,idMusica) Values(29,9997014);
INSERT INTO ConcertoMusica(idConcerto,idMusica) Values(29,13459066);
INSERT INTO ConcertoMusica(idConcerto,idMusica) Values(29,13459068);
INSERT INTO ConcertoMusica(idConcerto,idMusica) Values(29,13459065);
INSERT INTO ConcertoMusica(idConcerto,idMusica) Values(29,12209328);
INSERT INTO ConcertoMusica(idConcerto,idMusica) Values(29,12209331);
INSERT INTO ConcertoMusica(idConcerto,idMusica) Values(29,9997009);
INSERT INTO ConcertoMusica(idConcerto,idMusica) Values(29,9997013);
INSERT INTO ConcertoMusica(idConcerto,idMusica) Values(29,9997015);
INSERT INTO ConcertoMusica(idConcerto,idMusica) Values(29,13459072);
INSERT INTO ConcertoMusica(idConcerto,idMusica) Values(29,9997019);
INSERT INTO ConcertoMusica(idConcerto,idMusica) Values(29,13459069);
INSERT INTO ConcertoMusica(idConcerto,idMusica) Values(29,13459071);
INSERT INTO ConcertoMusica(idConcerto,idMusica) Values(29,12209323);
INSERT INTO ConcertoMusica(idConcerto,idMusica) Values(29,12209322);
INSERT INTO ConcertoMusica(idConcerto,idMusica) Values(29,12209324);
INSERT INTO ConcertoMusica(idConcerto,idMusica) Values(29,12209332);
INSERT INTO ConcertoMusica(idConcerto,idMusica) Values(29,12209330);
INSERT INTO ConcertoMusica(idConcerto,idMusica) Values(30,62724020);
INSERT INTO ConcertoMusica(idConcerto,idMusica) Values(30,62724017);
INSERT INTO ConcertoMusica(idConcerto,idMusica) Values(31,126772731);
INSERT INTO ConcertoMusica(idConcerto,idMusica) Values(31,681009732);
INSERT INTO ConcertoMusica(idConcerto,idMusica) Values(31,681009702);
INSERT INTO ConcertoMusica(idConcerto,idMusica) Values(31,126772739);
INSERT INTO ConcertoMusica(idConcerto,idMusica) Values(31,681009752);
INSERT INTO ConcertoMusica(idConcerto,idMusica) Values(31,681009662);
INSERT INTO ConcertoMusica(idConcerto,idMusica) Values(33,12209331);
INSERT INTO ConcertoMusica(idConcerto,idMusica) Values(33,9997016);
INSERT INTO ConcertoMusica(idConcerto,idMusica) Values(33,12209332);
INSERT INTO ConcertoMusica(idConcerto,idMusica) Values(33,12209330);
INSERT INTO ConcertoMusica(idConcerto,idMusica) Values(33,12209329);
INSERT INTO ConcertoMusica(idConcerto,idMusica) Values(33,107471920);
INSERT INTO ConcertoMusica(idConcerto,idMusica) Values(33,9997010);
-- Table: GenerosFavoritos
INSERT INTO GenerosFavoritos(idUtilizador,idGenero,numeroOrdem) Values(0,129,1);
INSERT INTO GenerosFavoritos(idUtilizador,idGenero,numeroOrdem) Values(0,152,2);
INSERT INTO GenerosFavoritos(idUtilizador,idGenero,numeroOrdem) Values(0,132,3);
INSERT INTO GenerosFavoritos(idUtilizador,idGenero,numeroOrdem) Values(1,85,1);
INSERT INTO GenerosFavoritos(idUtilizador,idGenero,numeroOrdem) Values(1,152,2);
INSERT INTO GenerosFavoritos(idUtilizador,idGenero,numeroOrdem) Values(1,113,3);
INSERT INTO GenerosFavoritos(idUtilizador,idGenero,numeroOrdem) Values(2,152,1);
INSERT INTO GenerosFavoritos(idUtilizador,idGenero,numeroOrdem) Values(2,132,2);
INSERT INTO GenerosFavoritos(idUtilizador,idGenero,numeroOrdem) Values(2,113,3);
INSERT INTO GenerosFavoritos(idUtilizador,idGenero,numeroOrdem) Values(3,113,1);
INSERT INTO GenerosFavoritos(idUtilizador,idGenero,numeroOrdem) Values(3,85,2);
INSERT INTO GenerosFavoritos(idUtilizador,idGenero,numeroOrdem) Values(3,116,3);
INSERT INTO GenerosFavoritos(idUtilizador,idGenero,numeroOrdem) Values(4,85,1);
INSERT INTO GenerosFavoritos(idUtilizador,idGenero,numeroOrdem) Values(4,116,2);
INSERT INTO GenerosFavoritos(idUtilizador,idGenero,numeroOrdem) Values(4,129,3);
INSERT INTO GenerosFavoritos(idUtilizador,idGenero,numeroOrdem) Values(5,129,1);
INSERT INTO GenerosFavoritos(idUtilizador,idGenero,numeroOrdem) Values(5,113,2);
INSERT INTO GenerosFavoritos(idUtilizador,idGenero,numeroOrdem) Values(5,152,3);
INSERT INTO GenerosFavoritos(idUtilizador,idGenero,numeroOrdem) Values(6,132,1);
INSERT INTO GenerosFavoritos(idUtilizador,idGenero,numeroOrdem) Values(6,116,2);
INSERT INTO GenerosFavoritos(idUtilizador,idGenero,numeroOrdem) Values(6,85,3);
INSERT INTO GenerosFavoritos(idUtilizador,idGenero,numeroOrdem) Values(7,129,1);
INSERT INTO GenerosFavoritos(idUtilizador,idGenero,numeroOrdem) Values(7,113,2);
INSERT INTO GenerosFavoritos(idUtilizador,idGenero,numeroOrdem) Values(7,152,3);
INSERT INTO GenerosFavoritos(idUtilizador,idGenero,numeroOrdem) Values(8,85,1);
INSERT INTO GenerosFavoritos(idUtilizador,idGenero,numeroOrdem) Values(8,132,2);
INSERT INTO GenerosFavoritos(idUtilizador,idGenero,numeroOrdem) Values(8,116,3);
INSERT INTO GenerosFavoritos(idUtilizador,idGenero,numeroOrdem) Values(9,85,1);
INSERT INTO GenerosFavoritos(idUtilizador,idGenero,numeroOrdem) Values(9,152,2);
INSERT INTO GenerosFavoritos(idUtilizador,idGenero,numeroOrdem) Values(9,132,3);
INSERT INTO GenerosFavoritos(idUtilizador,idGenero,numeroOrdem) Values(10,85,1);
INSERT INTO GenerosFavoritos(idUtilizador,idGenero,numeroOrdem) Values(10,129,2);
INSERT INTO GenerosFavoritos(idUtilizador,idGenero,numeroOrdem) Values(10,152,3);
INSERT INTO GenerosFavoritos(idUtilizador,idGenero,numeroOrdem) Values(11,116,1);
INSERT INTO GenerosFavoritos(idUtilizador,idGenero,numeroOrdem) Values(11,152,2);
INSERT INTO GenerosFavoritos(idUtilizador,idGenero,numeroOrdem) Values(11,129,3);
INSERT INTO GenerosFavoritos(idUtilizador,idGenero,numeroOrdem) Values(12,113,1);
INSERT INTO GenerosFavoritos(idUtilizador,idGenero,numeroOrdem) Values(12,116,2);
INSERT INTO GenerosFavoritos(idUtilizador,idGenero,numeroOrdem) Values(12,152,3);
INSERT INTO GenerosFavoritos(idUtilizador,idGenero,numeroOrdem) Values(13,152,1);
INSERT INTO GenerosFavoritos(idUtilizador,idGenero,numeroOrdem) Values(13,113,2);
INSERT INTO GenerosFavoritos(idUtilizador,idGenero,numeroOrdem) Values(13,116,3);
INSERT INTO GenerosFavoritos(idUtilizador,idGenero,numeroOrdem) Values(14,85,1);
INSERT INTO GenerosFavoritos(idUtilizador,idGenero,numeroOrdem) Values(14,152,2);
INSERT INTO GenerosFavoritos(idUtilizador,idGenero,numeroOrdem) Values(14,116,3);
INSERT INTO GenerosFavoritos(idUtilizador,idGenero,numeroOrdem) Values(15,152,1);
INSERT INTO GenerosFavoritos(idUtilizador,idGenero,numeroOrdem) Values(15,113,2);
INSERT INTO GenerosFavoritos(idUtilizador,idGenero,numeroOrdem) Values(15,132,3);
INSERT INTO GenerosFavoritos(idUtilizador,idGenero,numeroOrdem) Values(16,116,1);
INSERT INTO GenerosFavoritos(idUtilizador,idGenero,numeroOrdem) Values(16,85,2);
INSERT INTO GenerosFavoritos(idUtilizador,idGenero,numeroOrdem) Values(16,132,3);
INSERT INTO GenerosFavoritos(idUtilizador,idGenero,numeroOrdem) Values(17,129,1);
INSERT INTO GenerosFavoritos(idUtilizador,idGenero,numeroOrdem) Values(17,85,2);
INSERT INTO GenerosFavoritos(idUtilizador,idGenero,numeroOrdem) Values(17,116,3);
INSERT INTO GenerosFavoritos(idUtilizador,idGenero,numeroOrdem) Values(18,129,1);
INSERT INTO GenerosFavoritos(idUtilizador,idGenero,numeroOrdem) Values(18,85,2);
INSERT INTO GenerosFavoritos(idUtilizador,idGenero,numeroOrdem) Values(18,132,3);
INSERT INTO GenerosFavoritos(idUtilizador,idGenero,numeroOrdem) Values(19,116,1);
INSERT INTO GenerosFavoritos(idUtilizador,idGenero,numeroOrdem) Values(19,152,2);
INSERT INTO GenerosFavoritos(idUtilizador,idGenero,numeroOrdem) Values(19,113,3);
INSERT INTO GenerosFavoritos(idUtilizador,idGenero,numeroOrdem) Values(20,132,1);
INSERT INTO GenerosFavoritos(idUtilizador,idGenero,numeroOrdem) Values(20,116,2);
INSERT INTO GenerosFavoritos(idUtilizador,idGenero,numeroOrdem) Values(20,152,3);
INSERT INTO GenerosFavoritos(idUtilizador,idGenero,numeroOrdem) Values(21,132,1);
INSERT INTO GenerosFavoritos(idUtilizador,idGenero,numeroOrdem) Values(21,113,2);
INSERT INTO GenerosFavoritos(idUtilizador,idGenero,numeroOrdem) Values(21,85,3);
INSERT INTO GenerosFavoritos(idUtilizador,idGenero,numeroOrdem) Values(22,132,1);
INSERT INTO GenerosFavoritos(idUtilizador,idGenero,numeroOrdem) Values(22,129,2);
INSERT INTO GenerosFavoritos(idUtilizador,idGenero,numeroOrdem) Values(22,113,3);
INSERT INTO GenerosFavoritos(idUtilizador,idGenero,numeroOrdem) Values(23,132,1);
INSERT INTO GenerosFavoritos(idUtilizador,idGenero,numeroOrdem) Values(23,85,2);
INSERT INTO GenerosFavoritos(idUtilizador,idGenero,numeroOrdem) Values(23,116,3);
INSERT INTO GenerosFavoritos(idUtilizador,idGenero,numeroOrdem) Values(24,85,1);
INSERT INTO GenerosFavoritos(idUtilizador,idGenero,numeroOrdem) Values(24,152,2);
INSERT INTO GenerosFavoritos(idUtilizador,idGenero,numeroOrdem) Values(24,113,3);
INSERT INTO GenerosFavoritos(idUtilizador,idGenero,numeroOrdem) Values(25,152,1);
INSERT INTO GenerosFavoritos(idUtilizador,idGenero,numeroOrdem) Values(25,129,2);
INSERT INTO GenerosFavoritos(idUtilizador,idGenero,numeroOrdem) Values(25,113,3);
INSERT INTO GenerosFavoritos(idUtilizador,idGenero,numeroOrdem) Values(26,85,1);
INSERT INTO GenerosFavoritos(idUtilizador,idGenero,numeroOrdem) Values(26,129,2);
INSERT INTO GenerosFavoritos(idUtilizador,idGenero,numeroOrdem) Values(26,116,3);
INSERT INTO GenerosFavoritos(idUtilizador,idGenero,numeroOrdem) Values(27,85,1);
INSERT INTO GenerosFavoritos(idUtilizador,idGenero,numeroOrdem) Values(27,116,2);
INSERT INTO GenerosFavoritos(idUtilizador,idGenero,numeroOrdem) Values(27,129,3);
INSERT INTO GenerosFavoritos(idUtilizador,idGenero,numeroOrdem) Values(28,85,1);
INSERT INTO GenerosFavoritos(idUtilizador,idGenero,numeroOrdem) Values(28,132,2);
INSERT INTO GenerosFavoritos(idUtilizador,idGenero,numeroOrdem) Values(28,152,3);
INSERT INTO GenerosFavoritos(idUtilizador,idGenero,numeroOrdem) Values(29,113,1);
INSERT INTO GenerosFavoritos(idUtilizador,idGenero,numeroOrdem) Values(29,85,2);
INSERT INTO GenerosFavoritos(idUtilizador,idGenero,numeroOrdem) Values(29,132,3);
-- Table: BandaArtista
INSERT INTO BandaArtista(idBanda,idArtista) Values(27,100000000);
INSERT INTO BandaArtista(idBanda,idArtista) Values(27,100000001);
INSERT INTO BandaArtista(idBanda,idArtista) Values(1182,1195633);
INSERT INTO BandaArtista(idBanda,idArtista) Values(1182,100000002);
INSERT INTO BandaArtista(idBanda,idArtista) Values(1182,100000003);
INSERT INTO BandaArtista(idBanda,idArtista) Values(1182,100000004);
INSERT INTO BandaArtista(idBanda,idArtista) Values(1,226);
INSERT INTO BandaArtista(idBanda,idArtista) Values(1,1446);
INSERT INTO BandaArtista(idBanda,idArtista) Values(1,100000005);
INSERT INTO BandaArtista(idBanda,idArtista) Values(1,100000006);
