PRAGMA foreign_keys = ON;
-- Table: Videoclip
INSERT INTO Videoclip(id,url,localFilmagem,duracao) Values(0,'https://www.youtube.com/watch?v=FGBhQbmPwH8','Bosnia and Herzegovina',362830980
);
INSERT INTO Videoclip(id,url,localFilmagem,duracao) Values(1,'https://www.youtube.com/watch?v=Mjpu0-o9iek','Ireland',4620689
);
INSERT INTO Videoclip(id,url,localFilmagem,duracao) Values(2,'https://www.youtube.com/watch?v=4whD6uAryMs','Sweden',8706439
);
INSERT INTO Videoclip(id,url,localFilmagem,duracao) Values(3,'https://www.youtube.com/watch?v=yydNF8tuVmU','Sweden',30372665
);
INSERT INTO Videoclip(id,url,localFilmagem,duracao) Values(4,'https://www.youtube.com/watch?v=oor2uIqys8M','Armenia',2697181
);
INSERT INTO Videoclip(id,url,localFilmagem,duracao) Values(5,'https://www.youtube.com/watch?v=xBTqRd09y3E','Malta',7050602
);
INSERT INTO Videoclip(id,url,localFilmagem,duracao) Values(6,'https://www.youtube.com/watch?v=WIm1GgfRz6M','Cyprus',210287813
);
INSERT INTO Videoclip(id,url,localFilmagem,duracao) Values(7,'https://www.youtube.com/watch?v=wFju8uVDpek','Belgium',6791557
);
INSERT INTO Videoclip(id,url,localFilmagem,duracao) Values(8,'https://www.youtube.com/watch?v=sOS9aOIXPEk','Italy',63704087
);
INSERT INTO Videoclip(id,url,localFilmagem,duracao) Values(9,'https://www.youtube.com/watch?v=UlqBWJy3v1s','Belarus',751009
);
INSERT INTO Videoclip(id,url,localFilmagem,duracao) Values(10,'https://www.youtube.com/watch?v=HhZaHf8RP6g','Armenia',22114584
);
INSERT INTO Videoclip(id,url,localFilmagem,duracao) Values(11,'NONE','Luxembourg',0);
INSERT INTO Videoclip(id,url,localFilmagem,duracao) Values(12,'https://www.youtube.com/watch?v=PUtwhfvOvgI','Azerbaijan',120373
);
INSERT INTO Videoclip(id,url,localFilmagem,duracao) Values(13,'https://www.youtube.com/watch?v=ROF4uNjrB4U','Croatia',2789652
);
INSERT INTO Videoclip(id,url,localFilmagem,duracao) Values(14,'https://www.youtube.com/watch?v=IluRBvnYMoY','Portugal',22887801
);
INSERT INTO Videoclip(id,url,localFilmagem,duracao) Values(15,'https://www.youtube.com/watch?v=HKLnmMacEB4','Iceland',45686791
);
INSERT INTO Videoclip(id,url,localFilmagem,duracao) Values(16,'https://www.youtube.com/watch?v=zhl-Cs1-sG4','Czech Republic',28243254
);
INSERT INTO Videoclip(id,url,localFilmagem,duracao) Values(17,'https://www.youtube.com/watch?v=cuj__JnGWLg','Portugal',7480219
);
INSERT INTO Videoclip(id,url,localFilmagem,duracao) Values(18,'https://www.youtube.com/watch?v=a5uQMwRMHcs','Hungary',509234396
);
INSERT INTO Videoclip(id,url,localFilmagem,duracao) Values(19,'https://www.youtube.com/watch?v=NF-kLy44Hls','Monaco',180449449
);
INSERT INTO Videoclip(id,url,localFilmagem,duracao) Values(20,'https://www.youtube.com/watch?v=0Gkhol2Q1og','Macedonia',12170110
);
INSERT INTO Videoclip(id,url,localFilmagem,duracao) Values(21,'https://www.youtube.com/watch?v=5NV6Rdv1a3I','Portugal',605204914
);
INSERT INTO Videoclip(id,url,localFilmagem,duracao) Values(22,'NONE','Armenia',0);
INSERT INTO Videoclip(id,url,localFilmagem,duracao) Values(23,'NONE','Lithuania',0);
INSERT INTO Videoclip(id,url,localFilmagem,duracao) Values(24,'https://www.youtube.com/watch?v=_ScM9pKlCfo','Croatia',6524997
);
INSERT INTO Videoclip(id,url,localFilmagem,duracao) Values(25,'https://www.youtube.com/watch?v=LL-gyhZVvx0','Lithuania',16780068
);
INSERT INTO Videoclip(id,url,localFilmagem,duracao) Values(26,'https://www.youtube.com/watch?v=xikQkSdt9fI','Switzerland',21857088
);
INSERT INTO Videoclip(id,url,localFilmagem,duracao) Values(27,'https://www.youtube.com/watch?v=5NV6Rdv1a3I','Slovenia',605204914
);
INSERT INTO Videoclip(id,url,localFilmagem,duracao) Values(28,'https://www.youtube.com/watch?v=bpOSxM0rNPM','Georgia',1263218547
);
INSERT INTO Videoclip(id,url,localFilmagem,duracao) Values(29,'https://www.youtube.com/watch?v=ngzC_8zqInk','Montenegro',67249968
);
INSERT INTO Videoclip(id,url,localFilmagem,duracao) Values(30,'https://www.youtube.com/watch?v=qN7gSMPQFss','Bosnia and Herzegovina',47252328
);
INSERT INTO Videoclip(id,url,localFilmagem,duracao) Values(31,'https://www.youtube.com/watch?v=Jn6-TItCazo','Switzerland',91613549
);
INSERT INTO Videoclip(id,url,localFilmagem,duracao) Values(32,'https://www.youtube.com/watch?v=hFDcoX7s6rE','Sweden',89748514
);
INSERT INTO Videoclip(id,url,localFilmagem,duracao) Values(33,'https://www.youtube.com/watch?v=mGUjVbsYG6E','Malta',8059003
);
INSERT INTO Videoclip(id,url,localFilmagem,duracao) Values(34,'https://www.youtube.com/watch?v=up5DEICL_Q0','Romania',2774361
);
INSERT INTO Videoclip(id,url,localFilmagem,duracao) Values(35,'https://www.youtube.com/watch?v=8-LewaeKejM','Sweden',4346749
);
INSERT INTO Videoclip(id,url,localFilmagem,duracao) Values(36,'https://www.youtube.com/watch?v=6366dxFf-Os','Slovenia',129116453
);
INSERT INTO Videoclip(id,url,localFilmagem,duracao) Values(37,'https://www.youtube.com/watch?v=1_O_T6Aq85E','Denmark',46845935
);
INSERT INTO Videoclip(id,url,localFilmagem,duracao) Values(38,'https://www.youtube.com/watch?v=lyO-Sveg6a8','Malta',45096337
);
INSERT INTO Videoclip(id,url,localFilmagem,duracao) Values(39,'https://www.youtube.com/watch?v=nyuo9-OjNNg','Austria',56856513
);
INSERT INTO Videoclip(id,url,localFilmagem,duracao) Values(40,'https://www.youtube.com/watch?v=30w8DyEJ__0','Portugal',58318415
);
INSERT INTO Videoclip(id,url,localFilmagem,duracao) Values(41,'https://www.youtube.com/watch?v=VredAgNScOw','Andorra',5284811
);
INSERT INTO Videoclip(id,url,localFilmagem,duracao) Values(42,'https://www.youtube.com/watch?v=0w6WlfdPSms','Azerbaijan',2438219
);
INSERT INTO Videoclip(id,url,localFilmagem,duracao) Values(43,'https://www.youtube.com/watch?v=GeyA2L5LNBk','Cyprus',3101992
);
INSERT INTO Videoclip(id,url,localFilmagem,duracao) Values(44,'https://www.youtube.com/watch?v=ma9I9VBKPiw','Greece',139847081
);
INSERT INTO Videoclip(id,url,localFilmagem,duracao) Values(45,'https://www.youtube.com/watch?v=3htnUhv4lOM','Malta',2202406
);
INSERT INTO Videoclip(id,url,localFilmagem,duracao) Values(46,'https://www.youtube.com/watch?v=MaFEHf34fCQ','Hungary',7772637
);
INSERT INTO Videoclip(id,url,localFilmagem,duracao) Values(47,'https://www.youtube.com/watch?v=anw6Gyh_ahU','Netherlands',1959565
);
INSERT INTO Videoclip(id,url,localFilmagem,duracao) Values(48,'https://www.youtube.com/watch?v=wU0UbTDxABI','Monaco',3394337
);
INSERT INTO Videoclip(id,url,localFilmagem,duracao) Values(49,'https://www.youtube.com/watch?v=hxiwUOsnVh0','Serbia',1141473
);
INSERT INTO Videoclip(id,url,localFilmagem,duracao) Values(50,'https://www.youtube.com/watch?v=NgLWF2XJyKA','Russia',8888877
);
INSERT INTO Videoclip(id,url,localFilmagem,duracao) Values(51,'https://www.youtube.com/watch?v=qU9mHegkTc4','Luxembourg',127672572
);
INSERT INTO Videoclip(id,url,localFilmagem,duracao) Values(52,'https://www.youtube.com/watch?v=PeQAZsyucbQ','Macedonia',13659797
);
INSERT INTO Videoclip(id,url,localFilmagem,duracao) Values(53,'https://www.youtube.com/watch?v=CYpn8yUnX_c','Turkey',12183884
);
INSERT INTO Videoclip(id,url,localFilmagem,duracao) Values(54,'https://www.youtube.com/watch?v=rMIGONn-Gxk','Cyprus',2144986
);
INSERT INTO Videoclip(id,url,localFilmagem,duracao) Values(55,'https://www.youtube.com/watch?v=25xNOeXvQLY','Italy',1909110
);
INSERT INTO Videoclip(id,url,localFilmagem,duracao) Values(56,'https://www.youtube.com/watch?v=cfetybygLkk','Germany',1277258
);
INSERT INTO Videoclip(id,url,localFilmagem,duracao) Values(57,'https://www.youtube.com/watch?v=FKPKSK1nCKY','Italy',3797497
);
INSERT INTO Videoclip(id,url,localFilmagem,duracao) Values(58,'https://www.youtube.com/watch?v=a62FZZa3fjE','Macedonia',1313346
);
INSERT INTO Videoclip(id,url,localFilmagem,duracao) Values(59,'https://www.youtube.com/watch?v=u8PjGQLO9mI','Croatia',1292369
);
INSERT INTO Videoclip(id,url,localFilmagem,duracao) Values(60,'https://www.youtube.com/watch?v=dO368WjwyFs','Portugal',15852002
);
INSERT INTO Videoclip(id,url,localFilmagem,duracao) Values(61,'https://www.youtube.com/watch?v=53y82WWjea0','Croatia',1410442
);
INSERT INTO Videoclip(id,url,localFilmagem,duracao) Values(62,'https://www.youtube.com/watch?v=EqkBRVukQmE','Turkey',45789908
);
INSERT INTO Videoclip(id,url,localFilmagem,duracao) Values(63,'https://www.youtube.com/watch?v=H8bNHRVwzyA','Macedonia',6183767
);
INSERT INTO Videoclip(id,url,localFilmagem,duracao) Values(64,'https://www.youtube.com/watch?v=zMupng6KQeE','Turkey',10381444
);
INSERT INTO Videoclip(id,url,localFilmagem,duracao) Values(65,'https://www.youtube.com/watch?v=TKvzHBdcAdM','Greece',3403231
);
INSERT INTO Videoclip(id,url,localFilmagem,duracao) Values(66,'https://www.youtube.com/watch?v=KpPLr0W_fEk','Ireland',801961
);
INSERT INTO Videoclip(id,url,localFilmagem,duracao) Values(67,'https://www.youtube.com/watch?v=2jogmnbvy0U','Spain',966717
);
INSERT INTO Videoclip(id,url,localFilmagem,duracao) Values(68,'https://www.youtube.com/watch?v=gLildVN4c74','Liechtenstein',727615
);
INSERT INTO Videoclip(id,url,localFilmagem,duracao) Values(69,'https://www.youtube.com/watch?v=TKvzHBdcAdM','Belarus',3403284
);
INSERT INTO Videoclip(id,url,localFilmagem,duracao) Values(70,'https://www.youtube.com/watch?v=GmOxB-gXhs4','Belarus',1381216
);
INSERT INTO Videoclip(id,url,localFilmagem,duracao) Values(71,'https://www.youtube.com/watch?v=Fp1AK7rFnRw','Czech Republic',19133514
);
INSERT INTO Videoclip(id,url,localFilmagem,duracao) Values(72,'https://www.youtube.com/watch?v=NBmLZgB2ovU','Serbia',1501357
);
INSERT INTO Videoclip(id,url,localFilmagem,duracao) Values(73,'https://www.youtube.com/watch?v=HB6JjgEubrk','Andorra',1020732
);
INSERT INTO Videoclip(id,url,localFilmagem,duracao) Values(74,'NONE','Poland',0);
INSERT INTO Videoclip(id,url,localFilmagem,duracao) Values(75,'https://www.youtube.com/watch?v=iAv1Y1YIwm8','Slovakia',4370052
);
INSERT INTO Videoclip(id,url,localFilmagem,duracao) Values(76,'https://www.youtube.com/watch?v=3wVTmlD86a8','Norway',4851639
);
INSERT INTO Videoclip(id,url,localFilmagem,duracao) Values(77,'https://www.youtube.com/watch?v=xsuEd9xpCfM','Albania',2030930
);
INSERT INTO Videoclip(id,url,localFilmagem,duracao) Values(78,'https://www.youtube.com/watch?v=l4jxRfGPmPs','United Kingdom',151344
);
INSERT INTO Videoclip(id,url,localFilmagem,duracao) Values(79,'https://www.youtube.com/watch?v=5kfQsBhmOKs','Portugal',832613
);
INSERT INTO Videoclip(id,url,localFilmagem,duracao) Values(80,'https://www.youtube.com/watch?v=0jtk0fg816w','Cyprus',167358
);
INSERT INTO Videoclip(id,url,localFilmagem,duracao) Values(81,'NONE','Hungary',0);
INSERT INTO Videoclip(id,url,localFilmagem,duracao) Values(82,'https://www.youtube.com/watch?v=Ac5ksZTvZN8','Belarus',2953976
);
INSERT INTO Videoclip(id,url,localFilmagem,duracao) Values(83,'https://www.youtube.com/watch?v=agChvGmTGsg','Cyprus',5109383
);
INSERT INTO Videoclip(id,url,localFilmagem,duracao) Values(84,'https://www.youtube.com/watch?v=ktzHCaaxCBI','Turkey',101993
);
INSERT INTO Videoclip(id,url,localFilmagem,duracao) Values(85,'https://www.youtube.com/watch?v=1XqHlWsMThA','Bulgaria',148644708
);
INSERT INTO Videoclip(id,url,localFilmagem,duracao) Values(86,'https://www.youtube.com/watch?v=XmT6_8ouAIY','Czech Republic',611218
);
INSERT INTO Videoclip(id,url,localFilmagem,duracao) Values(87,'https://www.youtube.com/watch?v=WKvrADnqD-c','Georgia',30672
);
INSERT INTO Videoclip(id,url,localFilmagem,duracao) Values(88,'https://www.youtube.com/watch?v=-J_g6gQgEoQ','Macedonia',13191185
);
INSERT INTO Videoclip(id,url,localFilmagem,duracao) Values(89,'https://www.youtube.com/watch?v=PF_yP7Q0z6k','San Marino',3672005
);
INSERT INTO Videoclip(id,url,localFilmagem,duracao) Values(90,'https://www.youtube.com/watch?v=sYYJ3HCKd-Q','Sweden',32429
);
INSERT INTO Videoclip(id,url,localFilmagem,duracao) Values(91,'https://www.youtube.com/watch?v=5NsBJ9wWoLo','Andorra',82740510
);
INSERT INTO Videoclip(id,url,localFilmagem,duracao) Values(92,'https://www.youtube.com/watch?v=6gXGtmHWpaA','Switzerland',10495460
);
INSERT INTO Videoclip(id,url,localFilmagem,duracao) Values(93,'https://www.youtube.com/watch?v=hfhIhKCHlJ0','Latvia',155936
);
INSERT INTO Videoclip(id,url,localFilmagem,duracao) Values(94,'https://www.youtube.com/watch?v=xmo6-fVh-Mg','Slovenia',49793
);
INSERT INTO Videoclip(id,url,localFilmagem,duracao) Values(95,'https://www.youtube.com/watch?v=Is0QiAY4qi4','Norway',1836657
);
INSERT INTO Videoclip(id,url,localFilmagem,duracao) Values(96,'https://www.youtube.com/watch?v=5ruPwmHMtE4','Ukraine',1452
);
INSERT INTO Videoclip(id,url,localFilmagem,duracao) Values(97,'https://www.youtube.com/watch?v=Kw_KISIUcvQ','Denmark',10335475
);
INSERT INTO Videoclip(id,url,localFilmagem,duracao) Values(98,'https://www.youtube.com/watch?v=zpKoac2P4gk','Belgium',73905284
);
INSERT INTO Videoclip(id,url,localFilmagem,duracao) Values(99,'https://www.youtube.com/watch?v=tM1rSTOs7Zs','Romania',13509601
);
INSERT INTO Videoclip(id,url,localFilmagem,duracao) Values(100,'https://www.youtube.com/watch?v=R33VdH61csM','Georgia',11530
);
INSERT INTO Videoclip(id,url,localFilmagem,duracao) Values(101,'https://www.youtube.com/watch?v=b9-7qjfETXs','San Marino',266310
);
INSERT INTO Videoclip(id,url,localFilmagem,duracao) Values(102,'https://www.youtube.com/watch?v=t4pl079t548','Iceland',1214824
);
INSERT INTO Videoclip(id,url,localFilmagem,duracao) Values(103,'https://www.youtube.com/watch?v=Fj1Y2ZQrMQk','Sweden',44783
);
INSERT INTO Videoclip(id,url,localFilmagem,duracao) Values(104,'https://www.youtube.com/watch?v=T_uvgm2_hRk','Montenegro',2984834
);
INSERT INTO Videoclip(id,url,localFilmagem,duracao) Values(105,'https://www.youtube.com/watch?v=ftst0mGzIv8','France',45542206
);
INSERT INTO Videoclip(id,url,localFilmagem,duracao) Values(106,'https://www.youtube.com/watch?v=LpdJE7HG8Ls','Malta',3520212
);
INSERT INTO Videoclip(id,url,localFilmagem,duracao) Values(107,'https://www.youtube.com/watch?v=90M60PzmxEE','Russia',18469285
);
INSERT INTO Videoclip(id,url,localFilmagem,duracao) Values(108,'https://www.youtube.com/watch?v=seqaTuXkqFI','Turkey',3212974
);
INSERT INTO Videoclip(id,url,localFilmagem,duracao) Values(109,'https://www.youtube.com/watch?v=JcfLL9F4Ieo','Sweden',22724
);
INSERT INTO Videoclip(id,url,localFilmagem,duracao) Values(110,'https://www.youtube.com/watch?v=QDYfEBY9NM4','Montenegro',96519561
);
INSERT INTO Videoclip(id,url,localFilmagem,duracao) Values(111,'https://www.youtube.com/watch?v=tSn1r9--tq4','Czech Republic',1554809
);
INSERT INTO Videoclip(id,url,localFilmagem,duracao) Values(112,'https://www.youtube.com/watch?v=DbKPZd5oihc','Slovakia',5273266
);
INSERT INTO Videoclip(id,url,localFilmagem,duracao) Values(113,'https://www.youtube.com/watch?v=t8UeWjynWvE','Belgium',2226457
);
INSERT INTO Videoclip(id,url,localFilmagem,duracao) Values(114,'https://www.youtube.com/watch?v=fR4HjTH_fTM','Moldova',12725545
);
INSERT INTO Videoclip(id,url,localFilmagem,duracao) Values(115,'https://www.youtube.com/watch?v=TIFHRaZERHg','Germany',1948113
);
INSERT INTO Videoclip(id,url,localFilmagem,duracao) Values(116,'https://www.youtube.com/watch?v=IKJqecxswCA','Andorra',10747645
);
INSERT INTO Videoclip(id,url,localFilmagem,duracao) Values(117,'https://www.youtube.com/watch?v=45cYwDMibGo','Finland',91811607
);
INSERT INTO Videoclip(id,url,localFilmagem,duracao) Values(118,'https://www.youtube.com/watch?v=UelDrZ1aFeY','Denmark',79663696
);
INSERT INTO Videoclip(id,url,localFilmagem,duracao) Values(119,'https://www.youtube.com/watch?v=mJag19WoAe0','Bosnia and Herzegovina',7641488
);
INSERT INTO Videoclip(id,url,localFilmagem,duracao) Values(120,'https://www.youtube.com/watch?v=9BznFjbcBVs','Finland',18887261
);
INSERT INTO Videoclip(id,url,localFilmagem,duracao) Values(121,'https://www.youtube.com/watch?v=De1LCQvbqV4','Netherlands',10939092
);
INSERT INTO Videoclip(id,url,localFilmagem,duracao) Values(122,'https://www.youtube.com/watch?v=tAe2Q_LhY8g','Monaco',23794901
);
INSERT INTO Videoclip(id,url,localFilmagem,duracao) Values(123,'https://www.youtube.com/watch?v=KQetemT1sWc','Hungary',78773185
);
INSERT INTO Videoclip(id,url,localFilmagem,duracao) Values(124,'https://www.youtube.com/watch?v=PEKkdIT8JPM','Russia',29956468
);
INSERT INTO Videoclip(id,url,localFilmagem,duracao) Values(125,'https://www.youtube.com/watch?v=BpndGZ71yww','Belgium',8125320
);
INSERT INTO Videoclip(id,url,localFilmagem,duracao) Values(126,'https://www.youtube.com/watch?v=6bNMxWGHlTI','Bulgaria',3115583
);
INSERT INTO Videoclip(id,url,localFilmagem,duracao) Values(127,'https://www.youtube.com/watch?v=oMarHac3VpQ','Spain',2528411
);
INSERT INTO Videoclip(id,url,localFilmagem,duracao) Values(128,'https://www.youtube.com/watch?v=Cb0dTdTeHMU','Ukraine',2491695
);
INSERT INTO Videoclip(id,url,localFilmagem,duracao) Values(129,'https://www.youtube.com/watch?v=NVv7IzEVf3M','Luxembourg',3236224
);
INSERT INTO Videoclip(id,url,localFilmagem,duracao) Values(130,'https://www.youtube.com/watch?v=AcQjM7gV6mI','Bulgaria',6367388
);
INSERT INTO Videoclip(id,url,localFilmagem,duracao) Values(131,'https://www.youtube.com/watch?v=6B224XDJw6g','Germany',3815323
);
INSERT INTO Videoclip(id,url,localFilmagem,duracao) Values(132,'https://www.youtube.com/watch?v=bB1fhyd5puU','Azerbaijan',1732781
);
INSERT INTO Videoclip(id,url,localFilmagem,duracao) Values(133,'https://www.youtube.com/watch?v=nNV5AO4wWk4','Albania',745215
);
INSERT INTO Videoclip(id,url,localFilmagem,duracao) Values(134,'https://www.youtube.com/watch?v=0pGOFX1D_jg','Finland',18643843
);
INSERT INTO Videoclip(id,url,localFilmagem,duracao) Values(135,'https://www.youtube.com/watch?v=-XTB3bCYMK0','Netherlands',4013610
);
INSERT INTO Videoclip(id,url,localFilmagem,duracao) Values(136,'https://www.youtube.com/watch?v=nGbWU8S3vzs','Croatia',8888979
);
INSERT INTO Videoclip(id,url,localFilmagem,duracao) Values(137,'https://www.youtube.com/watch?v=jenWdylTtzs','Belarus',78039635
);
INSERT INTO Videoclip(id,url,localFilmagem,duracao) Values(138,'https://www.youtube.com/watch?v=srwxJUXPHvE','Germany',23550589
);
INSERT INTO Videoclip(id,url,localFilmagem,duracao) Values(139,'https://www.youtube.com/watch?v=Yjyj8qnqkYI','Bulgaria',26340925
);
INSERT INTO Videoclip(id,url,localFilmagem,duracao) Values(140,'https://www.youtube.com/watch?v=WrAV5EVI4tU','Montenegro',44190416
);
INSERT INTO Videoclip(id,url,localFilmagem,duracao) Values(141,'https://www.youtube.com/watch?v=kle2xHhRHg4','Austria',26102261
);
INSERT INTO Videoclip(id,url,localFilmagem,duracao) Values(142,'https://www.youtube.com/watch?v=SyNt5zm3U_M','Netherlands',48479315
);
INSERT INTO Videoclip(id,url,localFilmagem,duracao) Values(143,'https://www.youtube.com/watch?v=2Q_ZzBGPdqE','Italy',99837852
);
INSERT INTO Videoclip(id,url,localFilmagem,duracao) Values(144,'https://www.youtube.com/watch?v=NrgmdOz227I','Belgium',33120900
);
INSERT INTO Videoclip(id,url,localFilmagem,duracao) Values(145,'https://www.youtube.com/watch?v=2IbPn5j2YKk','Greece',9739717
);
INSERT INTO Videoclip(id,url,localFilmagem,duracao) Values(146,'https://www.youtube.com/watch?v=Qyclqo_AV2M','Andorra',107799604
);
INSERT INTO Videoclip(id,url,localFilmagem,duracao) Values(147,'https://www.youtube.com/watch?v=yYvkICbTZIQ','Austria',31319141
);
INSERT INTO Videoclip(id,url,localFilmagem,duracao) Values(148,'https://www.youtube.com/watch?v=m2uTFF_3MaA','Slovenia',76903909
);
INSERT INTO Videoclip(id,url,localFilmagem,duracao) Values(149,'https://www.youtube.com/watch?v=HuS5NuXRb5Y','Croatia',57099994
);
INSERT INTO Videoclip(id,url,localFilmagem,duracao) Values(150,'https://www.youtube.com/watch?v=S-rB0pHI9fU','San Marino',108540947
);
INSERT INTO Videoclip(id,url,localFilmagem,duracao) Values(151,'https://www.youtube.com/watch?v=_7xMfIp-irg','Cyprus',9551349
);
INSERT INTO Videoclip(id,url,localFilmagem,duracao) Values(152,'https://www.youtube.com/watch?v=rblYSKz_VnI','Norway',132270149
);
INSERT INTO Videoclip(id,url,localFilmagem,duracao) Values(153,'https://www.youtube.com/watch?v=uLRiGX3L-kw','Czech Republic',16245632
);
INSERT INTO Videoclip(id,url,localFilmagem,duracao) Values(154,'https://www.youtube.com/watch?v=A_MjCqQoLLA','Iceland',298035759
);
INSERT INTO Videoclip(id,url,localFilmagem,duracao) Values(155,'https://www.youtube.com/watch?v=IKJqecxswCA','Finland',10747645
);
INSERT INTO Videoclip(id,url,localFilmagem,duracao) Values(156,'https://www.youtube.com/watch?v=v-1OgNqBkVE','Hungary',16414888
);
INSERT INTO Videoclip(id,url,localFilmagem,duracao) Values(157,'https://www.youtube.com/watch?v=UelDrZ1aFeY','Estonia',79663696
);
INSERT INTO Videoclip(id,url,localFilmagem,duracao) Values(158,'https://www.youtube.com/watch?v=45cYwDMibGo','Ireland',91811780
);
INSERT INTO Videoclip(id,url,localFilmagem,duracao) Values(159,'https://www.youtube.com/watch?v=QDYfEBY9NM4','Turkey',96519561
);
INSERT INTO Videoclip(id,url,localFilmagem,duracao) Values(160,'https://www.youtube.com/watch?v=fR4HjTH_fTM','Belgium',12725545
);
INSERT INTO Videoclip(id,url,localFilmagem,duracao) Values(161,'https://www.youtube.com/watch?v=6oHdAA3AqnE','Slovenia',18994914
);
INSERT INTO Videoclip(id,url,localFilmagem,duracao) Values(162,'https://www.youtube.com/watch?v=wuO4_P_8p-Q','Belgium',31943300
);
INSERT INTO Videoclip(id,url,localFilmagem,duracao) Values(163,'https://www.youtube.com/watch?v=xp8z7pconzw','Bosnia and Herzegovina',5524791
);
INSERT INTO Videoclip(id,url,localFilmagem,duracao) Values(164,'https://www.youtube.com/watch?v=Lq2TmRzg19k','Lithuania',12794997
);
INSERT INTO Videoclip(id,url,localFilmagem,duracao) Values(165,'https://www.youtube.com/watch?v=wU0ucfoBcXM','Georgia',14687445
);
INSERT INTO Videoclip(id,url,localFilmagem,duracao) Values(166,'https://www.youtube.com/watch?v=wj0C2oet2r0','Sweden',1748352
);
INSERT INTO Videoclip(id,url,localFilmagem,duracao) Values(167,'https://www.youtube.com/watch?v=z_Bhlxr-CZA','Iceland',2011910
);
INSERT INTO Videoclip(id,url,localFilmagem,duracao) Values(168,'https://www.youtube.com/watch?v=yt3rfHIijZQ','Kosovo',1824872
);
INSERT INTO Videoclip(id,url,localFilmagem,duracao) Values(169,'https://www.youtube.com/watch?v=ch8g-sJb6ow','Poland',3210481
);
INSERT INTO Videoclip(id,url,localFilmagem,duracao) Values(170,'https://www.youtube.com/watch?v=pUjE9H8QlA4','Azerbaijan',492371152
);
INSERT INTO Videoclip(id,url,localFilmagem,duracao) Values(171,'https://www.youtube.com/watch?v=Dcx9R4QSeik','Azerbaijan',14248521
);
INSERT INTO Videoclip(id,url,localFilmagem,duracao) Values(172,'https://www.youtube.com/watch?v=GOxnzMTWkno','Kosovo',12570124
);
INSERT INTO Videoclip(id,url,localFilmagem,duracao) Values(173,'https://www.youtube.com/watch?v=PfLsCb6Dv7c','Russia',651
);
INSERT INTO Videoclip(id,url,localFilmagem,duracao) Values(174,'https://www.youtube.com/watch?v=6oaaKNXuUv4','France',1278666
);
INSERT INTO Videoclip(id,url,localFilmagem,duracao) Values(175,'https://www.youtube.com/watch?v=SeeP7YhFy0Q','Denmark',871189
);
INSERT INTO Videoclip(id,url,localFilmagem,duracao) Values(176,'https://www.youtube.com/watch?v=OH3bNgA1rkE','Denmark',4251742
);
INSERT INTO Videoclip(id,url,localFilmagem,duracao) Values(177,'https://www.youtube.com/watch?v=NnMuFqsmYSE','Denmark',5583758
);
INSERT INTO Videoclip(id,url,localFilmagem,duracao) Values(178,'https://www.youtube.com/watch?v=yiwDWKg9AMA','Lithuania',2344118
);
INSERT INTO Videoclip(id,url,localFilmagem,duracao) Values(179,'https://www.youtube.com/watch?v=IxGvm6btP1A','Spain',163287493
);
INSERT INTO Videoclip(id,url,localFilmagem,duracao) Values(180,'https://www.youtube.com/watch?v=w9rzz4pDFwA','Romania',8236970
);
INSERT INTO Videoclip(id,url,localFilmagem,duracao) Values(181,'https://www.youtube.com/watch?v=ulq14QrjBn0','United Kingdom',284022
);
INSERT INTO Videoclip(id,url,localFilmagem,duracao) Values(182,'https://www.youtube.com/watch?v=6CNPg2IQoC0','Azerbaijan',17651794
);
INSERT INTO Videoclip(id,url,localFilmagem,duracao) Values(183,'NONE','Norway',0);
INSERT INTO Videoclip(id,url,localFilmagem,duracao) Values(184,'https://www.youtube.com/watch?v=MKM90u7pf3U','Spain',27528464
);
INSERT INTO Videoclip(id,url,localFilmagem,duracao) Values(185,'NONE','Netherlands',0);
INSERT INTO Videoclip(id,url,localFilmagem,duracao) Values(186,'NONE','Romania',0);
INSERT INTO Videoclip(id,url,localFilmagem,duracao) Values(187,'NONE','Slovenia',0);
INSERT INTO Videoclip(id,url,localFilmagem,duracao) Values(188,'NONE','Bulgaria',0);
INSERT INTO Videoclip(id,url,localFilmagem,duracao) Values(189,'NONE','Liechtenstein',0);
INSERT INTO Videoclip(id,url,localFilmagem,duracao) Values(190,'NONE','Norway',0);
INSERT INTO Videoclip(id,url,localFilmagem,duracao) Values(191,'NONE','United Kingdom',0);
INSERT INTO Videoclip(id,url,localFilmagem,duracao) Values(192,'NONE','Sweden',0);
INSERT INTO Videoclip(id,url,localFilmagem,duracao) Values(193,'NONE','Latvia',0);
INSERT INTO Videoclip(id,url,localFilmagem,duracao) Values(194,'NONE','San Marino',0);
INSERT INTO Videoclip(id,url,localFilmagem,duracao) Values(195,'NONE','Norway',0);
INSERT INTO Videoclip(id,url,localFilmagem,duracao) Values(196,'NONE','Georgia',0);
INSERT INTO Videoclip(id,url,localFilmagem,duracao) Values(197,'NONE','Ukraine',0);
INSERT INTO Videoclip(id,url,localFilmagem,duracao) Values(198,'NONE','Serbia',0);
INSERT INTO Videoclip(id,url,localFilmagem,duracao) Values(199,'NONE','Latvia',0);
INSERT INTO Videoclip(id,url,localFilmagem,duracao) Values(200,'NONE','Greece',0);
INSERT INTO Videoclip(id,url,localFilmagem,duracao) Values(201,'NONE','Cyprus',0);
INSERT INTO Videoclip(id,url,localFilmagem,duracao) Values(202,'NONE','Greece',0);
INSERT INTO Videoclip(id,url,localFilmagem,duracao) Values(203,'NONE','Andorra',0);
INSERT INTO Videoclip(id,url,localFilmagem,duracao) Values(204,'NONE','Bulgaria',0);
INSERT INTO Videoclip(id,url,localFilmagem,duracao) Values(205,'NONE','Belarus',0);
INSERT INTO Videoclip(id,url,localFilmagem,duracao) Values(206,'NONE','Italy',0);
INSERT INTO Videoclip(id,url,localFilmagem,duracao) Values(207,'NONE','Germany',0);
INSERT INTO Videoclip(id,url,localFilmagem,duracao) Values(208,'NONE','Malta',0);
INSERT INTO Videoclip(id,url,localFilmagem,duracao) Values(209,'NONE','Azerbaijan',0);
INSERT INTO Videoclip(id,url,localFilmagem,duracao) Values(210,'NONE','Andorra',0);
INSERT INTO Videoclip(id,url,localFilmagem,duracao) Values(211,'NONE','Moldova',0);
INSERT INTO Videoclip(id,url,localFilmagem,duracao) Values(212,'NONE','Croatia',0);
INSERT INTO Videoclip(id,url,localFilmagem,duracao) Values(213,'NONE','Poland',0);
INSERT INTO Videoclip(id,url,localFilmagem,duracao) Values(214,'NONE','Luxembourg',0);
INSERT INTO Videoclip(id,url,localFilmagem,duracao) Values(215,'NONE','United Kingdom',0);
INSERT INTO Videoclip(id,url,localFilmagem,duracao) Values(216,'NONE','France',0);
INSERT INTO Videoclip(id,url,localFilmagem,duracao) Values(217,'NONE','Serbia',0);
INSERT INTO Videoclip(id,url,localFilmagem,duracao) Values(218,'NONE','Iceland',0);
INSERT INTO Videoclip(id,url,localFilmagem,duracao) Values(219,'NONE','Hungary',0);
INSERT INTO Videoclip(id,url,localFilmagem,duracao) Values(220,'NONE','Romania',0);
INSERT INTO Videoclip(id,url,localFilmagem,duracao) Values(221,'NONE','Malta',0);
INSERT INTO Videoclip(id,url,localFilmagem,duracao) Values(222,'NONE','Austria',0);
INSERT INTO Videoclip(id,url,localFilmagem,duracao) Values(223,'NONE','Netherlands',0);
INSERT INTO Videoclip(id,url,localFilmagem,duracao) Values(224,'NONE','Norway',0);
INSERT INTO Videoclip(id,url,localFilmagem,duracao) Values(225,'NONE','Belarus',0);
INSERT INTO Videoclip(id,url,localFilmagem,duracao) Values(226,'NONE','Moldova',0);
INSERT INTO Videoclip(id,url,localFilmagem,duracao) Values(227,'NONE','Denmark',0);
INSERT INTO Videoclip(id,url,localFilmagem,duracao) Values(228,'NONE','Russia',0);
INSERT INTO Videoclip(id,url,localFilmagem,duracao) Values(229,'NONE','Switzerland',0);
INSERT INTO Videoclip(id,url,localFilmagem,duracao) Values(230,'NONE','France',0);
INSERT INTO Videoclip(id,url,localFilmagem,duracao) Values(231,'NONE','Sweden',0);
INSERT INTO Videoclip(id,url,localFilmagem,duracao) Values(232,'NONE','Liechtenstein',0);
INSERT INTO Videoclip(id,url,localFilmagem,duracao) Values(233,'NONE','Romania',0);
INSERT INTO Videoclip(id,url,localFilmagem,duracao) Values(234,'NONE','Hungary',0);
INSERT INTO Videoclip(id,url,localFilmagem,duracao) Values(235,'NONE','Macedonia',0);
INSERT INTO Videoclip(id,url,localFilmagem,duracao) Values(236,'NONE','Slovenia',0);
INSERT INTO Videoclip(id,url,localFilmagem,duracao) Values(237,'NONE','Sweden',0);
INSERT INTO Videoclip(id,url,localFilmagem,duracao) Values(238,'NONE','Iceland',0);
INSERT INTO Videoclip(id,url,localFilmagem,duracao) Values(239,'NONE','Lithuania',0);
INSERT INTO Videoclip(id,url,localFilmagem,duracao) Values(240,'NONE','Bulgaria',0);
INSERT INTO Videoclip(id,url,localFilmagem,duracao) Values(241,'NONE','Monaco',0);
INSERT INTO Videoclip(id,url,localFilmagem,duracao) Values(242,'NONE','Estonia',0);
INSERT INTO Videoclip(id,url,localFilmagem,duracao) Values(243,'NONE','Sweden',0);
INSERT INTO Videoclip(id,url,localFilmagem,duracao) Values(244,'NONE','Lithuania',0);
INSERT INTO Videoclip(id,url,localFilmagem,duracao) Values(245,'NONE','Norway',0);
INSERT INTO Videoclip(id,url,localFilmagem,duracao) Values(246,'NONE','Finland',0);
INSERT INTO Videoclip(id,url,localFilmagem,duracao) Values(247,'NONE','Lithuania',0);
INSERT INTO Videoclip(id,url,localFilmagem,duracao) Values(248,'NONE','Portugal',0);
INSERT INTO Videoclip(id,url,localFilmagem,duracao) Values(249,'NONE','Lithuania',0);
INSERT INTO Videoclip(id,url,localFilmagem,duracao) Values(250,'NONE','Greece',0);
INSERT INTO Videoclip(id,url,localFilmagem,duracao) Values(251,'NONE','Poland',0);
INSERT INTO Videoclip(id,url,localFilmagem,duracao) Values(252,'NONE','Germany',0);
INSERT INTO Videoclip(id,url,localFilmagem,duracao) Values(253,'NONE','Hungary',0);
INSERT INTO Videoclip(id,url,localFilmagem,duracao) Values(254,'NONE','Italy',0);
INSERT INTO Videoclip(id,url,localFilmagem,duracao) Values(255,'NONE','Italy',0);
INSERT INTO Videoclip(id,url,localFilmagem,duracao) Values(256,'NONE','France',0);
INSERT INTO Videoclip(id,url,localFilmagem,duracao) Values(257,'NONE','Serbia',0);
INSERT INTO Videoclip(id,url,localFilmagem,duracao) Values(258,'NONE','Romania',0);
INSERT INTO Videoclip(id,url,localFilmagem,duracao) Values(259,'NONE','Turkey',0);
INSERT INTO Videoclip(id,url,localFilmagem,duracao) Values(260,'NONE','Armenia',0);
INSERT INTO Videoclip(id,url,localFilmagem,duracao) Values(261,'NONE','United Kingdom',0);
INSERT INTO Videoclip(id,url,localFilmagem,duracao) Values(262,'NONE','Romania',0);
INSERT INTO Videoclip(id,url,localFilmagem,duracao) Values(263,'NONE','Moldova',0);
INSERT INTO Videoclip(id,url,localFilmagem,duracao) Values(264,'NONE','Romania',0);
INSERT INTO Videoclip(id,url,localFilmagem,duracao) Values(265,'NONE','Armenia',0);
INSERT INTO Videoclip(id,url,localFilmagem,duracao) Values(266,'NONE','Hungary',0);
INSERT INTO Videoclip(id,url,localFilmagem,duracao) Values(267,'NONE','Belarus',0);
INSERT INTO Videoclip(id,url,localFilmagem,duracao) Values(268,'NONE','Italy',0);
INSERT INTO Videoclip(id,url,localFilmagem,duracao) Values(269,'NONE','Hungary',0);
INSERT INTO Videoclip(id,url,localFilmagem,duracao) Values(270,'NONE','United Kingdom',0);
INSERT INTO Videoclip(id,url,localFilmagem,duracao) Values(271,'NONE','United Kingdom',0);
INSERT INTO Videoclip(id,url,localFilmagem,duracao) Values(272,'NONE','Armenia',0);
INSERT INTO Videoclip(id,url,localFilmagem,duracao) Values(273,'NONE','Montenegro',0);
INSERT INTO Videoclip(id,url,localFilmagem,duracao) Values(274,'NONE','Lithuania',0);
INSERT INTO Videoclip(id,url,localFilmagem,duracao) Values(275,'NONE','Belarus',0);
INSERT INTO Videoclip(id,url,localFilmagem,duracao) Values(276,'NONE','Liechtenstein',0);
INSERT INTO Videoclip(id,url,localFilmagem,duracao) Values(277,'NONE','Switzerland',0);
INSERT INTO Videoclip(id,url,localFilmagem,duracao) Values(278,'NONE','Belarus',0);
INSERT INTO Videoclip(id,url,localFilmagem,duracao) Values(279,'NONE','Moldova',0);
INSERT INTO Videoclip(id,url,localFilmagem,duracao) Values(280,'NONE','Ukraine',0);
INSERT INTO Videoclip(id,url,localFilmagem,duracao) Values(281,'NONE','Netherlands',0);
INSERT INTO Videoclip(id,url,localFilmagem,duracao) Values(282,'NONE','Moldova',0);
INSERT INTO Videoclip(id,url,localFilmagem,duracao) Values(283,'NONE','San Marino',0);
INSERT INTO Videoclip(id,url,localFilmagem,duracao) Values(284,'NONE','Serbia',0);
INSERT INTO Videoclip(id,url,localFilmagem,duracao) Values(285,'NONE','Croatia',0);
INSERT INTO Videoclip(id,url,localFilmagem,duracao) Values(286,'NONE','Romania',0);
INSERT INTO Videoclip(id,url,localFilmagem,duracao) Values(287,'NONE','Kosovo',0);
INSERT INTO Videoclip(id,url,localFilmagem,duracao) Values(288,'NONE','Estonia',0);
INSERT INTO Videoclip(id,url,localFilmagem,duracao) Values(289,'NONE','Azerbaijan',0);
INSERT INTO Videoclip(id,url,localFilmagem,duracao) Values(290,'NONE','Czech Republic',0);
-- Table: Editora
INSERT INTO Editora(id,nome) Values(0,'Daft Life Ltd./ADA France');
INSERT INTO Editora(id,nome) Values(1,'Columbia');
INSERT INTO Editora(id,nome) Values(2,'Domino Recording Co');
INSERT INTO Editora(id,nome) Values(3,'Communion Group Ltd');
INSERT INTO Editora(id,nome) Values(4,'Universal Music Portugal SA');
INSERT INTO Editora(id,nome) Values(5,'Decca (UMO)');
INSERT INTO Editora(id,nome) Values(6,'EMI Catalogue');
INSERT INTO Editora(id,nome) Values(7,'UMC (Universal Music Catalogue)');
INSERT INTO Editora(id,nome) Values(8,'Rock The World/IDJ/Kanye LP7');
INSERT INTO Editora(id,nome) Values(9,'Getting Out Our Dreams II / Def Jam Recordings');
INSERT INTO Editora(id,nome) Values(10,'Sony Music Entertainment');
INSERT INTO Editora(id,nome) Values(11,'Parlophone UK');
INSERT INTO Editora(id,nome) Values(12,'Sons em Trânsito');
INSERT INTO Editora(id,nome) Values(13,'Atlantic Records');
INSERT INTO Editora(id,nome) Values(14,'Aftermath Entertainment/Atlantic');
INSERT INTO Editora(id,nome) Values(15,'Aftermath/12 Tone Music, LLC');
INSERT INTO Editora(id,nome) Values(16,'EMI');
-- Table: Album
INSERT INTO Album(id,nome,dataLancamento,idEditora) Values(302127,'Discovery','2001-03-07',0);
INSERT INTO Album(id,nome,dataLancamento,idEditora) Values(6575789,'Random Access Memories','2013-05-17',1);
INSERT INTO Album(id,nome,dataLancamento,idEditora) Values(6703346,'Get Lucky (feat. Pharrell Williams & Nile Rodgers)','2013-07-03',1);
INSERT INTO Album(id,nome,dataLancamento,idEditora) Values(6899610,'AM','2013-09-09',2);
INSERT INTO Album(id,nome,dataLancamento,idEditora) Values(401346,'Favourite Worst Nightmare','2007-04-21',2);
INSERT INTO Album(id,nome,dataLancamento,idEditora) Values(401340,'Whatever People Say I Am, That''s What I''m Not','2006-02-18',2);
INSERT INTO Album(id,nome,dataLancamento,idEditora) Values(921000,'Submarine - Original Songs From The Film By Alex Turner','2011-03-14',2);
INSERT INTO Album(id,nome,dataLancamento,idEditora) Values(75624372,'Amir','2018-10-19',3);
INSERT INTO Album(id,nome,dataLancamento,idEditora) Values(106585062,'Bolero','2019-08-08',4);
INSERT INTO Album(id,nome,dataLancamento,idEditora) Values(7371939,'Djavan','2014-03-25',1);
INSERT INTO Album(id,nome,dataLancamento,idEditora) Values(228644,'Joao','1991-01-01',5);
INSERT INTO Album(id,nome,dataLancamento,idEditora) Values(12047958,'Let It Be (Remastered)','2015-12-24',6);
INSERT INTO Album(id,nome,dataLancamento,idEditora) Values(12047952,'Abbey Road (Remastered)','2015-12-24',6);
INSERT INTO Album(id,nome,dataLancamento,idEditora) Values(12047956,'1 (Remastered)','2015-12-24',7);
INSERT INTO Album(id,nome,dataLancamento,idEditora) Values(13357219,'The Life Of Pablo','2016-06-15',8);
INSERT INTO Album(id,nome,dataLancamento,idEditora) Values(116355212,'JESUS IS KING','2019-10-25',9);
INSERT INTO Album(id,nome,dataLancamento,idEditora) Values(265953002,'Nós Pimba','2021-10-22',10);
INSERT INTO Album(id,nome,dataLancamento,idEditora) Values(214037042,'F#CK FOREX (feat. eddy0)','2021-03-15',10);
INSERT INTO Album(id,nome,dataLancamento,idEditora) Values(44730061,'Flower Boy','2017-07-21',1);
INSERT INTO Album(id,nome,dataLancamento,idEditora) Values(97140952,'IGOR','2019-05-17',1);
INSERT INTO Album(id,nome,dataLancamento,idEditora) Values(11205422,'The Rise and Fall of Ziggy Stardust and the Spiders from Mars (2012 Remaster)','2012-06-04',11);
INSERT INTO Album(id,nome,dataLancamento,idEditora) Values(15586282,'Amar Pelos Dois','2017-03-10',12);
INSERT INTO Album(id,nome,dataLancamento,idEditora) Values(6157080,'Unorthodox Jukebox','2012-12-05',13);
INSERT INTO Album(id,nome,dataLancamento,idEditora) Values(211423112,'Leave The Door Open','2021-03-05',14);
INSERT INTO Album(id,nome,dataLancamento,idEditora) Values(78640552,'Oxnard','2018-11-16',15);
INSERT INTO Album(id,nome,dataLancamento,idEditora) Values(915785,'A Night At The Opera (2011 Remaster)','2011-01-01',16);
INSERT INTO Album(id,nome,dataLancamento,idEditora) Values(1121401,'Jazz (2011 Remaster)','2011-01-01',16);
INSERT INTO Album(id,nome,dataLancamento,idEditora) Values(1232880,'The Works (2011 Remaster)','2011-02-23',16);
-- Table: Musica
INSERT INTO Musica(id,nome,imagemCapa,reproducoes,idVideoclip, idAlbum) Values(3135553,'One More Time','https://api.deezer.com/album/302127/image',322,0,302127);
INSERT INTO Musica(id,nome,imagemCapa,reproducoes,idVideoclip, idAlbum) Values(3135554,'Aerodynamic','https://api.deezer.com/album/302127/image',213,1,302127);
INSERT INTO Musica(id,nome,imagemCapa,reproducoes,idVideoclip, idAlbum) Values(3135555,'Digital Love','https://api.deezer.com/album/302127/image',302,2,302127);
INSERT INTO Musica(id,nome,imagemCapa,reproducoes,idVideoclip, idAlbum) Values(3135556,'Harder, Better, Faster, Stronger','https://api.deezer.com/album/302127/image',227,3,302127);
INSERT INTO Musica(id,nome,imagemCapa,reproducoes,idVideoclip, idAlbum) Values(3135557,'Crescendolls','https://api.deezer.com/album/302127/image',212,4,302127);
INSERT INTO Musica(id,nome,imagemCapa,reproducoes,idVideoclip, idAlbum) Values(3135558,'Nightvision','https://api.deezer.com/album/302127/image',112,5,302127);
INSERT INTO Musica(id,nome,imagemCapa,reproducoes,idVideoclip, idAlbum) Values(3135559,'Superheroes','https://api.deezer.com/album/302127/image',274,6,302127);
INSERT INTO Musica(id,nome,imagemCapa,reproducoes,idVideoclip, idAlbum) Values(3135560,'High Life','https://api.deezer.com/album/302127/image',222,7,302127);
INSERT INTO Musica(id,nome,imagemCapa,reproducoes,idVideoclip, idAlbum) Values(3135561,'Something About Us','https://api.deezer.com/album/302127/image',229,8,302127);
INSERT INTO Musica(id,nome,imagemCapa,reproducoes,idVideoclip, idAlbum) Values(3135562,'Voyager','https://api.deezer.com/album/302127/image',758,9,302127);
INSERT INTO Musica(id,nome,imagemCapa,reproducoes,idVideoclip, idAlbum) Values(3135563,'Veridis Quo','https://api.deezer.com/album/302127/image',407,10,302127);
INSERT INTO Musica(id,nome,imagemCapa,reproducoes,idVideoclip, idAlbum) Values(3135564,'Short Circuit','https://api.deezer.com/album/302127/image',6035938,11,302127);
INSERT INTO Musica(id,nome,imagemCapa,reproducoes,idVideoclip, idAlbum) Values(3135565,'Face to Face','https://api.deezer.com/album/302127/image',569,12,302127);
INSERT INTO Musica(id,nome,imagemCapa,reproducoes,idVideoclip, idAlbum) Values(3135566,'Too Long','https://api.deezer.com/album/302127/image',601,13,302127);
INSERT INTO Musica(id,nome,imagemCapa,reproducoes,idVideoclip, idAlbum) Values(67238728,'Give Life Back to Music','https://api.deezer.com/album/6575789/image',284,14,6575789);
INSERT INTO Musica(id,nome,imagemCapa,reproducoes,idVideoclip, idAlbum) Values(67238729,'The Game of Love','https://api.deezer.com/album/6575789/image',261,15,6575789);
INSERT INTO Musica(id,nome,imagemCapa,reproducoes,idVideoclip, idAlbum) Values(67238730,'Giorgio by Moroder','https://api.deezer.com/album/6575789/image',554,16,6575789);
INSERT INTO Musica(id,nome,imagemCapa,reproducoes,idVideoclip, idAlbum) Values(67238731,'Within','https://api.deezer.com/album/6575789/image',233,17,6575789);
INSERT INTO Musica(id,nome,imagemCapa,reproducoes,idVideoclip, idAlbum) Values(67238732,'Instant Crush (feat. Julian Casablancas)','https://api.deezer.com/album/6575789/image',340,18,6575789);
INSERT INTO Musica(id,nome,imagemCapa,reproducoes,idVideoclip, idAlbum) Values(67238733,'Lose Yourself to Dance (feat. Pharrell Williams)','https://api.deezer.com/album/6575789/image',251,19,6575789);
INSERT INTO Musica(id,nome,imagemCapa,reproducoes,idVideoclip, idAlbum) Values(67238734,'Touch (feat. Paul Williams)','https://api.deezer.com/album/6575789/image',509,20,6575789);
INSERT INTO Musica(id,nome,imagemCapa,reproducoes,idVideoclip, idAlbum) Values(67238735,'Get Lucky (feat. Pharrell Williams & Nile Rodgers)','https://api.deezer.com/album/6575789/image',249,21,6575789);
INSERT INTO Musica(id,nome,imagemCapa,reproducoes,idVideoclip, idAlbum) Values(67238736,'Beyond','https://api.deezer.com/album/6575789/image',4135847,22,6575789);
INSERT INTO Musica(id,nome,imagemCapa,reproducoes,idVideoclip, idAlbum) Values(67238737,'Motherboard','https://api.deezer.com/album/6575789/image',9256868,23,6575789);
INSERT INTO Musica(id,nome,imagemCapa,reproducoes,idVideoclip, idAlbum) Values(67238738,'Fragments of Time (feat. Todd Edwards)','https://api.deezer.com/album/6575789/image',289,24,6575789);
INSERT INTO Musica(id,nome,imagemCapa,reproducoes,idVideoclip, idAlbum) Values(67238739,'Doin'' it Right (feat. Panda Bear)','https://api.deezer.com/album/6575789/image',261,25,6575789);
INSERT INTO Musica(id,nome,imagemCapa,reproducoes,idVideoclip, idAlbum) Values(67238740,'Contact','https://api.deezer.com/album/6575789/image',159,26,6575789);
INSERT INTO Musica(id,nome,imagemCapa,reproducoes,idVideoclip, idAlbum) Values(68442677,'Get Lucky (feat. Pharrell Williams & Nile Rodgers)','https://api.deezer.com/album/6703346/image',249,27,6703346);
INSERT INTO Musica(id,nome,imagemCapa,reproducoes,idVideoclip, idAlbum) Values(70322130,'Do I Wanna Know?','https://api.deezer.com/album/6899610/image',266,28,6899610);
INSERT INTO Musica(id,nome,imagemCapa,reproducoes,idVideoclip, idAlbum) Values(70322132,'R U Mine?','https://api.deezer.com/album/6899610/image',202,29,6899610);
INSERT INTO Musica(id,nome,imagemCapa,reproducoes,idVideoclip, idAlbum) Values(70322133,'One For The Road','https://api.deezer.com/album/6899610/image',207,30,6899610);
INSERT INTO Musica(id,nome,imagemCapa,reproducoes,idVideoclip, idAlbum) Values(70322134,'Arabella','https://api.deezer.com/album/6899610/image',208,31,6899610);
INSERT INTO Musica(id,nome,imagemCapa,reproducoes,idVideoclip, idAlbum) Values(70322135,'I Want It All','https://api.deezer.com/album/6899610/image',250,32,6899610);
INSERT INTO Musica(id,nome,imagemCapa,reproducoes,idVideoclip, idAlbum) Values(70322136,'No. 1 Party Anthem','https://api.deezer.com/album/6899610/image',244,33,6899610);
INSERT INTO Musica(id,nome,imagemCapa,reproducoes,idVideoclip, idAlbum) Values(70322137,'Mad Sounds','https://api.deezer.com/album/6899610/image',216,34,6899610);
INSERT INTO Musica(id,nome,imagemCapa,reproducoes,idVideoclip, idAlbum) Values(70322138,'Fireside','https://api.deezer.com/album/6899610/image',182,35,6899610);
INSERT INTO Musica(id,nome,imagemCapa,reproducoes,idVideoclip, idAlbum) Values(70322139,'Why''d You Only Call Me When You''re High?','https://api.deezer.com/album/6899610/image',289,36,6899610);
INSERT INTO Musica(id,nome,imagemCapa,reproducoes,idVideoclip, idAlbum) Values(70322140,'Snap Out Of It','https://api.deezer.com/album/6899610/image',197,37,6899610);
INSERT INTO Musica(id,nome,imagemCapa,reproducoes,idVideoclip, idAlbum) Values(70322141,'Knee Socks','https://api.deezer.com/album/6899610/image',258,38,6899610);
INSERT INTO Musica(id,nome,imagemCapa,reproducoes,idVideoclip, idAlbum) Values(70322142,'I Wanna Be Yours','https://api.deezer.com/album/6899610/image',184,39,6899610);
INSERT INTO Musica(id,nome,imagemCapa,reproducoes,idVideoclip, idAlbum) Values(4315378,'Brianstorm','https://api.deezer.com/album/401346/image',182,40,401346);
INSERT INTO Musica(id,nome,imagemCapa,reproducoes,idVideoclip, idAlbum) Values(4315379,'Teddy Picker','https://api.deezer.com/album/401346/image',165,41,401346);
INSERT INTO Musica(id,nome,imagemCapa,reproducoes,idVideoclip, idAlbum) Values(4315380,'D is for Dangerous','https://api.deezer.com/album/401346/image',139,42,401346);
INSERT INTO Musica(id,nome,imagemCapa,reproducoes,idVideoclip, idAlbum) Values(4315381,'Balaclava','https://api.deezer.com/album/401346/image',172,43,401346);
INSERT INTO Musica(id,nome,imagemCapa,reproducoes,idVideoclip, idAlbum) Values(4315382,'Fluorescent Adolescent','https://api.deezer.com/album/401346/image',196,44,401346);
INSERT INTO Musica(id,nome,imagemCapa,reproducoes,idVideoclip, idAlbum) Values(4315383,'Only Ones Who Know','https://api.deezer.com/album/401346/image',185,45,401346);
INSERT INTO Musica(id,nome,imagemCapa,reproducoes,idVideoclip, idAlbum) Values(4315384,'Do Me a Favour','https://api.deezer.com/album/401346/image',210,46,401346);
INSERT INTO Musica(id,nome,imagemCapa,reproducoes,idVideoclip, idAlbum) Values(4315385,'This House is a Circus','https://api.deezer.com/album/401346/image',192,47,401346);
INSERT INTO Musica(id,nome,imagemCapa,reproducoes,idVideoclip, idAlbum) Values(4315386,'If You Were There, Beware','https://api.deezer.com/album/401346/image',277,48,401346);
INSERT INTO Musica(id,nome,imagemCapa,reproducoes,idVideoclip, idAlbum) Values(4315387,'The Bad Thing','https://api.deezer.com/album/401346/image',146,49,401346);
INSERT INTO Musica(id,nome,imagemCapa,reproducoes,idVideoclip, idAlbum) Values(4315388,'Old Yellow Bricks','https://api.deezer.com/album/401346/image',194,50,401346);
INSERT INTO Musica(id,nome,imagemCapa,reproducoes,idVideoclip, idAlbum) Values(4315389,'505','https://api.deezer.com/album/401346/image',254,51,401346);
INSERT INTO Musica(id,nome,imagemCapa,reproducoes,idVideoclip, idAlbum) Values(4315309,'The View From The Afternoon','https://api.deezer.com/album/401340/image',275,52,401340);
INSERT INTO Musica(id,nome,imagemCapa,reproducoes,idVideoclip, idAlbum) Values(4315310,'I Bet You Look Good On The Dancefloor','https://api.deezer.com/album/401340/image',174,53,401340);
INSERT INTO Musica(id,nome,imagemCapa,reproducoes,idVideoclip, idAlbum) Values(4315311,'Fake Tales Of San Francisco','https://api.deezer.com/album/401340/image',178,54,401340);
INSERT INTO Musica(id,nome,imagemCapa,reproducoes,idVideoclip, idAlbum) Values(4315312,'Dancing Shoes','https://api.deezer.com/album/401340/image',142,55,401340);
INSERT INTO Musica(id,nome,imagemCapa,reproducoes,idVideoclip, idAlbum) Values(4315313,'You Probably Couldn''t See For The Lights But You Were Staring Straight At Me','https://api.deezer.com/album/401340/image',131,56,401340);
INSERT INTO Musica(id,nome,imagemCapa,reproducoes,idVideoclip, idAlbum) Values(4315314,'Still Take You Home','https://api.deezer.com/album/401340/image',175,57,401340);
INSERT INTO Musica(id,nome,imagemCapa,reproducoes,idVideoclip, idAlbum) Values(4315315,'Riot Van','https://api.deezer.com/album/401340/image',135,58,401340);
INSERT INTO Musica(id,nome,imagemCapa,reproducoes,idVideoclip, idAlbum) Values(4315316,'Red Light Indicates Doors Are Secured','https://api.deezer.com/album/401340/image',144,59,401340);
INSERT INTO Musica(id,nome,imagemCapa,reproducoes,idVideoclip, idAlbum) Values(4315317,'Mardy Bum','https://api.deezer.com/album/401340/image',176,60,401340);
INSERT INTO Musica(id,nome,imagemCapa,reproducoes,idVideoclip, idAlbum) Values(4315318,'Perhaps Vampires Is A Bit Strong But…','https://api.deezer.com/album/401340/image',269,61,401340);
INSERT INTO Musica(id,nome,imagemCapa,reproducoes,idVideoclip, idAlbum) Values(4315319,'When The Sun Goes Down','https://api.deezer.com/album/401340/image',209,62,401340);
INSERT INTO Musica(id,nome,imagemCapa,reproducoes,idVideoclip, idAlbum) Values(4315320,'From The Ritz To The Rubble','https://api.deezer.com/album/401340/image',194,63,401340);
INSERT INTO Musica(id,nome,imagemCapa,reproducoes,idVideoclip, idAlbum) Values(4315321,'A Certain Romance','https://api.deezer.com/album/401340/image',332,64,401340);
INSERT INTO Musica(id,nome,imagemCapa,reproducoes,idVideoclip, idAlbum) Values(10064646,'Stuck on the puzzle','https://api.deezer.com/album/921000/image',212,65,921000);
INSERT INTO Musica(id,nome,imagemCapa,reproducoes,idVideoclip, idAlbum) Values(10064647,'Hiding tonight','https://api.deezer.com/album/921000/image',187,66,921000);
INSERT INTO Musica(id,nome,imagemCapa,reproducoes,idVideoclip, idAlbum) Values(10064648,'Glass in the park','https://api.deezer.com/album/921000/image',0,67,921000);
INSERT INTO Musica(id,nome,imagemCapa,reproducoes,idVideoclip, idAlbum) Values(10064649,'It''s hard to get around the wind','https://api.deezer.com/album/921000/image',248,68,921000);
INSERT INTO Musica(id,nome,imagemCapa,reproducoes,idVideoclip, idAlbum) Values(10064650,'Stuck on the puzzle','https://api.deezer.com/album/921000/image',212,69,921000);
INSERT INTO Musica(id,nome,imagemCapa,reproducoes,idVideoclip, idAlbum) Values(10064651,'Piledriver waltz','https://api.deezer.com/album/921000/image',205,70,921000);
INSERT INTO Musica(id,nome,imagemCapa,reproducoes,idVideoclip, idAlbum) Values(568147712,'Habibi','https://api.deezer.com/album/75624372/image',245,71,75624372);
INSERT INTO Musica(id,nome,imagemCapa,reproducoes,idVideoclip, idAlbum) Values(568147722,'Sun May Shine','https://api.deezer.com/album/75624372/image',249,72,75624372);
INSERT INTO Musica(id,nome,imagemCapa,reproducoes,idVideoclip, idAlbum) Values(568147732,'Tummy','https://api.deezer.com/album/75624372/image',199,73,75624372);
INSERT INTO Musica(id,nome,imagemCapa,reproducoes,idVideoclip, idAlbum) Values(568147742,'Chambers','https://api.deezer.com/album/75624372/image',8203127,74,75624372);
INSERT INTO Musica(id,nome,imagemCapa,reproducoes,idVideoclip, idAlbum) Values(568147752,'So It Goes','https://api.deezer.com/album/75624372/image',228,75,75624372);
INSERT INTO Musica(id,nome,imagemCapa,reproducoes,idVideoclip, idAlbum) Values(568147762,'Indigo Night','https://api.deezer.com/album/75624372/image',255,76,75624372);
INSERT INTO Musica(id,nome,imagemCapa,reproducoes,idVideoclip, idAlbum) Values(568147772,'Cigar','https://api.deezer.com/album/75624372/image',792,77,75624372);
INSERT INTO Musica(id,nome,imagemCapa,reproducoes,idVideoclip, idAlbum) Values(568147782,'Each Time','https://api.deezer.com/album/75624372/image',262,78,75624372);
INSERT INTO Musica(id,nome,imagemCapa,reproducoes,idVideoclip, idAlbum) Values(568147792,'Verses','https://api.deezer.com/album/75624372/image',169,79,75624372);
INSERT INTO Musica(id,nome,imagemCapa,reproducoes,idVideoclip, idAlbum) Values(568147802,'w.o.t.h','https://api.deezer.com/album/75624372/image',236,80,75624372);
INSERT INTO Musica(id,nome,imagemCapa,reproducoes,idVideoclip, idAlbum) Values(568147812,'Intervals','https://api.deezer.com/album/75624372/image',2495138,81,75624372);
INSERT INTO Musica(id,nome,imagemCapa,reproducoes,idVideoclip, idAlbum) Values(568147822,'Persephone','https://api.deezer.com/album/75624372/image',1229,82,75624372);
INSERT INTO Musica(id,nome,imagemCapa,reproducoes,idVideoclip, idAlbum) Values(727379302,'Bolero','https://api.deezer.com/album/106585062/image',265,83,106585062);
INSERT INTO Musica(id,nome,imagemCapa,reproducoes,idVideoclip, idAlbum) Values(74617608,'Curumim','https://api.deezer.com/album/7371939/image',249,84,7371939);
INSERT INTO Musica(id,nome,imagemCapa,reproducoes,idVideoclip, idAlbum) Values(74617609,'Oceano','https://api.deezer.com/album/7371939/image',494,85,7371939);
INSERT INTO Musica(id,nome,imagemCapa,reproducoes,idVideoclip, idAlbum) Values(74617610,'Corisco','https://api.deezer.com/album/7371939/image',0,86,7371939);
INSERT INTO Musica(id,nome,imagemCapa,reproducoes,idVideoclip, idAlbum) Values(74617611,'Vida Real (Dejame Ir)','https://api.deezer.com/album/7371939/image',252,87,7371939);
INSERT INTO Musica(id,nome,imagemCapa,reproducoes,idVideoclip, idAlbum) Values(74617612,'Cigano','https://api.deezer.com/album/7371939/image',252,88,7371939);
INSERT INTO Musica(id,nome,imagemCapa,reproducoes,idVideoclip, idAlbum) Values(74617613,'Avião','https://api.deezer.com/album/7371939/image',3086,89,7371939);
INSERT INTO Musica(id,nome,imagemCapa,reproducoes,idVideoclip, idAlbum) Values(74617614,'Você Bem Sabe','https://api.deezer.com/album/7371939/image',195,90,7371939);
INSERT INTO Musica(id,nome,imagemCapa,reproducoes,idVideoclip, idAlbum) Values(74617615,'Mal de Mim','https://api.deezer.com/album/7371939/image',158,91,7371939);
INSERT INTO Musica(id,nome,imagemCapa,reproducoes,idVideoclip, idAlbum) Values(74617616,'Mil Vezes','https://api.deezer.com/album/7371939/image',358,92,7371939);
INSERT INTO Musica(id,nome,imagemCapa,reproducoes,idVideoclip, idAlbum) Values(2293061,'Eu Sambo Mesmo','https://api.deezer.com/album/228644/image',200,93,228644);
INSERT INTO Musica(id,nome,imagemCapa,reproducoes,idVideoclip, idAlbum) Values(2293064,'Siga','https://api.deezer.com/album/228644/image',229,94,228644);
INSERT INTO Musica(id,nome,imagemCapa,reproducoes,idVideoclip, idAlbum) Values(2293068,'Rosinha','https://api.deezer.com/album/228644/image',223,95,228644);
INSERT INTO Musica(id,nome,imagemCapa,reproducoes,idVideoclip, idAlbum) Values(2293074,'Malaga','https://api.deezer.com/album/228644/image',3575,96,228644);
INSERT INTO Musica(id,nome,imagemCapa,reproducoes,idVideoclip, idAlbum) Values(2293076,'Una Mujer','https://api.deezer.com/album/228644/image',345,97,228644);
INSERT INTO Musica(id,nome,imagemCapa,reproducoes,idVideoclip, idAlbum) Values(2293080,'Eu E Meu Coracao','https://api.deezer.com/album/228644/image',200,98,228644);
INSERT INTO Musica(id,nome,imagemCapa,reproducoes,idVideoclip, idAlbum) Values(2293083,'You Do Something To Me','https://api.deezer.com/album/228644/image',215,99,228644);
INSERT INTO Musica(id,nome,imagemCapa,reproducoes,idVideoclip, idAlbum) Values(2293088,'Palpite Infeliz','https://api.deezer.com/album/228644/image',236,100,228644);
INSERT INTO Musica(id,nome,imagemCapa,reproducoes,idVideoclip, idAlbum) Values(2293089,'Ave Maria No Morro','https://api.deezer.com/album/228644/image',224,101,228644);
INSERT INTO Musica(id,nome,imagemCapa,reproducoes,idVideoclip, idAlbum) Values(2293092,'Sampa','https://api.deezer.com/album/228644/image',182,102,228644);
INSERT INTO Musica(id,nome,imagemCapa,reproducoes,idVideoclip, idAlbum) Values(2293097,'Sorriu Para Mim','https://api.deezer.com/album/228644/image',186,103,228644);
INSERT INTO Musica(id,nome,imagemCapa,reproducoes,idVideoclip, idAlbum) Values(2293100,'Que Reste-T-Il De Nos Amours','https://api.deezer.com/album/228644/image',192,104,228644);
INSERT INTO Musica(id,nome,imagemCapa,reproducoes,idVideoclip, idAlbum) Values(116348646,'Two Of Us','https://api.deezer.com/album/12047958/image',260,105,12047958);
INSERT INTO Musica(id,nome,imagemCapa,reproducoes,idVideoclip, idAlbum) Values(116348648,'Dig A Pony','https://api.deezer.com/album/12047958/image',235,106,12047958);
INSERT INTO Musica(id,nome,imagemCapa,reproducoes,idVideoclip, idAlbum) Values(116348650,'Across The Universe','https://api.deezer.com/album/12047958/image',229,107,12047958);
INSERT INTO Musica(id,nome,imagemCapa,reproducoes,idVideoclip, idAlbum) Values(116348652,'I Me Mine','https://api.deezer.com/album/12047958/image',146,108,12047958);
INSERT INTO Musica(id,nome,imagemCapa,reproducoes,idVideoclip, idAlbum) Values(116348654,'Dig It','https://api.deezer.com/album/12047958/image',183,109,12047958);
INSERT INTO Musica(id,nome,imagemCapa,reproducoes,idVideoclip, idAlbum) Values(116348656,'Let It Be','https://api.deezer.com/album/12047958/image',244,110,12047958);
INSERT INTO Musica(id,nome,imagemCapa,reproducoes,idVideoclip, idAlbum) Values(116348658,'Maggie Mae','https://api.deezer.com/album/12047958/image',0,111,12047958);
INSERT INTO Musica(id,nome,imagemCapa,reproducoes,idVideoclip, idAlbum) Values(116348660,'I''ve Got A Feeling','https://api.deezer.com/album/12047958/image',218,112,12047958);
INSERT INTO Musica(id,nome,imagemCapa,reproducoes,idVideoclip, idAlbum) Values(116348662,'One After 909','https://api.deezer.com/album/12047958/image',174,113,12047958);
INSERT INTO Musica(id,nome,imagemCapa,reproducoes,idVideoclip, idAlbum) Values(116348664,'The Long And Winding Road','https://api.deezer.com/album/12047958/image',219,114,12047958);
INSERT INTO Musica(id,nome,imagemCapa,reproducoes,idVideoclip, idAlbum) Values(116348666,'For You Blue','https://api.deezer.com/album/12047958/image',153,115,12047958);
INSERT INTO Musica(id,nome,imagemCapa,reproducoes,idVideoclip, idAlbum) Values(116348668,'Get Back','https://api.deezer.com/album/12047958/image',190,116,12047958);
INSERT INTO Musica(id,nome,imagemCapa,reproducoes,idVideoclip, idAlbum) Values(116348452,'Come Together','https://api.deezer.com/album/12047952/image',259,117,12047952);
INSERT INTO Musica(id,nome,imagemCapa,reproducoes,idVideoclip, idAlbum) Values(116348454,'Something','https://api.deezer.com/album/12047952/image',188,118,12047952);
INSERT INTO Musica(id,nome,imagemCapa,reproducoes,idVideoclip, idAlbum) Values(116348456,'Maxwell''s Silver Hammer','https://api.deezer.com/album/12047952/image',208,119,12047952);
INSERT INTO Musica(id,nome,imagemCapa,reproducoes,idVideoclip, idAlbum) Values(116348458,'Oh! Darling','https://api.deezer.com/album/12047952/image',208,120,12047952);
INSERT INTO Musica(id,nome,imagemCapa,reproducoes,idVideoclip, idAlbum) Values(116348460,'Octopus''s Garden','https://api.deezer.com/album/12047952/image',171,121,12047952);
INSERT INTO Musica(id,nome,imagemCapa,reproducoes,idVideoclip, idAlbum) Values(116348462,'I Want You (She''s So Heavy)','https://api.deezer.com/album/12047952/image',468,122,12047952);
INSERT INTO Musica(id,nome,imagemCapa,reproducoes,idVideoclip, idAlbum) Values(116348464,'Here Comes The Sun','https://api.deezer.com/album/12047952/image',192,123,12047952);
INSERT INTO Musica(id,nome,imagemCapa,reproducoes,idVideoclip, idAlbum) Values(116348466,'Because','https://api.deezer.com/album/12047952/image',194,124,12047952);
INSERT INTO Musica(id,nome,imagemCapa,reproducoes,idVideoclip, idAlbum) Values(116348468,'You Never Give Me Your Money','https://api.deezer.com/album/12047952/image',243,125,12047952);
INSERT INTO Musica(id,nome,imagemCapa,reproducoes,idVideoclip, idAlbum) Values(116348470,'Sun King','https://api.deezer.com/album/12047952/image',147,126,12047952);
INSERT INTO Musica(id,nome,imagemCapa,reproducoes,idVideoclip, idAlbum) Values(116348472,'Mean Mr Mustard','https://api.deezer.com/album/12047952/image',67,127,12047952);
INSERT INTO Musica(id,nome,imagemCapa,reproducoes,idVideoclip, idAlbum) Values(116348474,'Polythene Pam','https://api.deezer.com/album/12047952/image',73,128,12047952);
INSERT INTO Musica(id,nome,imagemCapa,reproducoes,idVideoclip, idAlbum) Values(116348476,'She Came In Through The Bathroom Window','https://api.deezer.com/album/12047952/image',119,129,12047952);
INSERT INTO Musica(id,nome,imagemCapa,reproducoes,idVideoclip, idAlbum) Values(116348478,'Golden Slumbers','https://api.deezer.com/album/12047952/image',92,130,12047952);
INSERT INTO Musica(id,nome,imagemCapa,reproducoes,idVideoclip, idAlbum) Values(116348480,'Carry That Weight','https://api.deezer.com/album/12047952/image',97,131,12047952);
INSERT INTO Musica(id,nome,imagemCapa,reproducoes,idVideoclip, idAlbum) Values(116348482,'The End','https://api.deezer.com/album/12047952/image',283,132,12047952);
INSERT INTO Musica(id,nome,imagemCapa,reproducoes,idVideoclip, idAlbum) Values(116348484,'Her Majesty','https://api.deezer.com/album/12047952/image',209,133,12047952);
INSERT INTO Musica(id,nome,imagemCapa,reproducoes,idVideoclip, idAlbum) Values(116348592,'Love Me Do','https://api.deezer.com/album/12047956/image',142,134,12047956);
INSERT INTO Musica(id,nome,imagemCapa,reproducoes,idVideoclip, idAlbum) Values(116348594,'From Me To You','https://api.deezer.com/album/12047956/image',117,135,12047956);
INSERT INTO Musica(id,nome,imagemCapa,reproducoes,idVideoclip, idAlbum) Values(116348596,'She Loves You','https://api.deezer.com/album/12047956/image',142,136,12047956);
INSERT INTO Musica(id,nome,imagemCapa,reproducoes,idVideoclip, idAlbum) Values(116348598,'I Want To Hold Your Hand','https://api.deezer.com/album/12047956/image',157,137,12047956);
INSERT INTO Musica(id,nome,imagemCapa,reproducoes,idVideoclip, idAlbum) Values(116348600,'Can''t Buy Me Love','https://api.deezer.com/album/12047956/image',135,138,12047956);
INSERT INTO Musica(id,nome,imagemCapa,reproducoes,idVideoclip, idAlbum) Values(116348602,'A Hard Day''s Night','https://api.deezer.com/album/12047956/image',159,139,12047956);
INSERT INTO Musica(id,nome,imagemCapa,reproducoes,idVideoclip, idAlbum) Values(116348604,'I Feel Fine','https://api.deezer.com/album/12047956/image',141,140,12047956);
INSERT INTO Musica(id,nome,imagemCapa,reproducoes,idVideoclip, idAlbum) Values(116348606,'Eight Days A Week','https://api.deezer.com/album/12047956/image',164,141,12047956);
INSERT INTO Musica(id,nome,imagemCapa,reproducoes,idVideoclip, idAlbum) Values(116348608,'Ticket To Ride','https://api.deezer.com/album/12047956/image',183,142,12047956);
INSERT INTO Musica(id,nome,imagemCapa,reproducoes,idVideoclip, idAlbum) Values(116348610,'Help!','https://api.deezer.com/album/12047956/image',140,143,12047956);
INSERT INTO Musica(id,nome,imagemCapa,reproducoes,idVideoclip, idAlbum) Values(116348612,'Yesterday','https://api.deezer.com/album/12047956/image',126,144,12047956);
INSERT INTO Musica(id,nome,imagemCapa,reproducoes,idVideoclip, idAlbum) Values(116348614,'Day Tripper','https://api.deezer.com/album/12047956/image',169,145,12047956);
INSERT INTO Musica(id,nome,imagemCapa,reproducoes,idVideoclip, idAlbum) Values(116348616,'We Can Work It Out','https://api.deezer.com/album/12047956/image',138,146,12047956);
INSERT INTO Musica(id,nome,imagemCapa,reproducoes,idVideoclip, idAlbum) Values(116348618,'Paperback Writer','https://api.deezer.com/album/12047956/image',150,147,12047956);
INSERT INTO Musica(id,nome,imagemCapa,reproducoes,idVideoclip, idAlbum) Values(116348620,'Yellow Submarine','https://api.deezer.com/album/12047956/image',166,148,12047956);
INSERT INTO Musica(id,nome,imagemCapa,reproducoes,idVideoclip, idAlbum) Values(116348622,'Eleanor Rigby','https://api.deezer.com/album/12047956/image',132,149,12047956);
INSERT INTO Musica(id,nome,imagemCapa,reproducoes,idVideoclip, idAlbum) Values(116348624,'Penny Lane','https://api.deezer.com/album/12047956/image',187,150,12047956);
INSERT INTO Musica(id,nome,imagemCapa,reproducoes,idVideoclip, idAlbum) Values(116348626,'All You Need Is Love','https://api.deezer.com/album/12047956/image',232,151,12047956);
INSERT INTO Musica(id,nome,imagemCapa,reproducoes,idVideoclip, idAlbum) Values(116348628,'Hello, Goodbye','https://api.deezer.com/album/12047956/image',209,152,12047956);
INSERT INTO Musica(id,nome,imagemCapa,reproducoes,idVideoclip, idAlbum) Values(116348630,'Lady Madonna','https://api.deezer.com/album/12047956/image',155,153,12047956);
INSERT INTO Musica(id,nome,imagemCapa,reproducoes,idVideoclip, idAlbum) Values(116348632,'Hey Jude','https://api.deezer.com/album/12047956/image',490,154,12047956);
INSERT INTO Musica(id,nome,imagemCapa,reproducoes,idVideoclip, idAlbum) Values(116348634,'Get Back','https://api.deezer.com/album/12047956/image',190,155,12047956);
INSERT INTO Musica(id,nome,imagemCapa,reproducoes,idVideoclip, idAlbum) Values(116348636,'The Ballad Of John And Yoko','https://api.deezer.com/album/12047956/image',186,156,12047956);
INSERT INTO Musica(id,nome,imagemCapa,reproducoes,idVideoclip, idAlbum) Values(116348638,'Something','https://api.deezer.com/album/12047956/image',188,157,12047956);
INSERT INTO Musica(id,nome,imagemCapa,reproducoes,idVideoclip, idAlbum) Values(116348640,'Come Together','https://api.deezer.com/album/12047956/image',259,158,12047956);
INSERT INTO Musica(id,nome,imagemCapa,reproducoes,idVideoclip, idAlbum) Values(116348642,'Let It Be','https://api.deezer.com/album/12047956/image',244,159,12047956);
INSERT INTO Musica(id,nome,imagemCapa,reproducoes,idVideoclip, idAlbum) Values(116348644,'The Long And Winding Road','https://api.deezer.com/album/12047956/image',219,160,12047956);
INSERT INTO Musica(id,nome,imagemCapa,reproducoes,idVideoclip, idAlbum) Values(126772729,'Ultralight Beam','https://api.deezer.com/album/13357219/image',321,161,13357219);
INSERT INTO Musica(id,nome,imagemCapa,reproducoes,idVideoclip, idAlbum) Values(126772731,'Father Stretch My Hands Pt. 1','https://api.deezer.com/album/13357219/image',136,162,13357219);
INSERT INTO Musica(id,nome,imagemCapa,reproducoes,idVideoclip, idAlbum) Values(126772733,'Pt. 2','https://api.deezer.com/album/13357219/image',131,163,13357219);
INSERT INTO Musica(id,nome,imagemCapa,reproducoes,idVideoclip, idAlbum) Values(126772735,'Famous','https://api.deezer.com/album/13357219/image',197,164,13357219);
INSERT INTO Musica(id,nome,imagemCapa,reproducoes,idVideoclip, idAlbum) Values(126772737,'Feedback','https://api.deezer.com/album/13357219/image',245,165,13357219);
INSERT INTO Musica(id,nome,imagemCapa,reproducoes,idVideoclip, idAlbum) Values(126772739,'Low Lights','https://api.deezer.com/album/13357219/image',132,166,13357219);
INSERT INTO Musica(id,nome,imagemCapa,reproducoes,idVideoclip, idAlbum) Values(126772741,'Highlights','https://api.deezer.com/album/13357219/image',415,167,13357219);
INSERT INTO Musica(id,nome,imagemCapa,reproducoes,idVideoclip, idAlbum) Values(126772743,'Freestyle 4','https://api.deezer.com/album/13357219/image',124,168,13357219);
INSERT INTO Musica(id,nome,imagemCapa,reproducoes,idVideoclip, idAlbum) Values(126772745,'I Love Kanye','https://api.deezer.com/album/13357219/image',0,169,13357219);
INSERT INTO Musica(id,nome,imagemCapa,reproducoes,idVideoclip, idAlbum) Values(126772747,'Waves','https://api.deezer.com/album/13357219/image',231,170,13357219);
INSERT INTO Musica(id,nome,imagemCapa,reproducoes,idVideoclip, idAlbum) Values(126772749,'FML','https://api.deezer.com/album/13357219/image',224,171,13357219);
INSERT INTO Musica(id,nome,imagemCapa,reproducoes,idVideoclip, idAlbum) Values(126772751,'Real Friends','https://api.deezer.com/album/13357219/image',215,172,13357219);
INSERT INTO Musica(id,nome,imagemCapa,reproducoes,idVideoclip, idAlbum) Values(126772753,'Wolves','https://api.deezer.com/album/13357219/image',122,173,13357219);
INSERT INTO Musica(id,nome,imagemCapa,reproducoes,idVideoclip, idAlbum) Values(126772755,'Frank''s Track','https://api.deezer.com/album/13357219/image',0,174,13357219);
INSERT INTO Musica(id,nome,imagemCapa,reproducoes,idVideoclip, idAlbum) Values(126772757,'Siiiiiiiiilver Surffffeeeeer Intermission','https://api.deezer.com/album/13357219/image',0,175,13357219);
INSERT INTO Musica(id,nome,imagemCapa,reproducoes,idVideoclip, idAlbum) Values(126772759,'30 Hours','https://api.deezer.com/album/13357219/image',324,176,13357219);
INSERT INTO Musica(id,nome,imagemCapa,reproducoes,idVideoclip, idAlbum) Values(126772761,'No More Parties In LA','https://api.deezer.com/album/13357219/image',375,177,13357219);
INSERT INTO Musica(id,nome,imagemCapa,reproducoes,idVideoclip, idAlbum) Values(126772763,'Facts (Charlie Heat Version)','https://api.deezer.com/album/13357219/image',201,178,13357219);
INSERT INTO Musica(id,nome,imagemCapa,reproducoes,idVideoclip, idAlbum) Values(126772765,'Fade','https://api.deezer.com/album/13357219/image',225,179,13357219);
INSERT INTO Musica(id,nome,imagemCapa,reproducoes,idVideoclip, idAlbum) Values(126772767,'Saint Pablo','https://api.deezer.com/album/13357219/image',373,180,13357219);
INSERT INTO Musica(id,nome,imagemCapa,reproducoes,idVideoclip, idAlbum) Values(785411452,'Every Hour','https://api.deezer.com/album/116355212/image',418,181,116355212);
INSERT INTO Musica(id,nome,imagemCapa,reproducoes,idVideoclip, idAlbum) Values(785411462,'Selah','https://api.deezer.com/album/116355212/image',165,182,116355212);
INSERT INTO Musica(id,nome,imagemCapa,reproducoes,idVideoclip, idAlbum) Values(785411472,'Follow God','https://api.deezer.com/album/116355212/image',9492018,183,116355212);
INSERT INTO Musica(id,nome,imagemCapa,reproducoes,idVideoclip, idAlbum) Values(785411482,'Closed On Sunday','https://api.deezer.com/album/116355212/image',156,184,116355212);
INSERT INTO Musica(id,nome,imagemCapa,reproducoes,idVideoclip, idAlbum) Values(785411492,'On God','https://api.deezer.com/album/116355212/image',4329238,185,116355212);
INSERT INTO Musica(id,nome,imagemCapa,reproducoes,idVideoclip, idAlbum) Values(785411502,'Everything We Need','https://api.deezer.com/album/116355212/image',3594195,186,116355212);
INSERT INTO Musica(id,nome,imagemCapa,reproducoes,idVideoclip, idAlbum) Values(785411512,'Water','https://api.deezer.com/album/116355212/image',3326057,187,116355212);
INSERT INTO Musica(id,nome,imagemCapa,reproducoes,idVideoclip, idAlbum) Values(785411522,'God Is','https://api.deezer.com/album/116355212/image',9683990,188,116355212);
INSERT INTO Musica(id,nome,imagemCapa,reproducoes,idVideoclip, idAlbum) Values(785411532,'Hands On','https://api.deezer.com/album/116355212/image',3811807,189,116355212);
INSERT INTO Musica(id,nome,imagemCapa,reproducoes,idVideoclip, idAlbum) Values(785411542,'Use This Gospel','https://api.deezer.com/album/116355212/image',4197911,190,116355212);
INSERT INTO Musica(id,nome,imagemCapa,reproducoes,idVideoclip, idAlbum) Values(785411552,'Jesus Is Lord','https://api.deezer.com/album/116355212/image',8744113,191,116355212);
INSERT INTO Musica(id,nome,imagemCapa,reproducoes,idVideoclip, idAlbum) Values(1523554262,'Nós Pimba','https://api.deezer.com/album/265953002/image',2922686,192,265953002);
INSERT INTO Musica(id,nome,imagemCapa,reproducoes,idVideoclip, idAlbum) Values(1272174692,'F#CK FOREX (feat. eddy0)','https://api.deezer.com/album/214037042/image',6548783,193,214037042);
INSERT INTO Musica(id,nome,imagemCapa,reproducoes,idVideoclip, idAlbum) Values(384157561,'Foreword (feat. Rex Orange County)','https://api.deezer.com/album/44730061/image',4019136,194,44730061);
INSERT INTO Musica(id,nome,imagemCapa,reproducoes,idVideoclip, idAlbum) Values(384157571,'Where This Flower Blooms (feat. Frank Ocean)','https://api.deezer.com/album/44730061/image',8803580,195,44730061);
INSERT INTO Musica(id,nome,imagemCapa,reproducoes,idVideoclip, idAlbum) Values(384157581,'Sometimes...','https://api.deezer.com/album/44730061/image',7046809,196,44730061);
INSERT INTO Musica(id,nome,imagemCapa,reproducoes,idVideoclip, idAlbum) Values(384157591,'See You Again (feat. Kali Uchis)','https://api.deezer.com/album/44730061/image',8728659,197,44730061);
INSERT INTO Musica(id,nome,imagemCapa,reproducoes,idVideoclip, idAlbum) Values(384157601,'Who Dat Boy (feat. A$AP Rocky)','https://api.deezer.com/album/44730061/image',1546155,198,44730061);
INSERT INTO Musica(id,nome,imagemCapa,reproducoes,idVideoclip, idAlbum) Values(384157611,'Pothole (feat. Jaden Smith)','https://api.deezer.com/album/44730061/image',7892458,199,44730061);
INSERT INTO Musica(id,nome,imagemCapa,reproducoes,idVideoclip, idAlbum) Values(384157621,'Garden Shed (feat. Estelle)','https://api.deezer.com/album/44730061/image',1077694,200,44730061);
INSERT INTO Musica(id,nome,imagemCapa,reproducoes,idVideoclip, idAlbum) Values(384157631,'Boredom (feat. Rex Orange County & Anna of the North)','https://api.deezer.com/album/44730061/image',2209500,201,44730061);
INSERT INTO Musica(id,nome,imagemCapa,reproducoes,idVideoclip, idAlbum) Values(384157641,'I Ain''t Got Time!','https://api.deezer.com/album/44730061/image',6327048,202,44730061);
INSERT INTO Musica(id,nome,imagemCapa,reproducoes,idVideoclip, idAlbum) Values(384157651,'911 / Mr. Lonely (feat. Frank Ocean & Steve Lacy)','https://api.deezer.com/album/44730061/image',5704406,203,44730061);
INSERT INTO Musica(id,nome,imagemCapa,reproducoes,idVideoclip, idAlbum) Values(384157661,'Droppin'' Seeds (feat. Lil'' Wayne)','https://api.deezer.com/album/44730061/image',1739603,204,44730061);
INSERT INTO Musica(id,nome,imagemCapa,reproducoes,idVideoclip, idAlbum) Values(384157671,'November','https://api.deezer.com/album/44730061/image',5799407,205,44730061);
INSERT INTO Musica(id,nome,imagemCapa,reproducoes,idVideoclip, idAlbum) Values(384157681,'Glitter','https://api.deezer.com/album/44730061/image',6717485,206,44730061);
INSERT INTO Musica(id,nome,imagemCapa,reproducoes,idVideoclip, idAlbum) Values(384157691,'Enjoy Right Now, Today','https://api.deezer.com/album/44730061/image',5914258,207,44730061);
INSERT INTO Musica(id,nome,imagemCapa,reproducoes,idVideoclip, idAlbum) Values(681009642,'IGOR''S THEME','https://api.deezer.com/album/97140952/image',3244617,208,97140952);
INSERT INTO Musica(id,nome,imagemCapa,reproducoes,idVideoclip, idAlbum) Values(681009652,'EARFQUAKE','https://api.deezer.com/album/97140952/image',7816726,209,97140952);
INSERT INTO Musica(id,nome,imagemCapa,reproducoes,idVideoclip, idAlbum) Values(681009662,'I THINK','https://api.deezer.com/album/97140952/image',3873459,210,97140952);
INSERT INTO Musica(id,nome,imagemCapa,reproducoes,idVideoclip, idAlbum) Values(681009672,'EXACTLY WHAT YOU RUN FROM YOU END UP CHASING','https://api.deezer.com/album/97140952/image',8147921,211,97140952);
INSERT INTO Musica(id,nome,imagemCapa,reproducoes,idVideoclip, idAlbum) Values(681009682,'RUNNING OUT OF TIME','https://api.deezer.com/album/97140952/image',5466954,212,97140952);
INSERT INTO Musica(id,nome,imagemCapa,reproducoes,idVideoclip, idAlbum) Values(681009692,'NEW MAGIC WAND','https://api.deezer.com/album/97140952/image',6546386,213,97140952);
INSERT INTO Musica(id,nome,imagemCapa,reproducoes,idVideoclip, idAlbum) Values(681009702,'A BOY IS A GUN*','https://api.deezer.com/album/97140952/image',7291308,214,97140952);
INSERT INTO Musica(id,nome,imagemCapa,reproducoes,idVideoclip, idAlbum) Values(681009712,'PUPPET','https://api.deezer.com/album/97140952/image',6918193,215,97140952);
INSERT INTO Musica(id,nome,imagemCapa,reproducoes,idVideoclip, idAlbum) Values(681009722,'WHAT''S GOOD','https://api.deezer.com/album/97140952/image',2599798,216,97140952);
INSERT INTO Musica(id,nome,imagemCapa,reproducoes,idVideoclip, idAlbum) Values(681009732,'GONE, GONE / THANK YOU','https://api.deezer.com/album/97140952/image',6676957,217,97140952);
INSERT INTO Musica(id,nome,imagemCapa,reproducoes,idVideoclip, idAlbum) Values(681009742,'I DON''T LOVE YOU ANYMORE','https://api.deezer.com/album/97140952/image',6048895,218,97140952);
INSERT INTO Musica(id,nome,imagemCapa,reproducoes,idVideoclip, idAlbum) Values(681009752,'ARE WE STILL FRIENDS?','https://api.deezer.com/album/97140952/image',6619730,219,97140952);
INSERT INTO Musica(id,nome,imagemCapa,reproducoes,idVideoclip, idAlbum) Values(107471920,'Five Years','https://api.deezer.com/album/11205422/image',3908032,220,11205422);
INSERT INTO Musica(id,nome,imagemCapa,reproducoes,idVideoclip, idAlbum) Values(107471922,'Soul Love','https://api.deezer.com/album/11205422/image',1540206,221,11205422);
INSERT INTO Musica(id,nome,imagemCapa,reproducoes,idVideoclip, idAlbum) Values(107471924,'Moonage Daydream','https://api.deezer.com/album/11205422/image',8736698,222,11205422);
INSERT INTO Musica(id,nome,imagemCapa,reproducoes,idVideoclip, idAlbum) Values(107471926,'Starman','https://api.deezer.com/album/11205422/image',8981238,223,11205422);
INSERT INTO Musica(id,nome,imagemCapa,reproducoes,idVideoclip, idAlbum) Values(107471928,'It Ain''t Easy','https://api.deezer.com/album/11205422/image',89428,224,11205422);
INSERT INTO Musica(id,nome,imagemCapa,reproducoes,idVideoclip, idAlbum) Values(107471930,'Lady Stardust','https://api.deezer.com/album/11205422/image',4925752,225,11205422);
INSERT INTO Musica(id,nome,imagemCapa,reproducoes,idVideoclip, idAlbum) Values(107471932,'Star','https://api.deezer.com/album/11205422/image',8572203,226,11205422);
INSERT INTO Musica(id,nome,imagemCapa,reproducoes,idVideoclip, idAlbum) Values(107471934,'Hang on to Yourself','https://api.deezer.com/album/11205422/image',7752158,227,11205422);
INSERT INTO Musica(id,nome,imagemCapa,reproducoes,idVideoclip, idAlbum) Values(107471936,'Ziggy Stardust','https://api.deezer.com/album/11205422/image',3018244,228,11205422);
INSERT INTO Musica(id,nome,imagemCapa,reproducoes,idVideoclip, idAlbum) Values(107471938,'Suffragette City','https://api.deezer.com/album/11205422/image',2535572,229,11205422);
INSERT INTO Musica(id,nome,imagemCapa,reproducoes,idVideoclip, idAlbum) Values(107471940,'Rock ''n'' Roll Suicide','https://api.deezer.com/album/11205422/image',9248681,230,11205422);
INSERT INTO Musica(id,nome,imagemCapa,reproducoes,idVideoclip, idAlbum) Values(143848116,'Amar Pelos Dois','https://api.deezer.com/album/15586282/image',752523,231,15586282);
INSERT INTO Musica(id,nome,imagemCapa,reproducoes,idVideoclip, idAlbum) Values(62724014,'Young Girls','https://api.deezer.com/album/6157080/image',8650703,232,6157080);
INSERT INTO Musica(id,nome,imagemCapa,reproducoes,idVideoclip, idAlbum) Values(62724015,'Locked out of Heaven','https://api.deezer.com/album/6157080/image',805717,233,6157080);
INSERT INTO Musica(id,nome,imagemCapa,reproducoes,idVideoclip, idAlbum) Values(62724016,'Gorilla','https://api.deezer.com/album/6157080/image',2686709,234,6157080);
INSERT INTO Musica(id,nome,imagemCapa,reproducoes,idVideoclip, idAlbum) Values(62724017,'Treasure','https://api.deezer.com/album/6157080/image',7680855,235,6157080);
INSERT INTO Musica(id,nome,imagemCapa,reproducoes,idVideoclip, idAlbum) Values(62724018,'Moonshine','https://api.deezer.com/album/6157080/image',6480009,236,6157080);
INSERT INTO Musica(id,nome,imagemCapa,reproducoes,idVideoclip, idAlbum) Values(62724019,'When I Was Your Man','https://api.deezer.com/album/6157080/image',7821616,237,6157080);
INSERT INTO Musica(id,nome,imagemCapa,reproducoes,idVideoclip, idAlbum) Values(62724020,'Natalie','https://api.deezer.com/album/6157080/image',7206547,238,6157080);
INSERT INTO Musica(id,nome,imagemCapa,reproducoes,idVideoclip, idAlbum) Values(62724021,'Show Me','https://api.deezer.com/album/6157080/image',6243689,239,6157080);
INSERT INTO Musica(id,nome,imagemCapa,reproducoes,idVideoclip, idAlbum) Values(62724022,'Money Make Her Smile','https://api.deezer.com/album/6157080/image',1593367,240,6157080);
INSERT INTO Musica(id,nome,imagemCapa,reproducoes,idVideoclip, idAlbum) Values(62724023,'If I Knew','https://api.deezer.com/album/6157080/image',7389537,241,6157080);
INSERT INTO Musica(id,nome,imagemCapa,reproducoes,idVideoclip, idAlbum) Values(1260522302,'Leave The Door Open','https://api.deezer.com/album/211423112/image',7999890,242,211423112);
INSERT INTO Musica(id,nome,imagemCapa,reproducoes,idVideoclip, idAlbum) Values(585667452,'The Chase (feat. Kadhja Bonet)','https://api.deezer.com/album/78640552/image',4974294,243,78640552);
INSERT INTO Musica(id,nome,imagemCapa,reproducoes,idVideoclip, idAlbum) Values(585667462,'Headlow (feat. Norelle)','https://api.deezer.com/album/78640552/image',1997752,244,78640552);
INSERT INTO Musica(id,nome,imagemCapa,reproducoes,idVideoclip, idAlbum) Values(585667472,'Tints (feat. Kendrick Lamar)','https://api.deezer.com/album/78640552/image',3498883,245,78640552);
INSERT INTO Musica(id,nome,imagemCapa,reproducoes,idVideoclip, idAlbum) Values(585667482,'Who R U?','https://api.deezer.com/album/78640552/image',9741563,246,78640552);
INSERT INTO Musica(id,nome,imagemCapa,reproducoes,idVideoclip, idAlbum) Values(585667492,'6 Summers','https://api.deezer.com/album/78640552/image',2704820,247,78640552);
INSERT INTO Musica(id,nome,imagemCapa,reproducoes,idVideoclip, idAlbum) Values(585667502,'Saviers Road','https://api.deezer.com/album/78640552/image',6947230,248,78640552);
INSERT INTO Musica(id,nome,imagemCapa,reproducoes,idVideoclip, idAlbum) Values(585667512,'Smile/Petty (feat. Sonyae Elise)','https://api.deezer.com/album/78640552/image',4867055,249,78640552);
INSERT INTO Musica(id,nome,imagemCapa,reproducoes,idVideoclip, idAlbum) Values(585667522,'Mansa Musa (feat. Dr. Dre & Cocoa Sarai)','https://api.deezer.com/album/78640552/image',8547687,250,78640552);
INSERT INTO Musica(id,nome,imagemCapa,reproducoes,idVideoclip, idAlbum) Values(585667532,'Brother''s Keeper (feat. Pusha T)','https://api.deezer.com/album/78640552/image',1513640,251,78640552);
INSERT INTO Musica(id,nome,imagemCapa,reproducoes,idVideoclip, idAlbum) Values(585667542,'Anywhere (feat. Snoop Dogg & The Last Artful, Dodgr)','https://api.deezer.com/album/78640552/image',1784838,252,78640552);
INSERT INTO Musica(id,nome,imagemCapa,reproducoes,idVideoclip, idAlbum) Values(585667552,'Trippy (feat. J. Cole)','https://api.deezer.com/album/78640552/image',3531009,253,78640552);
INSERT INTO Musica(id,nome,imagemCapa,reproducoes,idVideoclip, idAlbum) Values(585667562,'Cheers (feat. Q-Tip)','https://api.deezer.com/album/78640552/image',7181051,254,78640552);
INSERT INTO Musica(id,nome,imagemCapa,reproducoes,idVideoclip, idAlbum) Values(585667572,'Sweet Chick (feat. BJ The Chicago Kid)','https://api.deezer.com/album/78640552/image',5937846,255,78640552);
INSERT INTO Musica(id,nome,imagemCapa,reproducoes,idVideoclip, idAlbum) Values(585667582,'Left To Right','https://api.deezer.com/album/78640552/image',1327372,256,78640552);
INSERT INTO Musica(id,nome,imagemCapa,reproducoes,idVideoclip, idAlbum) Values(9997008,'Death On Two Legs (Dedicated To...)','https://api.deezer.com/album/915785/image',382746,257,915785);
INSERT INTO Musica(id,nome,imagemCapa,reproducoes,idVideoclip, idAlbum) Values(9997009,'Lazing On A Sunday Afternoon','https://api.deezer.com/album/915785/image',2688059,258,915785);
INSERT INTO Musica(id,nome,imagemCapa,reproducoes,idVideoclip, idAlbum) Values(9997010,'I''m In Love With My Car','https://api.deezer.com/album/915785/image',6581436,259,915785);
INSERT INTO Musica(id,nome,imagemCapa,reproducoes,idVideoclip, idAlbum) Values(9997011,'You''re My Best Friend','https://api.deezer.com/album/915785/image',1191120,260,915785);
INSERT INTO Musica(id,nome,imagemCapa,reproducoes,idVideoclip, idAlbum) Values(9997012,'''39','https://api.deezer.com/album/915785/image',4820041,261,915785);
INSERT INTO Musica(id,nome,imagemCapa,reproducoes,idVideoclip, idAlbum) Values(9997013,'Sweet Lady','https://api.deezer.com/album/915785/image',1195631,262,915785);
INSERT INTO Musica(id,nome,imagemCapa,reproducoes,idVideoclip, idAlbum) Values(9997014,'Seaside Rendezvous','https://api.deezer.com/album/915785/image',3935523,263,915785);
INSERT INTO Musica(id,nome,imagemCapa,reproducoes,idVideoclip, idAlbum) Values(9997015,'The Prophet''s Song','https://api.deezer.com/album/915785/image',9850814,264,915785);
INSERT INTO Musica(id,nome,imagemCapa,reproducoes,idVideoclip, idAlbum) Values(9997016,'Love Of My Life','https://api.deezer.com/album/915785/image',5260355,265,915785);
INSERT INTO Musica(id,nome,imagemCapa,reproducoes,idVideoclip, idAlbum) Values(9997017,'Good Company','https://api.deezer.com/album/915785/image',9114050,266,915785);
INSERT INTO Musica(id,nome,imagemCapa,reproducoes,idVideoclip, idAlbum) Values(9997018,'Bohemian Rhapsody','https://api.deezer.com/album/915785/image',2141791,267,915785);
INSERT INTO Musica(id,nome,imagemCapa,reproducoes,idVideoclip, idAlbum) Values(9997019,'God Save The Queen','https://api.deezer.com/album/915785/image',263810,268,915785);
INSERT INTO Musica(id,nome,imagemCapa,reproducoes,idVideoclip, idAlbum) Values(12209320,'Mustapha','https://api.deezer.com/album/1121401/image',9444783,269,1121401);
INSERT INTO Musica(id,nome,imagemCapa,reproducoes,idVideoclip, idAlbum) Values(12209321,'Fat Bottomed Girls','https://api.deezer.com/album/1121401/image',2965441,270,1121401);
INSERT INTO Musica(id,nome,imagemCapa,reproducoes,idVideoclip, idAlbum) Values(12209322,'Jealousy','https://api.deezer.com/album/1121401/image',2407349,271,1121401);
INSERT INTO Musica(id,nome,imagemCapa,reproducoes,idVideoclip, idAlbum) Values(12209323,'Bicycle Race','https://api.deezer.com/album/1121401/image',3423254,272,1121401);
INSERT INTO Musica(id,nome,imagemCapa,reproducoes,idVideoclip, idAlbum) Values(12209324,'If You Can''t Beat Them','https://api.deezer.com/album/1121401/image',8523206,273,1121401);
INSERT INTO Musica(id,nome,imagemCapa,reproducoes,idVideoclip, idAlbum) Values(12209325,'Let Me Entertain You','https://api.deezer.com/album/1121401/image',8550654,274,1121401);
INSERT INTO Musica(id,nome,imagemCapa,reproducoes,idVideoclip, idAlbum) Values(12209326,'Dead On Time','https://api.deezer.com/album/1121401/image',3243836,275,1121401);
INSERT INTO Musica(id,nome,imagemCapa,reproducoes,idVideoclip, idAlbum) Values(12209327,'In Only Seven Days','https://api.deezer.com/album/1121401/image',727204,276,1121401);
INSERT INTO Musica(id,nome,imagemCapa,reproducoes,idVideoclip, idAlbum) Values(12209328,'Dreamer''s Ball','https://api.deezer.com/album/1121401/image',5473063,277,1121401);
INSERT INTO Musica(id,nome,imagemCapa,reproducoes,idVideoclip, idAlbum) Values(12209329,'Fun It','https://api.deezer.com/album/1121401/image',7082699,278,1121401);
INSERT INTO Musica(id,nome,imagemCapa,reproducoes,idVideoclip, idAlbum) Values(12209330,'Leaving Home Ain''t Easy','https://api.deezer.com/album/1121401/image',8899314,279,1121401);
INSERT INTO Musica(id,nome,imagemCapa,reproducoes,idVideoclip, idAlbum) Values(12209331,'Don''t Stop Me Now','https://api.deezer.com/album/1121401/image',718554,280,1121401);
INSERT INTO Musica(id,nome,imagemCapa,reproducoes,idVideoclip, idAlbum) Values(12209332,'More Of That Jazz','https://api.deezer.com/album/1121401/image',2735651,281,1121401);
INSERT INTO Musica(id,nome,imagemCapa,reproducoes,idVideoclip, idAlbum) Values(13459064,'Radio Ga Ga','https://api.deezer.com/album/1232880/image',3210724,282,1232880);
INSERT INTO Musica(id,nome,imagemCapa,reproducoes,idVideoclip, idAlbum) Values(13459065,'Tear It Up','https://api.deezer.com/album/1232880/image',1331279,283,1232880);
INSERT INTO Musica(id,nome,imagemCapa,reproducoes,idVideoclip, idAlbum) Values(13459066,'It''s A Hard Life','https://api.deezer.com/album/1232880/image',9560981,284,1232880);
INSERT INTO Musica(id,nome,imagemCapa,reproducoes,idVideoclip, idAlbum) Values(13459067,'Man On The Prowl','https://api.deezer.com/album/1232880/image',4712760,285,1232880);
INSERT INTO Musica(id,nome,imagemCapa,reproducoes,idVideoclip, idAlbum) Values(13459068,'Machines (Or Back To Humans)','https://api.deezer.com/album/1232880/image',6947326,286,1232880);
INSERT INTO Musica(id,nome,imagemCapa,reproducoes,idVideoclip, idAlbum) Values(13459069,'I Want To Break Free','https://api.deezer.com/album/1232880/image',5276983,287,1232880);
INSERT INTO Musica(id,nome,imagemCapa,reproducoes,idVideoclip, idAlbum) Values(13459070,'Keep Passing The Open Windows','https://api.deezer.com/album/1232880/image',4518763,288,1232880);
INSERT INTO Musica(id,nome,imagemCapa,reproducoes,idVideoclip, idAlbum) Values(13459071,'Hammer To Fall','https://api.deezer.com/album/1232880/image',4965452,289,1232880);
INSERT INTO Musica(id,nome,imagemCapa,reproducoes,idVideoclip, idAlbum) Values(13459072,'Is This The World We Created...?','https://api.deezer.com/album/1232880/image',4667375,290,1232880);
-- Table: Utilizador
INSERT INTO Utilizador(id,nome,username,dataNascimento,nacionalidade,idUltimaOuvida) Values(0,'Eldon Andrews','@Eldon_Andrews','2013-12-12','Croatia',116348650);
INSERT INTO Utilizador(id,nome,username,dataNascimento,nacionalidade,idUltimaOuvida) Values(1,'Christopher Acevedo','@Christopher_Acevedo','1983-01-07','Norway',126772767);
INSERT INTO Utilizador(id,nome,username,dataNascimento,nacionalidade,idUltimaOuvida) Values(2,'Julie Hernandez','@Julie_Hernandez','1950-12-28','Austria',568147772);
INSERT INTO Utilizador(id,nome,username,dataNascimento,nacionalidade,idUltimaOuvida) Values(3,'Carl Bartholomew','@Carl_Bartholomew','1977-05-22','Lithuania',116348476);
INSERT INTO Utilizador(id,nome,username,dataNascimento,nacionalidade,idUltimaOuvida) Values(4,'Judith Guttirez','@Judith_Guttirez','2005-01-18','Poland',62724020);
INSERT INTO Utilizador(id,nome,username,dataNascimento,nacionalidade,idUltimaOuvida) Values(5,'Elsie Stokes','@Elsie_Stokes','1975-05-06','San Marino',568147732);
INSERT INTO Utilizador(id,nome,username,dataNascimento,nacionalidade,idUltimaOuvida) Values(6,'Fay Stetler','@Fay_Stetler','1986-10-27','Poland',4315321);
INSERT INTO Utilizador(id,nome,username,dataNascimento,nacionalidade,idUltimaOuvida) Values(7,'Dolores Blount','@Dolores_Blount','2003-07-21','Lithuania',12209325);
INSERT INTO Utilizador(id,nome,username,dataNascimento,nacionalidade,idUltimaOuvida) Values(8,'Lucia Howard','@Lucia_Howard','1952-03-30','Finland',116348634);
INSERT INTO Utilizador(id,nome,username,dataNascimento,nacionalidade,idUltimaOuvida) Values(9,'Tia Rechtzigel','@Tia_Rechtzigel','1988-12-13','Slovenia',12209322);
INSERT INTO Utilizador(id,nome,username,dataNascimento,nacionalidade,idUltimaOuvida) Values(10,'Dean Potter','@Dean_Potter','1954-06-01','Cyprus',384157641);
INSERT INTO Utilizador(id,nome,username,dataNascimento,nacionalidade,idUltimaOuvida) Values(11,'Joeann Hess','@Joeann_Hess','1973-04-07','Sweden',74617609);
INSERT INTO Utilizador(id,nome,username,dataNascimento,nacionalidade,idUltimaOuvida) Values(12,'Brandy Tuttle','@Brandy_Tuttle','1955-01-19','Denmark',4315319);
INSERT INTO Utilizador(id,nome,username,dataNascimento,nacionalidade,idUltimaOuvida) Values(13,'Betty Amoa','@Betty_Amoa','2013-11-13','Ukraine',107471930);
INSERT INTO Utilizador(id,nome,username,dataNascimento,nacionalidade,idUltimaOuvida) Values(14,'Marvin Bussey','@Marvin_Bussey','1975-09-12','Romania',116348630);
INSERT INTO Utilizador(id,nome,username,dataNascimento,nacionalidade,idUltimaOuvida) Values(15,'Allyson Newsom','@Allyson_Newsom','1972-10-17','Spain',568147712);
INSERT INTO Utilizador(id,nome,username,dataNascimento,nacionalidade,idUltimaOuvida) Values(16,'Delores Bolton','@Delores_Bolton','1951-07-31','Malta',67238734);
INSERT INTO Utilizador(id,nome,username,dataNascimento,nacionalidade,idUltimaOuvida) Values(17,'Peter Allen','@Peter_Allen','1954-04-18','Poland',12209330);
INSERT INTO Utilizador(id,nome,username,dataNascimento,nacionalidade,idUltimaOuvida) Values(18,'Oscar Lee','@Oscar_Lee','1956-12-10','France',116348472);
INSERT INTO Utilizador(id,nome,username,dataNascimento,nacionalidade,idUltimaOuvida) Values(19,'Peter Voelker','@Peter_Voelker','2007-10-17','Montenegro',10064647);
INSERT INTO Utilizador(id,nome,username,dataNascimento,nacionalidade,idUltimaOuvida) Values(20,'Barbara Wheeler','@Barbara_Wheeler','1991-07-21','Serbia',62724020);
INSERT INTO Utilizador(id,nome,username,dataNascimento,nacionalidade,idUltimaOuvida) Values(21,'Noah Bernard','@Noah_Bernard','1958-11-03','Slovakia',3135563);
INSERT INTO Utilizador(id,nome,username,dataNascimento,nacionalidade,idUltimaOuvida) Values(22,'Norma Welsh','@Norma_Welsh','1959-09-22','Azerbaijan',10064651);
INSERT INTO Utilizador(id,nome,username,dataNascimento,nacionalidade,idUltimaOuvida) Values(23,'Robby Lewis','@Robby_Lewis','1969-12-10','Ireland',67238737);
INSERT INTO Utilizador(id,nome,username,dataNascimento,nacionalidade,idUltimaOuvida) Values(24,'Carol Wolfe','@Carol_Wolfe','1978-12-22','Malta',116348592);
INSERT INTO Utilizador(id,nome,username,dataNascimento,nacionalidade,idUltimaOuvida) Values(25,'Vicki Batz','@Vicki_Batz','1994-06-05','Albania',4315388);
INSERT INTO Utilizador(id,nome,username,dataNascimento,nacionalidade,idUltimaOuvida) Values(26,'Kevin Taylor','@Kevin_Taylor','1973-09-30','Norway',116348478);
INSERT INTO Utilizador(id,nome,username,dataNascimento,nacionalidade,idUltimaOuvida) Values(27,'Rhonda Robinson','@Rhonda_Robinson','1978-02-18','Sweden',67238738);
INSERT INTO Utilizador(id,nome,username,dataNascimento,nacionalidade,idUltimaOuvida) Values(28,'Peter Perun','@Peter_Perun','1952-03-15','Montenegro',384157621);
INSERT INTO Utilizador(id,nome,username,dataNascimento,nacionalidade,idUltimaOuvida) Values(29,'Louis Wade','@Louis_Wade','2009-11-25','San Marino',126772739);
-- Table: Genero
INSERT INTO Genero(id,nome) Values(113,'Dance');
INSERT INTO Genero(id,nome) Values(132,'Pop');
INSERT INTO Genero(id,nome) Values(85,'Alternativa');
INSERT INTO Genero(id,nome) Values(116,'Rap/Hip Hop');
INSERT INTO Genero(id,nome) Values(129,'Jazz');
INSERT INTO Genero(id,nome) Values(152,'Rock');
-- Table: Playlist
INSERT INTO Playlist(id,nome,idUtilizador) Values(0,'I Want to Fly Away',29);
INSERT INTO Playlist(id,nome,idUtilizador) Values(1,'Jungle Music',15);
INSERT INTO Playlist(id,nome,idUtilizador) Values(2,'Artist''s that murmur their lyrics',18);
INSERT INTO Playlist(id,nome,idUtilizador) Values(3,'Songs about food',17);
INSERT INTO Playlist(id,nome,idUtilizador) Values(4,'Discooooo Baby',10);
INSERT INTO Playlist(id,nome,idUtilizador) Values(5,'Songs with nothing but beat drops',0);
INSERT INTO Playlist(id,nome,idUtilizador) Values(6,'Singles feeling Heartbreak',11);
INSERT INTO Playlist(id,nome,idUtilizador) Values(7,'What is even Techno',24);
INSERT INTO Playlist(id,nome,idUtilizador) Values(8,'Rhythmic Existentialism',9);
INSERT INTO Playlist(id,nome,idUtilizador) Values(9,'This flippity dippity-hippity hip-hop',20);
INSERT INTO Playlist(id,nome,idUtilizador) Values(10,'Personal Notes in form of songs',17);
INSERT INTO Playlist(id,nome,idUtilizador) Values(11,'Artist''s that murmur their lyrics',24);
INSERT INTO Playlist(id,nome,idUtilizador) Values(12,'Today''s Deep House',10);
INSERT INTO Playlist(id,nome,idUtilizador) Values(13,'Listen With Caution',24);
INSERT INTO Playlist(id,nome,idUtilizador) Values(14,'What is even Techno',25);
INSERT INTO Playlist(id,nome,idUtilizador) Values(15,'Not Your Valentine',26);
INSERT INTO Playlist(id,nome,idUtilizador) Values(16,'Rhythmic Existentialism',25);
INSERT INTO Playlist(id,nome,idUtilizador) Values(17,'Songs with nothing but beat drops',27);
INSERT INTO Playlist(id,nome,idUtilizador) Values(18,'Songs with nothing but beat drops',5);
INSERT INTO Playlist(id,nome,idUtilizador) Values(19,'Songs that make me Clown',14);
-- Table: Autor
INSERT INTO Autor(id,nome) Values(27,'Daft Punk');
INSERT INTO Autor(id,nome) Values(100000000,'Guy-Manuel de Homem-Christo');
INSERT INTO Autor(id,nome) Values(100000001,'Thomas Bangalter');
INSERT INTO Autor(id,nome) Values(1182,'Arctic Monkeys');
INSERT INTO Autor(id,nome) Values(1195633,'Alex Turner');
INSERT INTO Autor(id,nome) Values(100000002,'Jamie Cook');
INSERT INTO Autor(id,nome) Values(100000003,'Nick O''Malley');
INSERT INTO Autor(id,nome) Values(100000004,'Matt Helders');
INSERT INTO Autor(id,nome) Values(11121068,'Tamino');
INSERT INTO Autor(id,nome) Values(10963720,'X-Tense');
INSERT INTO Autor(id,nome) Values(14687,'Djavan');
INSERT INTO Autor(id,nome) Values(5168,'João Gilberto');
INSERT INTO Autor(id,nome) Values(1,'The Beatles');
INSERT INTO Autor(id,nome) Values(226,'John Lennon');
INSERT INTO Autor(id,nome) Values(1446,'Paul McCartney');
INSERT INTO Autor(id,nome) Values(100000005,'George Harrison');
INSERT INTO Autor(id,nome) Values(100000006,'Ringo Starr');
INSERT INTO Autor(id,nome) Values(230,'Kanye West');
INSERT INTO Autor(id,nome) Values(70016862,'Chico da Tina');
INSERT INTO Autor(id,nome) Values(1194083,'Tyler, The Creator');
INSERT INTO Autor(id,nome) Values(997,'David Bowie');
INSERT INTO Autor(id,nome) Values(9877750,'Salvador Sobral');
INSERT INTO Autor(id,nome) Values(429675,'Bruno Mars');
INSERT INTO Autor(id,nome) Values(6474027,'Anderson .Paak');
INSERT INTO Autor(id,nome) Values(412,'Queen');
-- Table: Banda
INSERT INTO Banda(id,nome,dataFormacao) Values(27,'Daft Punk','1959');
INSERT INTO Banda(id,nome,dataFormacao) Values(1182,'Arctic Monkeys','1968');
INSERT INTO Banda(id,nome,dataFormacao) Values(1,'The Beatles','1973');
-- Table: Artista
INSERT INTO Artista(id,nome,dataNascimento) Values(100000000,'Guy-Manuel de Homem-Christo','1973');
INSERT INTO Artista(id,nome,dataNascimento) Values(100000001,'Thomas Bangalter','1965');
INSERT INTO Artista(id,nome,dataNascimento) Values(1195633,'Alex Turner','1977');
INSERT INTO Artista(id,nome,dataNascimento) Values(100000002,'Jamie Cook','1979');
INSERT INTO Artista(id,nome,dataNascimento) Values(100000003,'Nick O''Malley','1985');
INSERT INTO Artista(id,nome,dataNascimento) Values(100000004,'Matt Helders','1969');
INSERT INTO Artista(id,nome,dataNascimento) Values(11121068,'Tamino','1963');
INSERT INTO Artista(id,nome,dataNascimento) Values(10963720,'X-Tense','1980');
INSERT INTO Artista(id,nome,dataNascimento) Values(14687,'Djavan','1984');
INSERT INTO Artista(id,nome,dataNascimento) Values(5168,'João Gilberto','1951');
INSERT INTO Artista(id,nome,dataNascimento) Values(226,'John Lennon','1959');
INSERT INTO Artista(id,nome,dataNascimento) Values(1446,'Paul McCartney','1999');
INSERT INTO Artista(id,nome,dataNascimento) Values(100000005,'George Harrison','1999');
INSERT INTO Artista(id,nome,dataNascimento) Values(100000006,'Ringo Starr','1988');
INSERT INTO Artista(id,nome,dataNascimento) Values(230,'Kanye West','1971');
INSERT INTO Artista(id,nome,dataNascimento) Values(70016862,'Chico da Tina','1987');
INSERT INTO Artista(id,nome,dataNascimento) Values(1194083,'Tyler, The Creator','1967');
INSERT INTO Artista(id,nome,dataNascimento) Values(997,'David Bowie','1991');
INSERT INTO Artista(id,nome,dataNascimento) Values(9877750,'Salvador Sobral','1981');
INSERT INTO Artista(id,nome,dataNascimento) Values(429675,'Bruno Mars','1967');
INSERT INTO Artista(id,nome,dataNascimento) Values(6474027,'Anderson .Paak','1999');
INSERT INTO Artista(id,nome,dataNascimento) Values(412,'Queen','1993');
-- Table: Concerto
INSERT INTO Concerto(id,data,local) Values(0,'2014-06-05','Montenegro');
INSERT INTO Concerto(id,data,local) Values(1,'1957-06-27','Poland');
INSERT INTO Concerto(id,data,local) Values(2,'2015-01-13','Turkey');
INSERT INTO Concerto(id,data,local) Values(3,'1977-07-15','Russia');
INSERT INTO Concerto(id,data,local) Values(4,'1981-12-07','Belgium');
INSERT INTO Concerto(id,data,local) Values(5,'1968-11-16','United Kingdom');
INSERT INTO Concerto(id,data,local) Values(6,'1999-09-07','Italy');
INSERT INTO Concerto(id,data,local) Values(7,'2006-07-04','Azerbaijan');
INSERT INTO Concerto(id,data,local) Values(8,'1978-03-01','Denmark');
INSERT INTO Concerto(id,data,local) Values(9,'1963-08-17','United Kingdom');
INSERT INTO Concerto(id,data,local) Values(10,'2008-11-13','Andorra');
INSERT INTO Concerto(id,data,local) Values(11,'1989-09-14','Finland');
INSERT INTO Concerto(id,data,local) Values(12,'2010-07-30','Germany');
INSERT INTO Concerto(id,data,local) Values(13,'1991-11-25','Monaco');
INSERT INTO Concerto(id,data,local) Values(14,'1988-02-16','Montenegro');
INSERT INTO Concerto(id,data,local) Values(15,'2014-05-31','Monaco');
INSERT INTO Concerto(id,data,local) Values(16,'1959-07-19','Liechtenstein');
INSERT INTO Concerto(id,data,local) Values(17,'1958-09-14','Belgium');
INSERT INTO Concerto(id,data,local) Values(18,'2011-11-07','Bosnia and Herzegovina');
INSERT INTO Concerto(id,data,local) Values(19,'1992-04-15','Malta');
INSERT INTO Concerto(id,data,local) Values(20,'1962-02-18','Italy');
INSERT INTO Concerto(id,data,local) Values(21,'1991-08-02','Czech Republic');
INSERT INTO Concerto(id,data,local) Values(22,'2010-05-04','Croatia');
INSERT INTO Concerto(id,data,local) Values(23,'1955-10-05','Monaco');
INSERT INTO Concerto(id,data,local) Values(24,'1995-03-13','Spain');
INSERT INTO Concerto(id,data,local) Values(25,'1983-12-12','Switzerland');
INSERT INTO Concerto(id,data,local) Values(26,'1977-01-12','Portugal');
INSERT INTO Concerto(id,data,local) Values(27,'1987-10-19','Luxembourg');
INSERT INTO Concerto(id,data,local) Values(28,'1980-04-14','Estonia');
INSERT INTO Concerto(id,data,local) Values(29,'2015-09-21','Denmark');
INSERT INTO Concerto(id,data,local) Values(30,'1987-11-30','Cyprus');
INSERT INTO Concerto(id,data,local) Values(31,'1969-07-06','Georgia');
INSERT INTO Concerto(id,data,local) Values(32,'1985-05-16','Azerbaijan');
INSERT INTO Concerto(id,data,local) Values(33,'2000-05-04','Slovenia');
INSERT INTO Concerto(id,data,local) Values(34,'2005-12-30','San Marino');
-- Table: Ator
INSERT INTO Ator(id,nome) Values(0,'Michael Richmond');
INSERT INTO Ator(id,nome) Values(1,'Alfred Wall');
INSERT INTO Ator(id,nome) Values(2,'Andrew Myers');
INSERT INTO Ator(id,nome) Values(3,'Willian Cotta');
INSERT INTO Ator(id,nome) Values(4,'Kevin Bostic');
INSERT INTO Ator(id,nome) Values(5,'Kimberley Watson');
INSERT INTO Ator(id,nome) Values(6,'James Campbell');
INSERT INTO Ator(id,nome) Values(7,'Michael Phillips');
INSERT INTO Ator(id,nome) Values(8,'Brenda Gray');
INSERT INTO Ator(id,nome) Values(9,'Alice Daniels');
INSERT INTO Ator(id,nome) Values(10,'Ora Elliott');
INSERT INTO Ator(id,nome) Values(11,'Terrance Blackman');
INSERT INTO Ator(id,nome) Values(12,'Andy Pieper');
INSERT INTO Ator(id,nome) Values(13,'Connie Kliebert');
INSERT INTO Ator(id,nome) Values(14,'Rhonda Gilbert');
INSERT INTO Ator(id,nome) Values(15,'Larry Mchone');
INSERT INTO Ator(id,nome) Values(16,'Kelly Perez');
INSERT INTO Ator(id,nome) Values(17,'Gina Tunnell');
INSERT INTO Ator(id,nome) Values(18,'Michael Moore');
INSERT INTO Ator(id,nome) Values(19,'Carlos Edwards');
INSERT INTO Ator(id,nome) Values(20,'Kent Soderquist');
INSERT INTO Ator(id,nome) Values(21,'Betty Laso');
INSERT INTO Ator(id,nome) Values(22,'Ray Daigle');
INSERT INTO Ator(id,nome) Values(23,'Charles Roman');
INSERT INTO Ator(id,nome) Values(24,'Edward Helzer');
INSERT INTO Ator(id,nome) Values(25,'Anna Henry');
INSERT INTO Ator(id,nome) Values(26,'Jeremy Houlihan');
INSERT INTO Ator(id,nome) Values(27,'Susie Tubbs');
INSERT INTO Ator(id,nome) Values(28,'Florence Messenger');
INSERT INTO Ator(id,nome) Values(29,'Christine Calhoon');
-- Table: Produtor
INSERT INTO Produtor(id,nome) Values(0,'Florence Kling');
INSERT INTO Produtor(id,nome) Values(1,'Loren Murphy');
INSERT INTO Produtor(id,nome) Values(2,'Margaret Hogue');
INSERT INTO Produtor(id,nome) Values(3,'David Somers');
INSERT INTO Produtor(id,nome) Values(4,'Kathlene Spencer');
INSERT INTO Produtor(id,nome) Values(5,'Melvin Hargenrader');
INSERT INTO Produtor(id,nome) Values(6,'Douglas Fernandez');
INSERT INTO Produtor(id,nome) Values(7,'Natalie Chan');
INSERT INTO Produtor(id,nome) Values(8,'Twyla Smith');
INSERT INTO Produtor(id,nome) Values(9,'Margaret Bernhardt');
INSERT INTO Produtor(id,nome) Values(10,'Myra Ziler');
INSERT INTO Produtor(id,nome) Values(11,'Jonathan Capps');
INSERT INTO Produtor(id,nome) Values(12,'Nancy Boykin');
INSERT INTO Produtor(id,nome) Values(13,'Andrew Tandy');
INSERT INTO Produtor(id,nome) Values(14,'Randi Misnick');
INSERT INTO Produtor(id,nome) Values(15,'Vera Marbley');
INSERT INTO Produtor(id,nome) Values(16,'Christina Soza');
INSERT INTO Produtor(id,nome) Values(17,'Steve Pike');
INSERT INTO Produtor(id,nome) Values(18,'Joan Bolton');
INSERT INTO Produtor(id,nome) Values(19,'Leticia Christie');
INSERT INTO Produtor(id,nome) Values(20,'Jonathon Nelson');
INSERT INTO Produtor(id,nome) Values(21,'Lydia Okeefe');
INSERT INTO Produtor(id,nome) Values(22,'Emily Perry');
INSERT INTO Produtor(id,nome) Values(23,'Charlotte Brahler');
INSERT INTO Produtor(id,nome) Values(24,'Troy Scheulen');
INSERT INTO Produtor(id,nome) Values(25,'Allen Kephart');
INSERT INTO Produtor(id,nome) Values(26,'Vivian Vincent');
INSERT INTO Produtor(id,nome) Values(27,'Mary Nobles');
INSERT INTO Produtor(id,nome) Values(28,'Patsy Regis');
INSERT INTO Produtor(id,nome) Values(29,'Jayne Hull');
-- Table: VideoclipAtor
INSERT INTO VideoclipAtor(idVideoclip,idAtor) Values(0,15);
INSERT INTO VideoclipAtor(idVideoclip,idAtor) Values(1,12);
INSERT INTO VideoclipAtor(idVideoclip,idAtor) Values(2,9);
INSERT INTO VideoclipAtor(idVideoclip,idAtor) Values(2,19);
INSERT INTO VideoclipAtor(idVideoclip,idAtor) Values(2,4);
INSERT INTO VideoclipAtor(idVideoclip,idAtor) Values(3,1);
INSERT INTO VideoclipAtor(idVideoclip,idAtor) Values(3,18);
INSERT INTO VideoclipAtor(idVideoclip,idAtor) Values(4,12);
INSERT INTO VideoclipAtor(idVideoclip,idAtor) Values(4,3);
INSERT INTO VideoclipAtor(idVideoclip,idAtor) Values(5,3);
INSERT INTO VideoclipAtor(idVideoclip,idAtor) Values(6,29);
INSERT INTO VideoclipAtor(idVideoclip,idAtor) Values(6,9);
INSERT INTO VideoclipAtor(idVideoclip,idAtor) Values(6,7);
INSERT INTO VideoclipAtor(idVideoclip,idAtor) Values(7,10);
INSERT INTO VideoclipAtor(idVideoclip,idAtor) Values(7,12);
INSERT INTO VideoclipAtor(idVideoclip,idAtor) Values(8,22);
INSERT INTO VideoclipAtor(idVideoclip,idAtor) Values(8,1);
INSERT INTO VideoclipAtor(idVideoclip,idAtor) Values(9,22);
INSERT INTO VideoclipAtor(idVideoclip,idAtor) Values(9,28);
INSERT INTO VideoclipAtor(idVideoclip,idAtor) Values(9,17);
INSERT INTO VideoclipAtor(idVideoclip,idAtor) Values(10,15);
INSERT INTO VideoclipAtor(idVideoclip,idAtor) Values(10,4);
INSERT INTO VideoclipAtor(idVideoclip,idAtor) Values(11,29);
INSERT INTO VideoclipAtor(idVideoclip,idAtor) Values(11,28);
INSERT INTO VideoclipAtor(idVideoclip,idAtor) Values(11,6);
INSERT INTO VideoclipAtor(idVideoclip,idAtor) Values(12,9);
INSERT INTO VideoclipAtor(idVideoclip,idAtor) Values(13,12);
INSERT INTO VideoclipAtor(idVideoclip,idAtor) Values(13,10);
INSERT INTO VideoclipAtor(idVideoclip,idAtor) Values(14,10);
INSERT INTO VideoclipAtor(idVideoclip,idAtor) Values(15,6);
INSERT INTO VideoclipAtor(idVideoclip,idAtor) Values(16,22);
INSERT INTO VideoclipAtor(idVideoclip,idAtor) Values(16,4);
INSERT INTO VideoclipAtor(idVideoclip,idAtor) Values(16,27);
INSERT INTO VideoclipAtor(idVideoclip,idAtor) Values(17,24);
INSERT INTO VideoclipAtor(idVideoclip,idAtor) Values(18,6);
INSERT INTO VideoclipAtor(idVideoclip,idAtor) Values(19,27);
INSERT INTO VideoclipAtor(idVideoclip,idAtor) Values(19,16);
INSERT INTO VideoclipAtor(idVideoclip,idAtor) Values(20,21);
INSERT INTO VideoclipAtor(idVideoclip,idAtor) Values(21,15);
INSERT INTO VideoclipAtor(idVideoclip,idAtor) Values(21,23);
INSERT INTO VideoclipAtor(idVideoclip,idAtor) Values(22,24);
INSERT INTO VideoclipAtor(idVideoclip,idAtor) Values(22,15);
INSERT INTO VideoclipAtor(idVideoclip,idAtor) Values(23,27);
INSERT INTO VideoclipAtor(idVideoclip,idAtor) Values(23,4);
INSERT INTO VideoclipAtor(idVideoclip,idAtor) Values(23,8);
INSERT INTO VideoclipAtor(idVideoclip,idAtor) Values(24,9);
INSERT INTO VideoclipAtor(idVideoclip,idAtor) Values(25,21);
INSERT INTO VideoclipAtor(idVideoclip,idAtor) Values(25,7);
INSERT INTO VideoclipAtor(idVideoclip,idAtor) Values(26,6);
INSERT INTO VideoclipAtor(idVideoclip,idAtor) Values(27,11);
INSERT INTO VideoclipAtor(idVideoclip,idAtor) Values(27,18);
INSERT INTO VideoclipAtor(idVideoclip,idAtor) Values(27,5);
INSERT INTO VideoclipAtor(idVideoclip,idAtor) Values(28,10);
INSERT INTO VideoclipAtor(idVideoclip,idAtor) Values(28,15);
INSERT INTO VideoclipAtor(idVideoclip,idAtor) Values(29,17);
INSERT INTO VideoclipAtor(idVideoclip,idAtor) Values(29,1);
INSERT INTO VideoclipAtor(idVideoclip,idAtor) Values(29,16);
INSERT INTO VideoclipAtor(idVideoclip,idAtor) Values(30,29);
INSERT INTO VideoclipAtor(idVideoclip,idAtor) Values(30,28);
INSERT INTO VideoclipAtor(idVideoclip,idAtor) Values(30,15);
INSERT INTO VideoclipAtor(idVideoclip,idAtor) Values(31,2);
INSERT INTO VideoclipAtor(idVideoclip,idAtor) Values(31,3);
INSERT INTO VideoclipAtor(idVideoclip,idAtor) Values(32,2);
INSERT INTO VideoclipAtor(idVideoclip,idAtor) Values(32,21);
INSERT INTO VideoclipAtor(idVideoclip,idAtor) Values(33,10);
INSERT INTO VideoclipAtor(idVideoclip,idAtor) Values(33,17);
INSERT INTO VideoclipAtor(idVideoclip,idAtor) Values(34,2);
INSERT INTO VideoclipAtor(idVideoclip,idAtor) Values(34,9);
INSERT INTO VideoclipAtor(idVideoclip,idAtor) Values(35,6);
INSERT INTO VideoclipAtor(idVideoclip,idAtor) Values(35,18);
INSERT INTO VideoclipAtor(idVideoclip,idAtor) Values(36,10);
INSERT INTO VideoclipAtor(idVideoclip,idAtor) Values(36,20);
INSERT INTO VideoclipAtor(idVideoclip,idAtor) Values(37,9);
INSERT INTO VideoclipAtor(idVideoclip,idAtor) Values(37,2);
INSERT INTO VideoclipAtor(idVideoclip,idAtor) Values(38,24);
INSERT INTO VideoclipAtor(idVideoclip,idAtor) Values(38,13);
INSERT INTO VideoclipAtor(idVideoclip,idAtor) Values(39,9);
INSERT INTO VideoclipAtor(idVideoclip,idAtor) Values(40,20);
INSERT INTO VideoclipAtor(idVideoclip,idAtor) Values(40,10);
INSERT INTO VideoclipAtor(idVideoclip,idAtor) Values(40,18);
INSERT INTO VideoclipAtor(idVideoclip,idAtor) Values(41,8);
INSERT INTO VideoclipAtor(idVideoclip,idAtor) Values(42,3);
INSERT INTO VideoclipAtor(idVideoclip,idAtor) Values(42,4);
INSERT INTO VideoclipAtor(idVideoclip,idAtor) Values(43,10);
INSERT INTO VideoclipAtor(idVideoclip,idAtor) Values(43,14);
INSERT INTO VideoclipAtor(idVideoclip,idAtor) Values(44,15);
INSERT INTO VideoclipAtor(idVideoclip,idAtor) Values(44,25);
INSERT INTO VideoclipAtor(idVideoclip,idAtor) Values(44,0);
INSERT INTO VideoclipAtor(idVideoclip,idAtor) Values(45,27);
INSERT INTO VideoclipAtor(idVideoclip,idAtor) Values(45,21);
INSERT INTO VideoclipAtor(idVideoclip,idAtor) Values(45,22);
INSERT INTO VideoclipAtor(idVideoclip,idAtor) Values(46,4);
INSERT INTO VideoclipAtor(idVideoclip,idAtor) Values(47,15);
INSERT INTO VideoclipAtor(idVideoclip,idAtor) Values(48,24);
INSERT INTO VideoclipAtor(idVideoclip,idAtor) Values(48,19);
INSERT INTO VideoclipAtor(idVideoclip,idAtor) Values(49,16);
INSERT INTO VideoclipAtor(idVideoclip,idAtor) Values(49,8);
INSERT INTO VideoclipAtor(idVideoclip,idAtor) Values(50,13);
INSERT INTO VideoclipAtor(idVideoclip,idAtor) Values(50,28);
INSERT INTO VideoclipAtor(idVideoclip,idAtor) Values(51,1);
INSERT INTO VideoclipAtor(idVideoclip,idAtor) Values(52,3);
INSERT INTO VideoclipAtor(idVideoclip,idAtor) Values(52,26);
INSERT INTO VideoclipAtor(idVideoclip,idAtor) Values(52,17);
INSERT INTO VideoclipAtor(idVideoclip,idAtor) Values(53,24);
INSERT INTO VideoclipAtor(idVideoclip,idAtor) Values(54,5);
INSERT INTO VideoclipAtor(idVideoclip,idAtor) Values(54,25);
INSERT INTO VideoclipAtor(idVideoclip,idAtor) Values(54,29);
INSERT INTO VideoclipAtor(idVideoclip,idAtor) Values(55,18);
INSERT INTO VideoclipAtor(idVideoclip,idAtor) Values(55,2);
INSERT INTO VideoclipAtor(idVideoclip,idAtor) Values(55,0);
INSERT INTO VideoclipAtor(idVideoclip,idAtor) Values(56,10);
INSERT INTO VideoclipAtor(idVideoclip,idAtor) Values(56,16);
INSERT INTO VideoclipAtor(idVideoclip,idAtor) Values(56,9);
INSERT INTO VideoclipAtor(idVideoclip,idAtor) Values(57,1);
INSERT INTO VideoclipAtor(idVideoclip,idAtor) Values(57,13);
INSERT INTO VideoclipAtor(idVideoclip,idAtor) Values(58,24);
INSERT INTO VideoclipAtor(idVideoclip,idAtor) Values(58,11);
INSERT INTO VideoclipAtor(idVideoclip,idAtor) Values(58,16);
INSERT INTO VideoclipAtor(idVideoclip,idAtor) Values(59,3);
INSERT INTO VideoclipAtor(idVideoclip,idAtor) Values(59,29);
INSERT INTO VideoclipAtor(idVideoclip,idAtor) Values(60,22);
INSERT INTO VideoclipAtor(idVideoclip,idAtor) Values(61,13);
INSERT INTO VideoclipAtor(idVideoclip,idAtor) Values(61,20);
INSERT INTO VideoclipAtor(idVideoclip,idAtor) Values(62,5);
INSERT INTO VideoclipAtor(idVideoclip,idAtor) Values(63,15);
INSERT INTO VideoclipAtor(idVideoclip,idAtor) Values(63,8);
INSERT INTO VideoclipAtor(idVideoclip,idAtor) Values(64,2);
INSERT INTO VideoclipAtor(idVideoclip,idAtor) Values(64,3);
INSERT INTO VideoclipAtor(idVideoclip,idAtor) Values(65,18);
INSERT INTO VideoclipAtor(idVideoclip,idAtor) Values(66,6);
INSERT INTO VideoclipAtor(idVideoclip,idAtor) Values(66,2);
INSERT INTO VideoclipAtor(idVideoclip,idAtor) Values(66,9);
INSERT INTO VideoclipAtor(idVideoclip,idAtor) Values(67,21);
INSERT INTO VideoclipAtor(idVideoclip,idAtor) Values(67,28);
INSERT INTO VideoclipAtor(idVideoclip,idAtor) Values(68,19);
INSERT INTO VideoclipAtor(idVideoclip,idAtor) Values(69,7);
INSERT INTO VideoclipAtor(idVideoclip,idAtor) Values(69,26);
INSERT INTO VideoclipAtor(idVideoclip,idAtor) Values(70,10);
INSERT INTO VideoclipAtor(idVideoclip,idAtor) Values(71,7);
INSERT INTO VideoclipAtor(idVideoclip,idAtor) Values(72,20);
INSERT INTO VideoclipAtor(idVideoclip,idAtor) Values(72,4);
INSERT INTO VideoclipAtor(idVideoclip,idAtor) Values(72,18);
INSERT INTO VideoclipAtor(idVideoclip,idAtor) Values(73,17);
INSERT INTO VideoclipAtor(idVideoclip,idAtor) Values(73,24);
INSERT INTO VideoclipAtor(idVideoclip,idAtor) Values(73,14);
INSERT INTO VideoclipAtor(idVideoclip,idAtor) Values(74,22);
INSERT INTO VideoclipAtor(idVideoclip,idAtor) Values(74,23);
INSERT INTO VideoclipAtor(idVideoclip,idAtor) Values(74,18);
INSERT INTO VideoclipAtor(idVideoclip,idAtor) Values(75,0);
INSERT INTO VideoclipAtor(idVideoclip,idAtor) Values(76,23);
INSERT INTO VideoclipAtor(idVideoclip,idAtor) Values(77,21);
INSERT INTO VideoclipAtor(idVideoclip,idAtor) Values(77,13);
INSERT INTO VideoclipAtor(idVideoclip,idAtor) Values(78,10);
INSERT INTO VideoclipAtor(idVideoclip,idAtor) Values(78,7);
INSERT INTO VideoclipAtor(idVideoclip,idAtor) Values(78,17);
INSERT INTO VideoclipAtor(idVideoclip,idAtor) Values(79,3);
INSERT INTO VideoclipAtor(idVideoclip,idAtor) Values(80,21);
INSERT INTO VideoclipAtor(idVideoclip,idAtor) Values(80,1);
INSERT INTO VideoclipAtor(idVideoclip,idAtor) Values(81,27);
INSERT INTO VideoclipAtor(idVideoclip,idAtor) Values(81,7);
INSERT INTO VideoclipAtor(idVideoclip,idAtor) Values(81,14);
INSERT INTO VideoclipAtor(idVideoclip,idAtor) Values(82,8);
INSERT INTO VideoclipAtor(idVideoclip,idAtor) Values(83,13);
INSERT INTO VideoclipAtor(idVideoclip,idAtor) Values(84,2);
INSERT INTO VideoclipAtor(idVideoclip,idAtor) Values(84,16);
INSERT INTO VideoclipAtor(idVideoclip,idAtor) Values(84,23);
INSERT INTO VideoclipAtor(idVideoclip,idAtor) Values(85,24);
INSERT INTO VideoclipAtor(idVideoclip,idAtor) Values(85,5);
INSERT INTO VideoclipAtor(idVideoclip,idAtor) Values(86,4);
INSERT INTO VideoclipAtor(idVideoclip,idAtor) Values(86,28);
INSERT INTO VideoclipAtor(idVideoclip,idAtor) Values(87,16);
INSERT INTO VideoclipAtor(idVideoclip,idAtor) Values(87,17);
INSERT INTO VideoclipAtor(idVideoclip,idAtor) Values(88,19);
INSERT INTO VideoclipAtor(idVideoclip,idAtor) Values(88,2);
INSERT INTO VideoclipAtor(idVideoclip,idAtor) Values(89,5);
INSERT INTO VideoclipAtor(idVideoclip,idAtor) Values(90,18);
INSERT INTO VideoclipAtor(idVideoclip,idAtor) Values(91,15);
INSERT INTO VideoclipAtor(idVideoclip,idAtor) Values(91,1);
INSERT INTO VideoclipAtor(idVideoclip,idAtor) Values(92,25);
INSERT INTO VideoclipAtor(idVideoclip,idAtor) Values(93,21);
INSERT INTO VideoclipAtor(idVideoclip,idAtor) Values(93,19);
INSERT INTO VideoclipAtor(idVideoclip,idAtor) Values(94,21);
INSERT INTO VideoclipAtor(idVideoclip,idAtor) Values(94,7);
INSERT INTO VideoclipAtor(idVideoclip,idAtor) Values(95,17);
INSERT INTO VideoclipAtor(idVideoclip,idAtor) Values(95,29);
INSERT INTO VideoclipAtor(idVideoclip,idAtor) Values(95,5);
INSERT INTO VideoclipAtor(idVideoclip,idAtor) Values(96,5);
INSERT INTO VideoclipAtor(idVideoclip,idAtor) Values(97,3);
INSERT INTO VideoclipAtor(idVideoclip,idAtor) Values(97,8);
INSERT INTO VideoclipAtor(idVideoclip,idAtor) Values(98,19);
INSERT INTO VideoclipAtor(idVideoclip,idAtor) Values(99,11);
INSERT INTO VideoclipAtor(idVideoclip,idAtor) Values(99,18);
INSERT INTO VideoclipAtor(idVideoclip,idAtor) Values(99,28);
INSERT INTO VideoclipAtor(idVideoclip,idAtor) Values(100,2);
INSERT INTO VideoclipAtor(idVideoclip,idAtor) Values(101,11);
INSERT INTO VideoclipAtor(idVideoclip,idAtor) Values(101,19);
INSERT INTO VideoclipAtor(idVideoclip,idAtor) Values(102,7);
INSERT INTO VideoclipAtor(idVideoclip,idAtor) Values(102,20);
INSERT INTO VideoclipAtor(idVideoclip,idAtor) Values(103,23);
INSERT INTO VideoclipAtor(idVideoclip,idAtor) Values(103,21);
INSERT INTO VideoclipAtor(idVideoclip,idAtor) Values(103,22);
INSERT INTO VideoclipAtor(idVideoclip,idAtor) Values(104,24);
INSERT INTO VideoclipAtor(idVideoclip,idAtor) Values(104,25);
INSERT INTO VideoclipAtor(idVideoclip,idAtor) Values(105,11);
INSERT INTO VideoclipAtor(idVideoclip,idAtor) Values(106,10);
INSERT INTO VideoclipAtor(idVideoclip,idAtor) Values(107,13);
INSERT INTO VideoclipAtor(idVideoclip,idAtor) Values(107,4);
INSERT INTO VideoclipAtor(idVideoclip,idAtor) Values(108,27);
INSERT INTO VideoclipAtor(idVideoclip,idAtor) Values(108,21);
INSERT INTO VideoclipAtor(idVideoclip,idAtor) Values(109,5);
INSERT INTO VideoclipAtor(idVideoclip,idAtor) Values(109,6);
INSERT INTO VideoclipAtor(idVideoclip,idAtor) Values(109,12);
INSERT INTO VideoclipAtor(idVideoclip,idAtor) Values(110,16);
INSERT INTO VideoclipAtor(idVideoclip,idAtor) Values(110,21);
INSERT INTO VideoclipAtor(idVideoclip,idAtor) Values(110,11);
INSERT INTO VideoclipAtor(idVideoclip,idAtor) Values(111,22);
INSERT INTO VideoclipAtor(idVideoclip,idAtor) Values(112,24);
INSERT INTO VideoclipAtor(idVideoclip,idAtor) Values(112,2);
INSERT INTO VideoclipAtor(idVideoclip,idAtor) Values(112,4);
INSERT INTO VideoclipAtor(idVideoclip,idAtor) Values(113,26);
INSERT INTO VideoclipAtor(idVideoclip,idAtor) Values(114,13);
INSERT INTO VideoclipAtor(idVideoclip,idAtor) Values(115,12);
INSERT INTO VideoclipAtor(idVideoclip,idAtor) Values(115,20);
INSERT INTO VideoclipAtor(idVideoclip,idAtor) Values(115,16);
INSERT INTO VideoclipAtor(idVideoclip,idAtor) Values(116,5);
INSERT INTO VideoclipAtor(idVideoclip,idAtor) Values(116,3);
INSERT INTO VideoclipAtor(idVideoclip,idAtor) Values(117,4);
INSERT INTO VideoclipAtor(idVideoclip,idAtor) Values(117,17);
INSERT INTO VideoclipAtor(idVideoclip,idAtor) Values(117,11);
INSERT INTO VideoclipAtor(idVideoclip,idAtor) Values(118,19);
INSERT INTO VideoclipAtor(idVideoclip,idAtor) Values(118,22);
INSERT INTO VideoclipAtor(idVideoclip,idAtor) Values(119,22);
INSERT INTO VideoclipAtor(idVideoclip,idAtor) Values(119,27);
INSERT INTO VideoclipAtor(idVideoclip,idAtor) Values(120,16);
INSERT INTO VideoclipAtor(idVideoclip,idAtor) Values(120,22);
INSERT INTO VideoclipAtor(idVideoclip,idAtor) Values(121,14);
INSERT INTO VideoclipAtor(idVideoclip,idAtor) Values(121,25);
INSERT INTO VideoclipAtor(idVideoclip,idAtor) Values(122,25);
INSERT INTO VideoclipAtor(idVideoclip,idAtor) Values(122,16);
INSERT INTO VideoclipAtor(idVideoclip,idAtor) Values(123,14);
INSERT INTO VideoclipAtor(idVideoclip,idAtor) Values(123,13);
INSERT INTO VideoclipAtor(idVideoclip,idAtor) Values(123,0);
INSERT INTO VideoclipAtor(idVideoclip,idAtor) Values(124,8);
INSERT INTO VideoclipAtor(idVideoclip,idAtor) Values(125,6);
INSERT INTO VideoclipAtor(idVideoclip,idAtor) Values(125,12);
INSERT INTO VideoclipAtor(idVideoclip,idAtor) Values(126,2);
INSERT INTO VideoclipAtor(idVideoclip,idAtor) Values(126,11);
INSERT INTO VideoclipAtor(idVideoclip,idAtor) Values(127,10);
INSERT INTO VideoclipAtor(idVideoclip,idAtor) Values(127,5);
INSERT INTO VideoclipAtor(idVideoclip,idAtor) Values(127,8);
INSERT INTO VideoclipAtor(idVideoclip,idAtor) Values(128,14);
INSERT INTO VideoclipAtor(idVideoclip,idAtor) Values(128,8);
INSERT INTO VideoclipAtor(idVideoclip,idAtor) Values(129,17);
INSERT INTO VideoclipAtor(idVideoclip,idAtor) Values(129,28);
INSERT INTO VideoclipAtor(idVideoclip,idAtor) Values(130,28);
INSERT INTO VideoclipAtor(idVideoclip,idAtor) Values(131,7);
INSERT INTO VideoclipAtor(idVideoclip,idAtor) Values(131,2);
INSERT INTO VideoclipAtor(idVideoclip,idAtor) Values(132,2);
INSERT INTO VideoclipAtor(idVideoclip,idAtor) Values(132,14);
INSERT INTO VideoclipAtor(idVideoclip,idAtor) Values(133,13);
INSERT INTO VideoclipAtor(idVideoclip,idAtor) Values(134,11);
INSERT INTO VideoclipAtor(idVideoclip,idAtor) Values(135,10);
INSERT INTO VideoclipAtor(idVideoclip,idAtor) Values(135,14);
INSERT INTO VideoclipAtor(idVideoclip,idAtor) Values(135,25);
INSERT INTO VideoclipAtor(idVideoclip,idAtor) Values(136,29);
INSERT INTO VideoclipAtor(idVideoclip,idAtor) Values(137,15);
INSERT INTO VideoclipAtor(idVideoclip,idAtor) Values(137,21);
INSERT INTO VideoclipAtor(idVideoclip,idAtor) Values(137,11);
INSERT INTO VideoclipAtor(idVideoclip,idAtor) Values(138,20);
INSERT INTO VideoclipAtor(idVideoclip,idAtor) Values(138,29);
INSERT INTO VideoclipAtor(idVideoclip,idAtor) Values(139,0);
INSERT INTO VideoclipAtor(idVideoclip,idAtor) Values(139,1);
INSERT INTO VideoclipAtor(idVideoclip,idAtor) Values(139,14);
INSERT INTO VideoclipAtor(idVideoclip,idAtor) Values(140,25);
INSERT INTO VideoclipAtor(idVideoclip,idAtor) Values(140,10);
INSERT INTO VideoclipAtor(idVideoclip,idAtor) Values(141,1);
INSERT INTO VideoclipAtor(idVideoclip,idAtor) Values(141,7);
INSERT INTO VideoclipAtor(idVideoclip,idAtor) Values(142,24);
INSERT INTO VideoclipAtor(idVideoclip,idAtor) Values(142,18);
INSERT INTO VideoclipAtor(idVideoclip,idAtor) Values(143,28);
INSERT INTO VideoclipAtor(idVideoclip,idAtor) Values(143,21);
INSERT INTO VideoclipAtor(idVideoclip,idAtor) Values(144,25);
INSERT INTO VideoclipAtor(idVideoclip,idAtor) Values(144,16);
INSERT INTO VideoclipAtor(idVideoclip,idAtor) Values(144,23);
INSERT INTO VideoclipAtor(idVideoclip,idAtor) Values(145,7);
INSERT INTO VideoclipAtor(idVideoclip,idAtor) Values(145,10);
INSERT INTO VideoclipAtor(idVideoclip,idAtor) Values(145,5);
INSERT INTO VideoclipAtor(idVideoclip,idAtor) Values(146,26);
INSERT INTO VideoclipAtor(idVideoclip,idAtor) Values(147,8);
INSERT INTO VideoclipAtor(idVideoclip,idAtor) Values(148,12);
INSERT INTO VideoclipAtor(idVideoclip,idAtor) Values(148,19);
INSERT INTO VideoclipAtor(idVideoclip,idAtor) Values(149,23);
INSERT INTO VideoclipAtor(idVideoclip,idAtor) Values(149,15);
INSERT INTO VideoclipAtor(idVideoclip,idAtor) Values(150,23);
INSERT INTO VideoclipAtor(idVideoclip,idAtor) Values(150,25);
INSERT INTO VideoclipAtor(idVideoclip,idAtor) Values(150,15);
INSERT INTO VideoclipAtor(idVideoclip,idAtor) Values(151,21);
INSERT INTO VideoclipAtor(idVideoclip,idAtor) Values(151,26);
INSERT INTO VideoclipAtor(idVideoclip,idAtor) Values(152,26);
INSERT INTO VideoclipAtor(idVideoclip,idAtor) Values(152,10);
INSERT INTO VideoclipAtor(idVideoclip,idAtor) Values(152,25);
INSERT INTO VideoclipAtor(idVideoclip,idAtor) Values(153,22);
INSERT INTO VideoclipAtor(idVideoclip,idAtor) Values(153,10);
INSERT INTO VideoclipAtor(idVideoclip,idAtor) Values(154,15);
INSERT INTO VideoclipAtor(idVideoclip,idAtor) Values(154,28);
INSERT INTO VideoclipAtor(idVideoclip,idAtor) Values(154,29);
INSERT INTO VideoclipAtor(idVideoclip,idAtor) Values(155,13);
INSERT INTO VideoclipAtor(idVideoclip,idAtor) Values(155,15);
INSERT INTO VideoclipAtor(idVideoclip,idAtor) Values(155,21);
INSERT INTO VideoclipAtor(idVideoclip,idAtor) Values(156,12);
INSERT INTO VideoclipAtor(idVideoclip,idAtor) Values(156,16);
INSERT INTO VideoclipAtor(idVideoclip,idAtor) Values(156,3);
INSERT INTO VideoclipAtor(idVideoclip,idAtor) Values(157,26);
INSERT INTO VideoclipAtor(idVideoclip,idAtor) Values(157,7);
INSERT INTO VideoclipAtor(idVideoclip,idAtor) Values(158,15);
INSERT INTO VideoclipAtor(idVideoclip,idAtor) Values(158,12);
INSERT INTO VideoclipAtor(idVideoclip,idAtor) Values(158,25);
INSERT INTO VideoclipAtor(idVideoclip,idAtor) Values(159,26);
INSERT INTO VideoclipAtor(idVideoclip,idAtor) Values(159,20);
INSERT INTO VideoclipAtor(idVideoclip,idAtor) Values(160,28);
INSERT INTO VideoclipAtor(idVideoclip,idAtor) Values(161,21);
INSERT INTO VideoclipAtor(idVideoclip,idAtor) Values(162,14);
INSERT INTO VideoclipAtor(idVideoclip,idAtor) Values(162,29);
INSERT INTO VideoclipAtor(idVideoclip,idAtor) Values(163,25);
INSERT INTO VideoclipAtor(idVideoclip,idAtor) Values(164,16);
INSERT INTO VideoclipAtor(idVideoclip,idAtor) Values(164,15);
INSERT INTO VideoclipAtor(idVideoclip,idAtor) Values(165,21);
INSERT INTO VideoclipAtor(idVideoclip,idAtor) Values(166,2);
INSERT INTO VideoclipAtor(idVideoclip,idAtor) Values(166,21);
INSERT INTO VideoclipAtor(idVideoclip,idAtor) Values(166,10);
INSERT INTO VideoclipAtor(idVideoclip,idAtor) Values(167,24);
INSERT INTO VideoclipAtor(idVideoclip,idAtor) Values(168,9);
INSERT INTO VideoclipAtor(idVideoclip,idAtor) Values(169,4);
INSERT INTO VideoclipAtor(idVideoclip,idAtor) Values(169,8);
INSERT INTO VideoclipAtor(idVideoclip,idAtor) Values(169,28);
INSERT INTO VideoclipAtor(idVideoclip,idAtor) Values(170,29);
INSERT INTO VideoclipAtor(idVideoclip,idAtor) Values(170,12);
INSERT INTO VideoclipAtor(idVideoclip,idAtor) Values(170,11);
INSERT INTO VideoclipAtor(idVideoclip,idAtor) Values(171,16);
INSERT INTO VideoclipAtor(idVideoclip,idAtor) Values(171,13);
INSERT INTO VideoclipAtor(idVideoclip,idAtor) Values(172,14);
INSERT INTO VideoclipAtor(idVideoclip,idAtor) Values(173,9);
INSERT INTO VideoclipAtor(idVideoclip,idAtor) Values(173,17);
INSERT INTO VideoclipAtor(idVideoclip,idAtor) Values(174,0);
INSERT INTO VideoclipAtor(idVideoclip,idAtor) Values(175,26);
INSERT INTO VideoclipAtor(idVideoclip,idAtor) Values(175,18);
INSERT INTO VideoclipAtor(idVideoclip,idAtor) Values(175,24);
INSERT INTO VideoclipAtor(idVideoclip,idAtor) Values(176,25);
INSERT INTO VideoclipAtor(idVideoclip,idAtor) Values(176,1);
INSERT INTO VideoclipAtor(idVideoclip,idAtor) Values(176,2);
INSERT INTO VideoclipAtor(idVideoclip,idAtor) Values(177,10);
INSERT INTO VideoclipAtor(idVideoclip,idAtor) Values(178,18);
INSERT INTO VideoclipAtor(idVideoclip,idAtor) Values(178,0);
INSERT INTO VideoclipAtor(idVideoclip,idAtor) Values(179,16);
INSERT INTO VideoclipAtor(idVideoclip,idAtor) Values(179,8);
INSERT INTO VideoclipAtor(idVideoclip,idAtor) Values(179,12);
INSERT INTO VideoclipAtor(idVideoclip,idAtor) Values(180,0);
INSERT INTO VideoclipAtor(idVideoclip,idAtor) Values(181,7);
INSERT INTO VideoclipAtor(idVideoclip,idAtor) Values(181,5);
INSERT INTO VideoclipAtor(idVideoclip,idAtor) Values(181,11);
INSERT INTO VideoclipAtor(idVideoclip,idAtor) Values(182,26);
INSERT INTO VideoclipAtor(idVideoclip,idAtor) Values(182,12);
INSERT INTO VideoclipAtor(idVideoclip,idAtor) Values(183,8);
INSERT INTO VideoclipAtor(idVideoclip,idAtor) Values(183,15);
INSERT INTO VideoclipAtor(idVideoclip,idAtor) Values(184,11);
INSERT INTO VideoclipAtor(idVideoclip,idAtor) Values(184,28);
INSERT INTO VideoclipAtor(idVideoclip,idAtor) Values(184,21);
INSERT INTO VideoclipAtor(idVideoclip,idAtor) Values(185,0);
INSERT INTO VideoclipAtor(idVideoclip,idAtor) Values(185,9);
INSERT INTO VideoclipAtor(idVideoclip,idAtor) Values(185,14);
INSERT INTO VideoclipAtor(idVideoclip,idAtor) Values(186,12);
INSERT INTO VideoclipAtor(idVideoclip,idAtor) Values(187,11);
INSERT INTO VideoclipAtor(idVideoclip,idAtor) Values(188,7);
INSERT INTO VideoclipAtor(idVideoclip,idAtor) Values(188,9);
INSERT INTO VideoclipAtor(idVideoclip,idAtor) Values(188,27);
INSERT INTO VideoclipAtor(idVideoclip,idAtor) Values(189,4);
INSERT INTO VideoclipAtor(idVideoclip,idAtor) Values(189,2);
INSERT INTO VideoclipAtor(idVideoclip,idAtor) Values(190,7);
INSERT INTO VideoclipAtor(idVideoclip,idAtor) Values(191,4);
INSERT INTO VideoclipAtor(idVideoclip,idAtor) Values(191,2);
INSERT INTO VideoclipAtor(idVideoclip,idAtor) Values(191,24);
INSERT INTO VideoclipAtor(idVideoclip,idAtor) Values(192,1);
INSERT INTO VideoclipAtor(idVideoclip,idAtor) Values(192,29);
INSERT INTO VideoclipAtor(idVideoclip,idAtor) Values(192,14);
INSERT INTO VideoclipAtor(idVideoclip,idAtor) Values(193,21);
INSERT INTO VideoclipAtor(idVideoclip,idAtor) Values(193,22);
INSERT INTO VideoclipAtor(idVideoclip,idAtor) Values(194,2);
INSERT INTO VideoclipAtor(idVideoclip,idAtor) Values(194,26);
INSERT INTO VideoclipAtor(idVideoclip,idAtor) Values(195,19);
INSERT INTO VideoclipAtor(idVideoclip,idAtor) Values(195,26);
INSERT INTO VideoclipAtor(idVideoclip,idAtor) Values(196,23);
INSERT INTO VideoclipAtor(idVideoclip,idAtor) Values(197,14);
INSERT INTO VideoclipAtor(idVideoclip,idAtor) Values(198,24);
INSERT INTO VideoclipAtor(idVideoclip,idAtor) Values(198,15);
INSERT INTO VideoclipAtor(idVideoclip,idAtor) Values(199,27);
INSERT INTO VideoclipAtor(idVideoclip,idAtor) Values(200,27);
INSERT INTO VideoclipAtor(idVideoclip,idAtor) Values(201,18);
INSERT INTO VideoclipAtor(idVideoclip,idAtor) Values(201,4);
INSERT INTO VideoclipAtor(idVideoclip,idAtor) Values(201,16);
INSERT INTO VideoclipAtor(idVideoclip,idAtor) Values(202,11);
INSERT INTO VideoclipAtor(idVideoclip,idAtor) Values(202,19);
INSERT INTO VideoclipAtor(idVideoclip,idAtor) Values(202,15);
INSERT INTO VideoclipAtor(idVideoclip,idAtor) Values(203,17);
INSERT INTO VideoclipAtor(idVideoclip,idAtor) Values(204,7);
INSERT INTO VideoclipAtor(idVideoclip,idAtor) Values(204,21);
INSERT INTO VideoclipAtor(idVideoclip,idAtor) Values(204,0);
INSERT INTO VideoclipAtor(idVideoclip,idAtor) Values(205,9);
INSERT INTO VideoclipAtor(idVideoclip,idAtor) Values(205,3);
INSERT INTO VideoclipAtor(idVideoclip,idAtor) Values(206,8);
INSERT INTO VideoclipAtor(idVideoclip,idAtor) Values(207,23);
INSERT INTO VideoclipAtor(idVideoclip,idAtor) Values(207,24);
INSERT INTO VideoclipAtor(idVideoclip,idAtor) Values(208,15);
INSERT INTO VideoclipAtor(idVideoclip,idAtor) Values(208,20);
INSERT INTO VideoclipAtor(idVideoclip,idAtor) Values(208,12);
INSERT INTO VideoclipAtor(idVideoclip,idAtor) Values(209,22);
INSERT INTO VideoclipAtor(idVideoclip,idAtor) Values(210,29);
INSERT INTO VideoclipAtor(idVideoclip,idAtor) Values(211,7);
INSERT INTO VideoclipAtor(idVideoclip,idAtor) Values(212,7);
INSERT INTO VideoclipAtor(idVideoclip,idAtor) Values(212,21);
INSERT INTO VideoclipAtor(idVideoclip,idAtor) Values(213,26);
INSERT INTO VideoclipAtor(idVideoclip,idAtor) Values(213,17);
INSERT INTO VideoclipAtor(idVideoclip,idAtor) Values(213,12);
INSERT INTO VideoclipAtor(idVideoclip,idAtor) Values(214,23);
INSERT INTO VideoclipAtor(idVideoclip,idAtor) Values(214,25);
INSERT INTO VideoclipAtor(idVideoclip,idAtor) Values(215,4);
INSERT INTO VideoclipAtor(idVideoclip,idAtor) Values(216,22);
INSERT INTO VideoclipAtor(idVideoclip,idAtor) Values(216,2);
INSERT INTO VideoclipAtor(idVideoclip,idAtor) Values(217,21);
INSERT INTO VideoclipAtor(idVideoclip,idAtor) Values(218,19);
INSERT INTO VideoclipAtor(idVideoclip,idAtor) Values(218,12);
INSERT INTO VideoclipAtor(idVideoclip,idAtor) Values(218,14);
INSERT INTO VideoclipAtor(idVideoclip,idAtor) Values(219,17);
INSERT INTO VideoclipAtor(idVideoclip,idAtor) Values(219,20);
INSERT INTO VideoclipAtor(idVideoclip,idAtor) Values(220,11);
INSERT INTO VideoclipAtor(idVideoclip,idAtor) Values(220,14);
INSERT INTO VideoclipAtor(idVideoclip,idAtor) Values(220,6);
INSERT INTO VideoclipAtor(idVideoclip,idAtor) Values(221,1);
INSERT INTO VideoclipAtor(idVideoclip,idAtor) Values(221,26);
INSERT INTO VideoclipAtor(idVideoclip,idAtor) Values(222,4);
INSERT INTO VideoclipAtor(idVideoclip,idAtor) Values(222,20);
INSERT INTO VideoclipAtor(idVideoclip,idAtor) Values(223,17);
INSERT INTO VideoclipAtor(idVideoclip,idAtor) Values(223,27);
INSERT INTO VideoclipAtor(idVideoclip,idAtor) Values(224,6);
INSERT INTO VideoclipAtor(idVideoclip,idAtor) Values(225,28);
INSERT INTO VideoclipAtor(idVideoclip,idAtor) Values(225,11);
INSERT INTO VideoclipAtor(idVideoclip,idAtor) Values(226,6);
INSERT INTO VideoclipAtor(idVideoclip,idAtor) Values(226,11);
INSERT INTO VideoclipAtor(idVideoclip,idAtor) Values(227,18);
INSERT INTO VideoclipAtor(idVideoclip,idAtor) Values(227,5);
INSERT INTO VideoclipAtor(idVideoclip,idAtor) Values(228,23);
INSERT INTO VideoclipAtor(idVideoclip,idAtor) Values(229,6);
INSERT INTO VideoclipAtor(idVideoclip,idAtor) Values(230,10);
INSERT INTO VideoclipAtor(idVideoclip,idAtor) Values(230,18);
INSERT INTO VideoclipAtor(idVideoclip,idAtor) Values(230,22);
INSERT INTO VideoclipAtor(idVideoclip,idAtor) Values(231,0);
INSERT INTO VideoclipAtor(idVideoclip,idAtor) Values(231,18);
INSERT INTO VideoclipAtor(idVideoclip,idAtor) Values(231,24);
INSERT INTO VideoclipAtor(idVideoclip,idAtor) Values(232,15);
INSERT INTO VideoclipAtor(idVideoclip,idAtor) Values(232,12);
INSERT INTO VideoclipAtor(idVideoclip,idAtor) Values(232,29);
INSERT INTO VideoclipAtor(idVideoclip,idAtor) Values(233,10);
INSERT INTO VideoclipAtor(idVideoclip,idAtor) Values(234,11);
INSERT INTO VideoclipAtor(idVideoclip,idAtor) Values(234,23);
INSERT INTO VideoclipAtor(idVideoclip,idAtor) Values(235,4);
INSERT INTO VideoclipAtor(idVideoclip,idAtor) Values(236,17);
INSERT INTO VideoclipAtor(idVideoclip,idAtor) Values(236,13);
INSERT INTO VideoclipAtor(idVideoclip,idAtor) Values(236,7);
INSERT INTO VideoclipAtor(idVideoclip,idAtor) Values(237,12);
INSERT INTO VideoclipAtor(idVideoclip,idAtor) Values(237,10);
INSERT INTO VideoclipAtor(idVideoclip,idAtor) Values(237,25);
INSERT INTO VideoclipAtor(idVideoclip,idAtor) Values(238,1);
INSERT INTO VideoclipAtor(idVideoclip,idAtor) Values(239,23);
INSERT INTO VideoclipAtor(idVideoclip,idAtor) Values(239,4);
INSERT INTO VideoclipAtor(idVideoclip,idAtor) Values(240,27);
INSERT INTO VideoclipAtor(idVideoclip,idAtor) Values(240,8);
INSERT INTO VideoclipAtor(idVideoclip,idAtor) Values(241,17);
INSERT INTO VideoclipAtor(idVideoclip,idAtor) Values(241,29);
INSERT INTO VideoclipAtor(idVideoclip,idAtor) Values(241,13);
INSERT INTO VideoclipAtor(idVideoclip,idAtor) Values(242,22);
INSERT INTO VideoclipAtor(idVideoclip,idAtor) Values(242,12);
INSERT INTO VideoclipAtor(idVideoclip,idAtor) Values(242,0);
INSERT INTO VideoclipAtor(idVideoclip,idAtor) Values(243,14);
INSERT INTO VideoclipAtor(idVideoclip,idAtor) Values(243,4);
INSERT INTO VideoclipAtor(idVideoclip,idAtor) Values(244,1);
INSERT INTO VideoclipAtor(idVideoclip,idAtor) Values(244,16);
INSERT INTO VideoclipAtor(idVideoclip,idAtor) Values(244,6);
INSERT INTO VideoclipAtor(idVideoclip,idAtor) Values(245,9);
INSERT INTO VideoclipAtor(idVideoclip,idAtor) Values(245,7);
INSERT INTO VideoclipAtor(idVideoclip,idAtor) Values(246,9);
INSERT INTO VideoclipAtor(idVideoclip,idAtor) Values(247,11);
INSERT INTO VideoclipAtor(idVideoclip,idAtor) Values(247,12);
INSERT INTO VideoclipAtor(idVideoclip,idAtor) Values(248,14);
INSERT INTO VideoclipAtor(idVideoclip,idAtor) Values(248,10);
INSERT INTO VideoclipAtor(idVideoclip,idAtor) Values(249,1);
INSERT INTO VideoclipAtor(idVideoclip,idAtor) Values(250,13);
INSERT INTO VideoclipAtor(idVideoclip,idAtor) Values(250,28);
INSERT INTO VideoclipAtor(idVideoclip,idAtor) Values(251,22);
INSERT INTO VideoclipAtor(idVideoclip,idAtor) Values(251,18);
INSERT INTO VideoclipAtor(idVideoclip,idAtor) Values(252,5);
INSERT INTO VideoclipAtor(idVideoclip,idAtor) Values(252,14);
INSERT INTO VideoclipAtor(idVideoclip,idAtor) Values(252,20);
INSERT INTO VideoclipAtor(idVideoclip,idAtor) Values(253,4);
INSERT INTO VideoclipAtor(idVideoclip,idAtor) Values(253,15);
INSERT INTO VideoclipAtor(idVideoclip,idAtor) Values(253,0);
INSERT INTO VideoclipAtor(idVideoclip,idAtor) Values(254,11);
INSERT INTO VideoclipAtor(idVideoclip,idAtor) Values(254,19);
INSERT INTO VideoclipAtor(idVideoclip,idAtor) Values(254,21);
INSERT INTO VideoclipAtor(idVideoclip,idAtor) Values(255,25);
INSERT INTO VideoclipAtor(idVideoclip,idAtor) Values(255,29);
INSERT INTO VideoclipAtor(idVideoclip,idAtor) Values(255,2);
INSERT INTO VideoclipAtor(idVideoclip,idAtor) Values(256,16);
INSERT INTO VideoclipAtor(idVideoclip,idAtor) Values(257,10);
INSERT INTO VideoclipAtor(idVideoclip,idAtor) Values(257,7);
INSERT INTO VideoclipAtor(idVideoclip,idAtor) Values(257,25);
INSERT INTO VideoclipAtor(idVideoclip,idAtor) Values(258,28);
INSERT INTO VideoclipAtor(idVideoclip,idAtor) Values(258,14);
INSERT INTO VideoclipAtor(idVideoclip,idAtor) Values(259,19);
INSERT INTO VideoclipAtor(idVideoclip,idAtor) Values(260,24);
INSERT INTO VideoclipAtor(idVideoclip,idAtor) Values(261,29);
INSERT INTO VideoclipAtor(idVideoclip,idAtor) Values(262,2);
INSERT INTO VideoclipAtor(idVideoclip,idAtor) Values(262,29);
INSERT INTO VideoclipAtor(idVideoclip,idAtor) Values(263,4);
INSERT INTO VideoclipAtor(idVideoclip,idAtor) Values(264,18);
INSERT INTO VideoclipAtor(idVideoclip,idAtor) Values(264,9);
INSERT INTO VideoclipAtor(idVideoclip,idAtor) Values(264,1);
INSERT INTO VideoclipAtor(idVideoclip,idAtor) Values(265,22);
INSERT INTO VideoclipAtor(idVideoclip,idAtor) Values(265,21);
INSERT INTO VideoclipAtor(idVideoclip,idAtor) Values(266,26);
INSERT INTO VideoclipAtor(idVideoclip,idAtor) Values(266,23);
INSERT INTO VideoclipAtor(idVideoclip,idAtor) Values(267,8);
INSERT INTO VideoclipAtor(idVideoclip,idAtor) Values(267,18);
INSERT INTO VideoclipAtor(idVideoclip,idAtor) Values(268,11);
INSERT INTO VideoclipAtor(idVideoclip,idAtor) Values(269,8);
INSERT INTO VideoclipAtor(idVideoclip,idAtor) Values(270,0);
INSERT INTO VideoclipAtor(idVideoclip,idAtor) Values(271,28);
INSERT INTO VideoclipAtor(idVideoclip,idAtor) Values(272,3);
INSERT INTO VideoclipAtor(idVideoclip,idAtor) Values(273,27);
INSERT INTO VideoclipAtor(idVideoclip,idAtor) Values(273,23);
INSERT INTO VideoclipAtor(idVideoclip,idAtor) Values(274,9);
INSERT INTO VideoclipAtor(idVideoclip,idAtor) Values(274,29);
INSERT INTO VideoclipAtor(idVideoclip,idAtor) Values(275,28);
INSERT INTO VideoclipAtor(idVideoclip,idAtor) Values(275,3);
INSERT INTO VideoclipAtor(idVideoclip,idAtor) Values(275,12);
INSERT INTO VideoclipAtor(idVideoclip,idAtor) Values(276,10);
INSERT INTO VideoclipAtor(idVideoclip,idAtor) Values(276,21);
INSERT INTO VideoclipAtor(idVideoclip,idAtor) Values(277,14);
INSERT INTO VideoclipAtor(idVideoclip,idAtor) Values(278,28);
INSERT INTO VideoclipAtor(idVideoclip,idAtor) Values(278,16);
INSERT INTO VideoclipAtor(idVideoclip,idAtor) Values(279,3);
INSERT INTO VideoclipAtor(idVideoclip,idAtor) Values(279,28);
INSERT INTO VideoclipAtor(idVideoclip,idAtor) Values(279,24);
INSERT INTO VideoclipAtor(idVideoclip,idAtor) Values(280,7);
INSERT INTO VideoclipAtor(idVideoclip,idAtor) Values(281,5);
INSERT INTO VideoclipAtor(idVideoclip,idAtor) Values(281,11);
INSERT INTO VideoclipAtor(idVideoclip,idAtor) Values(282,21);
INSERT INTO VideoclipAtor(idVideoclip,idAtor) Values(282,15);
INSERT INTO VideoclipAtor(idVideoclip,idAtor) Values(282,29);
INSERT INTO VideoclipAtor(idVideoclip,idAtor) Values(283,21);
INSERT INTO VideoclipAtor(idVideoclip,idAtor) Values(284,2);
INSERT INTO VideoclipAtor(idVideoclip,idAtor) Values(284,18);
INSERT INTO VideoclipAtor(idVideoclip,idAtor) Values(285,26);
INSERT INTO VideoclipAtor(idVideoclip,idAtor) Values(286,13);
INSERT INTO VideoclipAtor(idVideoclip,idAtor) Values(286,18);
INSERT INTO VideoclipAtor(idVideoclip,idAtor) Values(286,9);
INSERT INTO VideoclipAtor(idVideoclip,idAtor) Values(287,7);
INSERT INTO VideoclipAtor(idVideoclip,idAtor) Values(288,19);
INSERT INTO VideoclipAtor(idVideoclip,idAtor) Values(288,26);
INSERT INTO VideoclipAtor(idVideoclip,idAtor) Values(288,4);
INSERT INTO VideoclipAtor(idVideoclip,idAtor) Values(289,15);
INSERT INTO VideoclipAtor(idVideoclip,idAtor) Values(289,8);
INSERT INTO VideoclipAtor(idVideoclip,idAtor) Values(290,19);
-- Table: VideoclipProdutor
INSERT INTO VideoclipProdutor(idVideoclip,idProdutor) Values(0,23);
INSERT INTO VideoclipProdutor(idVideoclip,idProdutor) Values(0,18);
INSERT INTO VideoclipProdutor(idVideoclip,idProdutor) Values(1,6);
INSERT INTO VideoclipProdutor(idVideoclip,idProdutor) Values(1,1);
INSERT INTO VideoclipProdutor(idVideoclip,idProdutor) Values(2,27);
INSERT INTO VideoclipProdutor(idVideoclip,idProdutor) Values(2,26);
INSERT INTO VideoclipProdutor(idVideoclip,idProdutor) Values(2,5);
INSERT INTO VideoclipProdutor(idVideoclip,idProdutor) Values(3,16);
INSERT INTO VideoclipProdutor(idVideoclip,idProdutor) Values(3,2);
INSERT INTO VideoclipProdutor(idVideoclip,idProdutor) Values(4,19);
INSERT INTO VideoclipProdutor(idVideoclip,idProdutor) Values(4,22);
INSERT INTO VideoclipProdutor(idVideoclip,idProdutor) Values(5,23);
INSERT INTO VideoclipProdutor(idVideoclip,idProdutor) Values(5,1);
INSERT INTO VideoclipProdutor(idVideoclip,idProdutor) Values(5,22);
INSERT INTO VideoclipProdutor(idVideoclip,idProdutor) Values(6,19);
INSERT INTO VideoclipProdutor(idVideoclip,idProdutor) Values(6,28);
INSERT INTO VideoclipProdutor(idVideoclip,idProdutor) Values(6,11);
INSERT INTO VideoclipProdutor(idVideoclip,idProdutor) Values(7,2);
INSERT INTO VideoclipProdutor(idVideoclip,idProdutor) Values(7,22);
INSERT INTO VideoclipProdutor(idVideoclip,idProdutor) Values(8,2);
INSERT INTO VideoclipProdutor(idVideoclip,idProdutor) Values(8,23);
INSERT INTO VideoclipProdutor(idVideoclip,idProdutor) Values(8,24);
INSERT INTO VideoclipProdutor(idVideoclip,idProdutor) Values(9,26);
INSERT INTO VideoclipProdutor(idVideoclip,idProdutor) Values(10,17);
INSERT INTO VideoclipProdutor(idVideoclip,idProdutor) Values(10,25);
INSERT INTO VideoclipProdutor(idVideoclip,idProdutor) Values(11,23);
INSERT INTO VideoclipProdutor(idVideoclip,idProdutor) Values(11,0);
INSERT INTO VideoclipProdutor(idVideoclip,idProdutor) Values(11,10);
INSERT INTO VideoclipProdutor(idVideoclip,idProdutor) Values(12,16);
INSERT INTO VideoclipProdutor(idVideoclip,idProdutor) Values(13,22);
INSERT INTO VideoclipProdutor(idVideoclip,idProdutor) Values(13,10);
INSERT INTO VideoclipProdutor(idVideoclip,idProdutor) Values(13,15);
INSERT INTO VideoclipProdutor(idVideoclip,idProdutor) Values(14,16);
INSERT INTO VideoclipProdutor(idVideoclip,idProdutor) Values(14,12);
INSERT INTO VideoclipProdutor(idVideoclip,idProdutor) Values(14,6);
INSERT INTO VideoclipProdutor(idVideoclip,idProdutor) Values(15,20);
INSERT INTO VideoclipProdutor(idVideoclip,idProdutor) Values(15,2);
INSERT INTO VideoclipProdutor(idVideoclip,idProdutor) Values(16,25);
INSERT INTO VideoclipProdutor(idVideoclip,idProdutor) Values(16,5);
INSERT INTO VideoclipProdutor(idVideoclip,idProdutor) Values(17,28);
INSERT INTO VideoclipProdutor(idVideoclip,idProdutor) Values(17,12);
INSERT INTO VideoclipProdutor(idVideoclip,idProdutor) Values(18,0);
INSERT INTO VideoclipProdutor(idVideoclip,idProdutor) Values(19,18);
INSERT INTO VideoclipProdutor(idVideoclip,idProdutor) Values(19,11);
INSERT INTO VideoclipProdutor(idVideoclip,idProdutor) Values(20,9);
INSERT INTO VideoclipProdutor(idVideoclip,idProdutor) Values(21,29);
INSERT INTO VideoclipProdutor(idVideoclip,idProdutor) Values(21,19);
INSERT INTO VideoclipProdutor(idVideoclip,idProdutor) Values(21,5);
INSERT INTO VideoclipProdutor(idVideoclip,idProdutor) Values(22,9);
INSERT INTO VideoclipProdutor(idVideoclip,idProdutor) Values(22,20);
INSERT INTO VideoclipProdutor(idVideoclip,idProdutor) Values(22,23);
INSERT INTO VideoclipProdutor(idVideoclip,idProdutor) Values(23,4);
INSERT INTO VideoclipProdutor(idVideoclip,idProdutor) Values(24,20);
INSERT INTO VideoclipProdutor(idVideoclip,idProdutor) Values(24,11);
INSERT INTO VideoclipProdutor(idVideoclip,idProdutor) Values(25,3);
INSERT INTO VideoclipProdutor(idVideoclip,idProdutor) Values(26,20);
INSERT INTO VideoclipProdutor(idVideoclip,idProdutor) Values(26,17);
INSERT INTO VideoclipProdutor(idVideoclip,idProdutor) Values(27,20);
INSERT INTO VideoclipProdutor(idVideoclip,idProdutor) Values(27,4);
INSERT INTO VideoclipProdutor(idVideoclip,idProdutor) Values(28,19);
INSERT INTO VideoclipProdutor(idVideoclip,idProdutor) Values(28,26);
INSERT INTO VideoclipProdutor(idVideoclip,idProdutor) Values(28,27);
INSERT INTO VideoclipProdutor(idVideoclip,idProdutor) Values(29,12);
INSERT INTO VideoclipProdutor(idVideoclip,idProdutor) Values(29,15);
INSERT INTO VideoclipProdutor(idVideoclip,idProdutor) Values(29,11);
INSERT INTO VideoclipProdutor(idVideoclip,idProdutor) Values(30,20);
INSERT INTO VideoclipProdutor(idVideoclip,idProdutor) Values(30,14);
INSERT INTO VideoclipProdutor(idVideoclip,idProdutor) Values(31,27);
INSERT INTO VideoclipProdutor(idVideoclip,idProdutor) Values(32,8);
INSERT INTO VideoclipProdutor(idVideoclip,idProdutor) Values(33,15);
INSERT INTO VideoclipProdutor(idVideoclip,idProdutor) Values(34,25);
INSERT INTO VideoclipProdutor(idVideoclip,idProdutor) Values(34,11);
INSERT INTO VideoclipProdutor(idVideoclip,idProdutor) Values(34,2);
INSERT INTO VideoclipProdutor(idVideoclip,idProdutor) Values(35,21);
INSERT INTO VideoclipProdutor(idVideoclip,idProdutor) Values(35,19);
INSERT INTO VideoclipProdutor(idVideoclip,idProdutor) Values(35,25);
INSERT INTO VideoclipProdutor(idVideoclip,idProdutor) Values(36,24);
INSERT INTO VideoclipProdutor(idVideoclip,idProdutor) Values(36,28);
INSERT INTO VideoclipProdutor(idVideoclip,idProdutor) Values(36,3);
INSERT INTO VideoclipProdutor(idVideoclip,idProdutor) Values(37,25);
INSERT INTO VideoclipProdutor(idVideoclip,idProdutor) Values(38,12);
INSERT INTO VideoclipProdutor(idVideoclip,idProdutor) Values(38,0);
INSERT INTO VideoclipProdutor(idVideoclip,idProdutor) Values(38,23);
INSERT INTO VideoclipProdutor(idVideoclip,idProdutor) Values(39,21);
INSERT INTO VideoclipProdutor(idVideoclip,idProdutor) Values(40,6);
INSERT INTO VideoclipProdutor(idVideoclip,idProdutor) Values(40,4);
INSERT INTO VideoclipProdutor(idVideoclip,idProdutor) Values(40,9);
INSERT INTO VideoclipProdutor(idVideoclip,idProdutor) Values(41,14);
INSERT INTO VideoclipProdutor(idVideoclip,idProdutor) Values(41,18);
INSERT INTO VideoclipProdutor(idVideoclip,idProdutor) Values(41,9);
INSERT INTO VideoclipProdutor(idVideoclip,idProdutor) Values(42,16);
INSERT INTO VideoclipProdutor(idVideoclip,idProdutor) Values(43,12);
INSERT INTO VideoclipProdutor(idVideoclip,idProdutor) Values(43,13);
INSERT INTO VideoclipProdutor(idVideoclip,idProdutor) Values(43,3);
INSERT INTO VideoclipProdutor(idVideoclip,idProdutor) Values(44,21);
INSERT INTO VideoclipProdutor(idVideoclip,idProdutor) Values(44,4);
INSERT INTO VideoclipProdutor(idVideoclip,idProdutor) Values(45,2);
INSERT INTO VideoclipProdutor(idVideoclip,idProdutor) Values(45,6);
INSERT INTO VideoclipProdutor(idVideoclip,idProdutor) Values(46,22);
INSERT INTO VideoclipProdutor(idVideoclip,idProdutor) Values(46,24);
INSERT INTO VideoclipProdutor(idVideoclip,idProdutor) Values(47,13);
INSERT INTO VideoclipProdutor(idVideoclip,idProdutor) Values(48,22);
INSERT INTO VideoclipProdutor(idVideoclip,idProdutor) Values(48,7);
INSERT INTO VideoclipProdutor(idVideoclip,idProdutor) Values(48,10);
INSERT INTO VideoclipProdutor(idVideoclip,idProdutor) Values(49,2);
INSERT INTO VideoclipProdutor(idVideoclip,idProdutor) Values(49,1);
INSERT INTO VideoclipProdutor(idVideoclip,idProdutor) Values(50,21);
INSERT INTO VideoclipProdutor(idVideoclip,idProdutor) Values(51,21);
INSERT INTO VideoclipProdutor(idVideoclip,idProdutor) Values(52,10);
INSERT INTO VideoclipProdutor(idVideoclip,idProdutor) Values(53,6);
INSERT INTO VideoclipProdutor(idVideoclip,idProdutor) Values(53,18);
INSERT INTO VideoclipProdutor(idVideoclip,idProdutor) Values(54,26);
INSERT INTO VideoclipProdutor(idVideoclip,idProdutor) Values(55,21);
INSERT INTO VideoclipProdutor(idVideoclip,idProdutor) Values(55,20);
INSERT INTO VideoclipProdutor(idVideoclip,idProdutor) Values(55,29);
INSERT INTO VideoclipProdutor(idVideoclip,idProdutor) Values(56,25);
INSERT INTO VideoclipProdutor(idVideoclip,idProdutor) Values(57,6);
INSERT INTO VideoclipProdutor(idVideoclip,idProdutor) Values(58,7);
INSERT INTO VideoclipProdutor(idVideoclip,idProdutor) Values(58,28);
INSERT INTO VideoclipProdutor(idVideoclip,idProdutor) Values(59,2);
INSERT INTO VideoclipProdutor(idVideoclip,idProdutor) Values(60,17);
INSERT INTO VideoclipProdutor(idVideoclip,idProdutor) Values(60,26);
INSERT INTO VideoclipProdutor(idVideoclip,idProdutor) Values(60,1);
INSERT INTO VideoclipProdutor(idVideoclip,idProdutor) Values(61,24);
INSERT INTO VideoclipProdutor(idVideoclip,idProdutor) Values(61,22);
INSERT INTO VideoclipProdutor(idVideoclip,idProdutor) Values(61,14);
INSERT INTO VideoclipProdutor(idVideoclip,idProdutor) Values(62,16);
INSERT INTO VideoclipProdutor(idVideoclip,idProdutor) Values(62,11);
INSERT INTO VideoclipProdutor(idVideoclip,idProdutor) Values(63,15);
INSERT INTO VideoclipProdutor(idVideoclip,idProdutor) Values(63,27);
INSERT INTO VideoclipProdutor(idVideoclip,idProdutor) Values(63,12);
INSERT INTO VideoclipProdutor(idVideoclip,idProdutor) Values(64,2);
INSERT INTO VideoclipProdutor(idVideoclip,idProdutor) Values(64,3);
INSERT INTO VideoclipProdutor(idVideoclip,idProdutor) Values(65,5);
INSERT INTO VideoclipProdutor(idVideoclip,idProdutor) Values(65,19);
INSERT INTO VideoclipProdutor(idVideoclip,idProdutor) Values(66,2);
INSERT INTO VideoclipProdutor(idVideoclip,idProdutor) Values(67,20);
INSERT INTO VideoclipProdutor(idVideoclip,idProdutor) Values(67,29);
INSERT INTO VideoclipProdutor(idVideoclip,idProdutor) Values(68,10);
INSERT INTO VideoclipProdutor(idVideoclip,idProdutor) Values(68,16);
INSERT INTO VideoclipProdutor(idVideoclip,idProdutor) Values(68,8);
INSERT INTO VideoclipProdutor(idVideoclip,idProdutor) Values(69,2);
INSERT INTO VideoclipProdutor(idVideoclip,idProdutor) Values(69,22);
INSERT INTO VideoclipProdutor(idVideoclip,idProdutor) Values(69,24);
INSERT INTO VideoclipProdutor(idVideoclip,idProdutor) Values(70,29);
INSERT INTO VideoclipProdutor(idVideoclip,idProdutor) Values(71,2);
INSERT INTO VideoclipProdutor(idVideoclip,idProdutor) Values(71,1);
INSERT INTO VideoclipProdutor(idVideoclip,idProdutor) Values(71,4);
INSERT INTO VideoclipProdutor(idVideoclip,idProdutor) Values(72,28);
INSERT INTO VideoclipProdutor(idVideoclip,idProdutor) Values(73,14);
INSERT INTO VideoclipProdutor(idVideoclip,idProdutor) Values(74,15);
INSERT INTO VideoclipProdutor(idVideoclip,idProdutor) Values(74,8);
INSERT INTO VideoclipProdutor(idVideoclip,idProdutor) Values(74,7);
INSERT INTO VideoclipProdutor(idVideoclip,idProdutor) Values(75,18);
INSERT INTO VideoclipProdutor(idVideoclip,idProdutor) Values(76,29);
INSERT INTO VideoclipProdutor(idVideoclip,idProdutor) Values(76,12);
INSERT INTO VideoclipProdutor(idVideoclip,idProdutor) Values(76,24);
INSERT INTO VideoclipProdutor(idVideoclip,idProdutor) Values(77,10);
INSERT INTO VideoclipProdutor(idVideoclip,idProdutor) Values(78,9);
INSERT INTO VideoclipProdutor(idVideoclip,idProdutor) Values(78,4);
INSERT INTO VideoclipProdutor(idVideoclip,idProdutor) Values(79,22);
INSERT INTO VideoclipProdutor(idVideoclip,idProdutor) Values(80,5);
INSERT INTO VideoclipProdutor(idVideoclip,idProdutor) Values(80,27);
INSERT INTO VideoclipProdutor(idVideoclip,idProdutor) Values(81,7);
INSERT INTO VideoclipProdutor(idVideoclip,idProdutor) Values(81,25);
INSERT INTO VideoclipProdutor(idVideoclip,idProdutor) Values(82,10);
INSERT INTO VideoclipProdutor(idVideoclip,idProdutor) Values(82,21);
INSERT INTO VideoclipProdutor(idVideoclip,idProdutor) Values(82,27);
INSERT INTO VideoclipProdutor(idVideoclip,idProdutor) Values(83,10);
INSERT INTO VideoclipProdutor(idVideoclip,idProdutor) Values(83,1);
INSERT INTO VideoclipProdutor(idVideoclip,idProdutor) Values(84,1);
INSERT INTO VideoclipProdutor(idVideoclip,idProdutor) Values(85,0);
INSERT INTO VideoclipProdutor(idVideoclip,idProdutor) Values(85,18);
INSERT INTO VideoclipProdutor(idVideoclip,idProdutor) Values(86,3);
INSERT INTO VideoclipProdutor(idVideoclip,idProdutor) Values(87,13);
INSERT INTO VideoclipProdutor(idVideoclip,idProdutor) Values(87,10);
INSERT INTO VideoclipProdutor(idVideoclip,idProdutor) Values(88,3);
INSERT INTO VideoclipProdutor(idVideoclip,idProdutor) Values(89,6);
INSERT INTO VideoclipProdutor(idVideoclip,idProdutor) Values(89,1);
INSERT INTO VideoclipProdutor(idVideoclip,idProdutor) Values(89,3);
INSERT INTO VideoclipProdutor(idVideoclip,idProdutor) Values(90,15);
INSERT INTO VideoclipProdutor(idVideoclip,idProdutor) Values(90,12);
INSERT INTO VideoclipProdutor(idVideoclip,idProdutor) Values(91,4);
INSERT INTO VideoclipProdutor(idVideoclip,idProdutor) Values(91,23);
INSERT INTO VideoclipProdutor(idVideoclip,idProdutor) Values(91,18);
INSERT INTO VideoclipProdutor(idVideoclip,idProdutor) Values(92,29);
INSERT INTO VideoclipProdutor(idVideoclip,idProdutor) Values(92,17);
INSERT INTO VideoclipProdutor(idVideoclip,idProdutor) Values(92,9);
INSERT INTO VideoclipProdutor(idVideoclip,idProdutor) Values(93,14);
INSERT INTO VideoclipProdutor(idVideoclip,idProdutor) Values(94,26);
INSERT INTO VideoclipProdutor(idVideoclip,idProdutor) Values(95,0);
INSERT INTO VideoclipProdutor(idVideoclip,idProdutor) Values(95,6);
INSERT INTO VideoclipProdutor(idVideoclip,idProdutor) Values(96,27);
INSERT INTO VideoclipProdutor(idVideoclip,idProdutor) Values(96,14);
INSERT INTO VideoclipProdutor(idVideoclip,idProdutor) Values(96,18);
INSERT INTO VideoclipProdutor(idVideoclip,idProdutor) Values(97,4);
INSERT INTO VideoclipProdutor(idVideoclip,idProdutor) Values(98,11);
INSERT INTO VideoclipProdutor(idVideoclip,idProdutor) Values(99,19);
INSERT INTO VideoclipProdutor(idVideoclip,idProdutor) Values(99,18);
INSERT INTO VideoclipProdutor(idVideoclip,idProdutor) Values(99,17);
INSERT INTO VideoclipProdutor(idVideoclip,idProdutor) Values(100,0);
INSERT INTO VideoclipProdutor(idVideoclip,idProdutor) Values(101,28);
INSERT INTO VideoclipProdutor(idVideoclip,idProdutor) Values(101,25);
INSERT INTO VideoclipProdutor(idVideoclip,idProdutor) Values(101,5);
INSERT INTO VideoclipProdutor(idVideoclip,idProdutor) Values(102,28);
INSERT INTO VideoclipProdutor(idVideoclip,idProdutor) Values(102,29);
INSERT INTO VideoclipProdutor(idVideoclip,idProdutor) Values(103,15);
INSERT INTO VideoclipProdutor(idVideoclip,idProdutor) Values(103,11);
INSERT INTO VideoclipProdutor(idVideoclip,idProdutor) Values(103,6);
INSERT INTO VideoclipProdutor(idVideoclip,idProdutor) Values(104,25);
INSERT INTO VideoclipProdutor(idVideoclip,idProdutor) Values(105,17);
INSERT INTO VideoclipProdutor(idVideoclip,idProdutor) Values(106,26);
INSERT INTO VideoclipProdutor(idVideoclip,idProdutor) Values(106,17);
INSERT INTO VideoclipProdutor(idVideoclip,idProdutor) Values(107,1);
INSERT INTO VideoclipProdutor(idVideoclip,idProdutor) Values(108,13);
INSERT INTO VideoclipProdutor(idVideoclip,idProdutor) Values(108,16);
INSERT INTO VideoclipProdutor(idVideoclip,idProdutor) Values(109,26);
INSERT INTO VideoclipProdutor(idVideoclip,idProdutor) Values(110,22);
INSERT INTO VideoclipProdutor(idVideoclip,idProdutor) Values(111,3);
INSERT INTO VideoclipProdutor(idVideoclip,idProdutor) Values(112,16);
INSERT INTO VideoclipProdutor(idVideoclip,idProdutor) Values(112,15);
INSERT INTO VideoclipProdutor(idVideoclip,idProdutor) Values(112,18);
INSERT INTO VideoclipProdutor(idVideoclip,idProdutor) Values(113,22);
INSERT INTO VideoclipProdutor(idVideoclip,idProdutor) Values(114,23);
INSERT INTO VideoclipProdutor(idVideoclip,idProdutor) Values(114,17);
INSERT INTO VideoclipProdutor(idVideoclip,idProdutor) Values(115,6);
INSERT INTO VideoclipProdutor(idVideoclip,idProdutor) Values(115,8);
INSERT INTO VideoclipProdutor(idVideoclip,idProdutor) Values(115,11);
INSERT INTO VideoclipProdutor(idVideoclip,idProdutor) Values(116,20);
INSERT INTO VideoclipProdutor(idVideoclip,idProdutor) Values(117,20);
INSERT INTO VideoclipProdutor(idVideoclip,idProdutor) Values(117,8);
INSERT INTO VideoclipProdutor(idVideoclip,idProdutor) Values(117,21);
INSERT INTO VideoclipProdutor(idVideoclip,idProdutor) Values(118,25);
INSERT INTO VideoclipProdutor(idVideoclip,idProdutor) Values(119,0);
INSERT INTO VideoclipProdutor(idVideoclip,idProdutor) Values(119,13);
INSERT INTO VideoclipProdutor(idVideoclip,idProdutor) Values(120,28);
INSERT INTO VideoclipProdutor(idVideoclip,idProdutor) Values(120,13);
INSERT INTO VideoclipProdutor(idVideoclip,idProdutor) Values(121,27);
INSERT INTO VideoclipProdutor(idVideoclip,idProdutor) Values(121,18);
INSERT INTO VideoclipProdutor(idVideoclip,idProdutor) Values(121,5);
INSERT INTO VideoclipProdutor(idVideoclip,idProdutor) Values(122,7);
INSERT INTO VideoclipProdutor(idVideoclip,idProdutor) Values(123,7);
INSERT INTO VideoclipProdutor(idVideoclip,idProdutor) Values(123,13);
INSERT INTO VideoclipProdutor(idVideoclip,idProdutor) Values(124,22);
INSERT INTO VideoclipProdutor(idVideoclip,idProdutor) Values(124,21);
INSERT INTO VideoclipProdutor(idVideoclip,idProdutor) Values(124,16);
INSERT INTO VideoclipProdutor(idVideoclip,idProdutor) Values(125,2);
INSERT INTO VideoclipProdutor(idVideoclip,idProdutor) Values(125,9);
INSERT INTO VideoclipProdutor(idVideoclip,idProdutor) Values(126,26);
INSERT INTO VideoclipProdutor(idVideoclip,idProdutor) Values(127,9);
INSERT INTO VideoclipProdutor(idVideoclip,idProdutor) Values(127,10);
INSERT INTO VideoclipProdutor(idVideoclip,idProdutor) Values(127,7);
INSERT INTO VideoclipProdutor(idVideoclip,idProdutor) Values(128,19);
INSERT INTO VideoclipProdutor(idVideoclip,idProdutor) Values(128,21);
INSERT INTO VideoclipProdutor(idVideoclip,idProdutor) Values(129,3);
INSERT INTO VideoclipProdutor(idVideoclip,idProdutor) Values(129,25);
INSERT INTO VideoclipProdutor(idVideoclip,idProdutor) Values(129,6);
INSERT INTO VideoclipProdutor(idVideoclip,idProdutor) Values(130,10);
INSERT INTO VideoclipProdutor(idVideoclip,idProdutor) Values(131,16);
INSERT INTO VideoclipProdutor(idVideoclip,idProdutor) Values(132,19);
INSERT INTO VideoclipProdutor(idVideoclip,idProdutor) Values(132,16);
INSERT INTO VideoclipProdutor(idVideoclip,idProdutor) Values(133,29);
INSERT INTO VideoclipProdutor(idVideoclip,idProdutor) Values(134,2);
INSERT INTO VideoclipProdutor(idVideoclip,idProdutor) Values(134,17);
INSERT INTO VideoclipProdutor(idVideoclip,idProdutor) Values(135,1);
INSERT INTO VideoclipProdutor(idVideoclip,idProdutor) Values(135,19);
INSERT INTO VideoclipProdutor(idVideoclip,idProdutor) Values(136,8);
INSERT INTO VideoclipProdutor(idVideoclip,idProdutor) Values(136,11);
INSERT INTO VideoclipProdutor(idVideoclip,idProdutor) Values(136,1);
INSERT INTO VideoclipProdutor(idVideoclip,idProdutor) Values(137,2);
INSERT INTO VideoclipProdutor(idVideoclip,idProdutor) Values(137,6);
INSERT INTO VideoclipProdutor(idVideoclip,idProdutor) Values(138,16);
INSERT INTO VideoclipProdutor(idVideoclip,idProdutor) Values(138,2);
INSERT INTO VideoclipProdutor(idVideoclip,idProdutor) Values(138,19);
INSERT INTO VideoclipProdutor(idVideoclip,idProdutor) Values(139,20);
INSERT INTO VideoclipProdutor(idVideoclip,idProdutor) Values(139,6);
INSERT INTO VideoclipProdutor(idVideoclip,idProdutor) Values(140,24);
INSERT INTO VideoclipProdutor(idVideoclip,idProdutor) Values(141,3);
INSERT INTO VideoclipProdutor(idVideoclip,idProdutor) Values(141,19);
INSERT INTO VideoclipProdutor(idVideoclip,idProdutor) Values(142,17);
INSERT INTO VideoclipProdutor(idVideoclip,idProdutor) Values(143,27);
INSERT INTO VideoclipProdutor(idVideoclip,idProdutor) Values(143,3);
INSERT INTO VideoclipProdutor(idVideoclip,idProdutor) Values(143,25);
INSERT INTO VideoclipProdutor(idVideoclip,idProdutor) Values(144,6);
INSERT INTO VideoclipProdutor(idVideoclip,idProdutor) Values(144,19);
INSERT INTO VideoclipProdutor(idVideoclip,idProdutor) Values(144,4);
INSERT INTO VideoclipProdutor(idVideoclip,idProdutor) Values(145,17);
INSERT INTO VideoclipProdutor(idVideoclip,idProdutor) Values(145,20);
INSERT INTO VideoclipProdutor(idVideoclip,idProdutor) Values(145,15);
INSERT INTO VideoclipProdutor(idVideoclip,idProdutor) Values(146,13);
INSERT INTO VideoclipProdutor(idVideoclip,idProdutor) Values(147,5);
INSERT INTO VideoclipProdutor(idVideoclip,idProdutor) Values(148,14);
INSERT INTO VideoclipProdutor(idVideoclip,idProdutor) Values(148,5);
INSERT INTO VideoclipProdutor(idVideoclip,idProdutor) Values(149,2);
INSERT INTO VideoclipProdutor(idVideoclip,idProdutor) Values(149,28);
INSERT INTO VideoclipProdutor(idVideoclip,idProdutor) Values(149,9);
INSERT INTO VideoclipProdutor(idVideoclip,idProdutor) Values(150,4);
INSERT INTO VideoclipProdutor(idVideoclip,idProdutor) Values(150,26);
INSERT INTO VideoclipProdutor(idVideoclip,idProdutor) Values(151,8);
INSERT INTO VideoclipProdutor(idVideoclip,idProdutor) Values(152,7);
INSERT INTO VideoclipProdutor(idVideoclip,idProdutor) Values(153,0);
INSERT INTO VideoclipProdutor(idVideoclip,idProdutor) Values(154,0);
INSERT INTO VideoclipProdutor(idVideoclip,idProdutor) Values(154,14);
INSERT INTO VideoclipProdutor(idVideoclip,idProdutor) Values(155,4);
INSERT INTO VideoclipProdutor(idVideoclip,idProdutor) Values(155,23);
INSERT INTO VideoclipProdutor(idVideoclip,idProdutor) Values(155,7);
INSERT INTO VideoclipProdutor(idVideoclip,idProdutor) Values(156,16);
INSERT INTO VideoclipProdutor(idVideoclip,idProdutor) Values(156,23);
INSERT INTO VideoclipProdutor(idVideoclip,idProdutor) Values(157,0);
INSERT INTO VideoclipProdutor(idVideoclip,idProdutor) Values(157,8);
INSERT INTO VideoclipProdutor(idVideoclip,idProdutor) Values(158,1);
INSERT INTO VideoclipProdutor(idVideoclip,idProdutor) Values(158,17);
INSERT INTO VideoclipProdutor(idVideoclip,idProdutor) Values(158,19);
INSERT INTO VideoclipProdutor(idVideoclip,idProdutor) Values(159,26);
INSERT INTO VideoclipProdutor(idVideoclip,idProdutor) Values(159,6);
INSERT INTO VideoclipProdutor(idVideoclip,idProdutor) Values(160,10);
INSERT INTO VideoclipProdutor(idVideoclip,idProdutor) Values(161,21);
INSERT INTO VideoclipProdutor(idVideoclip,idProdutor) Values(162,8);
INSERT INTO VideoclipProdutor(idVideoclip,idProdutor) Values(162,29);
INSERT INTO VideoclipProdutor(idVideoclip,idProdutor) Values(163,6);
INSERT INTO VideoclipProdutor(idVideoclip,idProdutor) Values(163,5);
INSERT INTO VideoclipProdutor(idVideoclip,idProdutor) Values(163,1);
INSERT INTO VideoclipProdutor(idVideoclip,idProdutor) Values(164,16);
INSERT INTO VideoclipProdutor(idVideoclip,idProdutor) Values(164,19);
INSERT INTO VideoclipProdutor(idVideoclip,idProdutor) Values(165,24);
INSERT INTO VideoclipProdutor(idVideoclip,idProdutor) Values(165,5);
INSERT INTO VideoclipProdutor(idVideoclip,idProdutor) Values(165,18);
INSERT INTO VideoclipProdutor(idVideoclip,idProdutor) Values(166,16);
INSERT INTO VideoclipProdutor(idVideoclip,idProdutor) Values(166,7);
INSERT INTO VideoclipProdutor(idVideoclip,idProdutor) Values(166,6);
INSERT INTO VideoclipProdutor(idVideoclip,idProdutor) Values(167,24);
INSERT INTO VideoclipProdutor(idVideoclip,idProdutor) Values(167,13);
INSERT INTO VideoclipProdutor(idVideoclip,idProdutor) Values(167,12);
INSERT INTO VideoclipProdutor(idVideoclip,idProdutor) Values(168,29);
INSERT INTO VideoclipProdutor(idVideoclip,idProdutor) Values(169,20);
INSERT INTO VideoclipProdutor(idVideoclip,idProdutor) Values(169,0);
INSERT INTO VideoclipProdutor(idVideoclip,idProdutor) Values(170,19);
INSERT INTO VideoclipProdutor(idVideoclip,idProdutor) Values(171,10);
INSERT INTO VideoclipProdutor(idVideoclip,idProdutor) Values(172,19);
INSERT INTO VideoclipProdutor(idVideoclip,idProdutor) Values(173,10);
INSERT INTO VideoclipProdutor(idVideoclip,idProdutor) Values(173,18);
INSERT INTO VideoclipProdutor(idVideoclip,idProdutor) Values(174,1);
INSERT INTO VideoclipProdutor(idVideoclip,idProdutor) Values(174,6);
INSERT INTO VideoclipProdutor(idVideoclip,idProdutor) Values(175,20);
INSERT INTO VideoclipProdutor(idVideoclip,idProdutor) Values(175,10);
INSERT INTO VideoclipProdutor(idVideoclip,idProdutor) Values(176,12);
INSERT INTO VideoclipProdutor(idVideoclip,idProdutor) Values(176,6);
INSERT INTO VideoclipProdutor(idVideoclip,idProdutor) Values(177,6);
INSERT INTO VideoclipProdutor(idVideoclip,idProdutor) Values(177,2);
INSERT INTO VideoclipProdutor(idVideoclip,idProdutor) Values(178,6);
INSERT INTO VideoclipProdutor(idVideoclip,idProdutor) Values(178,23);
INSERT INTO VideoclipProdutor(idVideoclip,idProdutor) Values(178,25);
INSERT INTO VideoclipProdutor(idVideoclip,idProdutor) Values(179,26);
INSERT INTO VideoclipProdutor(idVideoclip,idProdutor) Values(180,1);
INSERT INTO VideoclipProdutor(idVideoclip,idProdutor) Values(181,1);
INSERT INTO VideoclipProdutor(idVideoclip,idProdutor) Values(181,15);
INSERT INTO VideoclipProdutor(idVideoclip,idProdutor) Values(182,1);
INSERT INTO VideoclipProdutor(idVideoclip,idProdutor) Values(182,28);
INSERT INTO VideoclipProdutor(idVideoclip,idProdutor) Values(182,4);
INSERT INTO VideoclipProdutor(idVideoclip,idProdutor) Values(183,8);
INSERT INTO VideoclipProdutor(idVideoclip,idProdutor) Values(183,28);
INSERT INTO VideoclipProdutor(idVideoclip,idProdutor) Values(184,26);
INSERT INTO VideoclipProdutor(idVideoclip,idProdutor) Values(184,7);
INSERT INTO VideoclipProdutor(idVideoclip,idProdutor) Values(185,7);
INSERT INTO VideoclipProdutor(idVideoclip,idProdutor) Values(185,12);
INSERT INTO VideoclipProdutor(idVideoclip,idProdutor) Values(186,29);
INSERT INTO VideoclipProdutor(idVideoclip,idProdutor) Values(187,16);
INSERT INTO VideoclipProdutor(idVideoclip,idProdutor) Values(188,8);
INSERT INTO VideoclipProdutor(idVideoclip,idProdutor) Values(188,4);
INSERT INTO VideoclipProdutor(idVideoclip,idProdutor) Values(189,26);
INSERT INTO VideoclipProdutor(idVideoclip,idProdutor) Values(190,1);
INSERT INTO VideoclipProdutor(idVideoclip,idProdutor) Values(190,14);
INSERT INTO VideoclipProdutor(idVideoclip,idProdutor) Values(191,18);
INSERT INTO VideoclipProdutor(idVideoclip,idProdutor) Values(192,19);
INSERT INTO VideoclipProdutor(idVideoclip,idProdutor) Values(192,1);
INSERT INTO VideoclipProdutor(idVideoclip,idProdutor) Values(193,17);
INSERT INTO VideoclipProdutor(idVideoclip,idProdutor) Values(194,29);
INSERT INTO VideoclipProdutor(idVideoclip,idProdutor) Values(194,14);
INSERT INTO VideoclipProdutor(idVideoclip,idProdutor) Values(195,8);
INSERT INTO VideoclipProdutor(idVideoclip,idProdutor) Values(195,4);
INSERT INTO VideoclipProdutor(idVideoclip,idProdutor) Values(195,0);
INSERT INTO VideoclipProdutor(idVideoclip,idProdutor) Values(196,5);
INSERT INTO VideoclipProdutor(idVideoclip,idProdutor) Values(197,21);
INSERT INTO VideoclipProdutor(idVideoclip,idProdutor) Values(197,28);
INSERT INTO VideoclipProdutor(idVideoclip,idProdutor) Values(198,29);
INSERT INTO VideoclipProdutor(idVideoclip,idProdutor) Values(199,25);
INSERT INTO VideoclipProdutor(idVideoclip,idProdutor) Values(199,13);
INSERT INTO VideoclipProdutor(idVideoclip,idProdutor) Values(200,5);
INSERT INTO VideoclipProdutor(idVideoclip,idProdutor) Values(201,29);
INSERT INTO VideoclipProdutor(idVideoclip,idProdutor) Values(201,11);
INSERT INTO VideoclipProdutor(idVideoclip,idProdutor) Values(201,27);
INSERT INTO VideoclipProdutor(idVideoclip,idProdutor) Values(202,17);
INSERT INTO VideoclipProdutor(idVideoclip,idProdutor) Values(202,10);
INSERT INTO VideoclipProdutor(idVideoclip,idProdutor) Values(203,17);
INSERT INTO VideoclipProdutor(idVideoclip,idProdutor) Values(203,27);
INSERT INTO VideoclipProdutor(idVideoclip,idProdutor) Values(204,15);
INSERT INTO VideoclipProdutor(idVideoclip,idProdutor) Values(204,25);
INSERT INTO VideoclipProdutor(idVideoclip,idProdutor) Values(205,11);
INSERT INTO VideoclipProdutor(idVideoclip,idProdutor) Values(205,23);
INSERT INTO VideoclipProdutor(idVideoclip,idProdutor) Values(205,26);
INSERT INTO VideoclipProdutor(idVideoclip,idProdutor) Values(206,8);
INSERT INTO VideoclipProdutor(idVideoclip,idProdutor) Values(207,29);
INSERT INTO VideoclipProdutor(idVideoclip,idProdutor) Values(208,15);
INSERT INTO VideoclipProdutor(idVideoclip,idProdutor) Values(208,3);
INSERT INTO VideoclipProdutor(idVideoclip,idProdutor) Values(209,13);
INSERT INTO VideoclipProdutor(idVideoclip,idProdutor) Values(209,12);
INSERT INTO VideoclipProdutor(idVideoclip,idProdutor) Values(209,14);
INSERT INTO VideoclipProdutor(idVideoclip,idProdutor) Values(210,10);
INSERT INTO VideoclipProdutor(idVideoclip,idProdutor) Values(210,15);
INSERT INTO VideoclipProdutor(idVideoclip,idProdutor) Values(210,6);
INSERT INTO VideoclipProdutor(idVideoclip,idProdutor) Values(211,10);
INSERT INTO VideoclipProdutor(idVideoclip,idProdutor) Values(211,2);
INSERT INTO VideoclipProdutor(idVideoclip,idProdutor) Values(211,4);
INSERT INTO VideoclipProdutor(idVideoclip,idProdutor) Values(212,22);
INSERT INTO VideoclipProdutor(idVideoclip,idProdutor) Values(212,17);
INSERT INTO VideoclipProdutor(idVideoclip,idProdutor) Values(213,18);
INSERT INTO VideoclipProdutor(idVideoclip,idProdutor) Values(213,14);
INSERT INTO VideoclipProdutor(idVideoclip,idProdutor) Values(213,0);
INSERT INTO VideoclipProdutor(idVideoclip,idProdutor) Values(214,25);
INSERT INTO VideoclipProdutor(idVideoclip,idProdutor) Values(214,21);
INSERT INTO VideoclipProdutor(idVideoclip,idProdutor) Values(214,18);
INSERT INTO VideoclipProdutor(idVideoclip,idProdutor) Values(215,1);
INSERT INTO VideoclipProdutor(idVideoclip,idProdutor) Values(215,11);
INSERT INTO VideoclipProdutor(idVideoclip,idProdutor) Values(215,6);
INSERT INTO VideoclipProdutor(idVideoclip,idProdutor) Values(216,9);
INSERT INTO VideoclipProdutor(idVideoclip,idProdutor) Values(217,11);
INSERT INTO VideoclipProdutor(idVideoclip,idProdutor) Values(217,12);
INSERT INTO VideoclipProdutor(idVideoclip,idProdutor) Values(217,22);
INSERT INTO VideoclipProdutor(idVideoclip,idProdutor) Values(218,11);
INSERT INTO VideoclipProdutor(idVideoclip,idProdutor) Values(218,28);
INSERT INTO VideoclipProdutor(idVideoclip,idProdutor) Values(218,3);
INSERT INTO VideoclipProdutor(idVideoclip,idProdutor) Values(219,26);
INSERT INTO VideoclipProdutor(idVideoclip,idProdutor) Values(219,16);
INSERT INTO VideoclipProdutor(idVideoclip,idProdutor) Values(219,3);
INSERT INTO VideoclipProdutor(idVideoclip,idProdutor) Values(220,8);
INSERT INTO VideoclipProdutor(idVideoclip,idProdutor) Values(221,21);
INSERT INTO VideoclipProdutor(idVideoclip,idProdutor) Values(222,6);
INSERT INTO VideoclipProdutor(idVideoclip,idProdutor) Values(222,18);
INSERT INTO VideoclipProdutor(idVideoclip,idProdutor) Values(222,27);
INSERT INTO VideoclipProdutor(idVideoclip,idProdutor) Values(223,16);
INSERT INTO VideoclipProdutor(idVideoclip,idProdutor) Values(223,15);
INSERT INTO VideoclipProdutor(idVideoclip,idProdutor) Values(224,6);
INSERT INTO VideoclipProdutor(idVideoclip,idProdutor) Values(224,27);
INSERT INTO VideoclipProdutor(idVideoclip,idProdutor) Values(225,4);
INSERT INTO VideoclipProdutor(idVideoclip,idProdutor) Values(226,4);
INSERT INTO VideoclipProdutor(idVideoclip,idProdutor) Values(227,12);
INSERT INTO VideoclipProdutor(idVideoclip,idProdutor) Values(227,5);
INSERT INTO VideoclipProdutor(idVideoclip,idProdutor) Values(228,28);
INSERT INTO VideoclipProdutor(idVideoclip,idProdutor) Values(228,29);
INSERT INTO VideoclipProdutor(idVideoclip,idProdutor) Values(229,10);
INSERT INTO VideoclipProdutor(idVideoclip,idProdutor) Values(229,26);
INSERT INTO VideoclipProdutor(idVideoclip,idProdutor) Values(230,24);
INSERT INTO VideoclipProdutor(idVideoclip,idProdutor) Values(231,5);
INSERT INTO VideoclipProdutor(idVideoclip,idProdutor) Values(231,11);
INSERT INTO VideoclipProdutor(idVideoclip,idProdutor) Values(231,17);
INSERT INTO VideoclipProdutor(idVideoclip,idProdutor) Values(232,20);
INSERT INTO VideoclipProdutor(idVideoclip,idProdutor) Values(233,14);
INSERT INTO VideoclipProdutor(idVideoclip,idProdutor) Values(234,19);
INSERT INTO VideoclipProdutor(idVideoclip,idProdutor) Values(234,14);
INSERT INTO VideoclipProdutor(idVideoclip,idProdutor) Values(234,4);
INSERT INTO VideoclipProdutor(idVideoclip,idProdutor) Values(235,13);
INSERT INTO VideoclipProdutor(idVideoclip,idProdutor) Values(235,21);
INSERT INTO VideoclipProdutor(idVideoclip,idProdutor) Values(236,20);
INSERT INTO VideoclipProdutor(idVideoclip,idProdutor) Values(236,24);
INSERT INTO VideoclipProdutor(idVideoclip,idProdutor) Values(236,4);
INSERT INTO VideoclipProdutor(idVideoclip,idProdutor) Values(237,7);
INSERT INTO VideoclipProdutor(idVideoclip,idProdutor) Values(238,20);
INSERT INTO VideoclipProdutor(idVideoclip,idProdutor) Values(239,24);
INSERT INTO VideoclipProdutor(idVideoclip,idProdutor) Values(240,9);
INSERT INTO VideoclipProdutor(idVideoclip,idProdutor) Values(240,22);
INSERT INTO VideoclipProdutor(idVideoclip,idProdutor) Values(240,21);
INSERT INTO VideoclipProdutor(idVideoclip,idProdutor) Values(241,8);
INSERT INTO VideoclipProdutor(idVideoclip,idProdutor) Values(242,19);
INSERT INTO VideoclipProdutor(idVideoclip,idProdutor) Values(242,2);
INSERT INTO VideoclipProdutor(idVideoclip,idProdutor) Values(243,16);
INSERT INTO VideoclipProdutor(idVideoclip,idProdutor) Values(244,18);
INSERT INTO VideoclipProdutor(idVideoclip,idProdutor) Values(244,21);
INSERT INTO VideoclipProdutor(idVideoclip,idProdutor) Values(245,29);
INSERT INTO VideoclipProdutor(idVideoclip,idProdutor) Values(245,20);
INSERT INTO VideoclipProdutor(idVideoclip,idProdutor) Values(246,18);
INSERT INTO VideoclipProdutor(idVideoclip,idProdutor) Values(246,14);
INSERT INTO VideoclipProdutor(idVideoclip,idProdutor) Values(247,6);
INSERT INTO VideoclipProdutor(idVideoclip,idProdutor) Values(248,9);
INSERT INTO VideoclipProdutor(idVideoclip,idProdutor) Values(249,28);
INSERT INTO VideoclipProdutor(idVideoclip,idProdutor) Values(250,24);
INSERT INTO VideoclipProdutor(idVideoclip,idProdutor) Values(250,2);
INSERT INTO VideoclipProdutor(idVideoclip,idProdutor) Values(250,23);
INSERT INTO VideoclipProdutor(idVideoclip,idProdutor) Values(251,29);
INSERT INTO VideoclipProdutor(idVideoclip,idProdutor) Values(251,2);
INSERT INTO VideoclipProdutor(idVideoclip,idProdutor) Values(251,23);
INSERT INTO VideoclipProdutor(idVideoclip,idProdutor) Values(252,15);
INSERT INTO VideoclipProdutor(idVideoclip,idProdutor) Values(252,8);
INSERT INTO VideoclipProdutor(idVideoclip,idProdutor) Values(253,4);
INSERT INTO VideoclipProdutor(idVideoclip,idProdutor) Values(253,5);
INSERT INTO VideoclipProdutor(idVideoclip,idProdutor) Values(254,4);
INSERT INTO VideoclipProdutor(idVideoclip,idProdutor) Values(255,21);
INSERT INTO VideoclipProdutor(idVideoclip,idProdutor) Values(256,27);
INSERT INTO VideoclipProdutor(idVideoclip,idProdutor) Values(256,24);
INSERT INTO VideoclipProdutor(idVideoclip,idProdutor) Values(256,12);
INSERT INTO VideoclipProdutor(idVideoclip,idProdutor) Values(257,16);
INSERT INTO VideoclipProdutor(idVideoclip,idProdutor) Values(258,11);
INSERT INTO VideoclipProdutor(idVideoclip,idProdutor) Values(259,27);
INSERT INTO VideoclipProdutor(idVideoclip,idProdutor) Values(259,19);
INSERT INTO VideoclipProdutor(idVideoclip,idProdutor) Values(259,2);
INSERT INTO VideoclipProdutor(idVideoclip,idProdutor) Values(260,4);
INSERT INTO VideoclipProdutor(idVideoclip,idProdutor) Values(261,1);
INSERT INTO VideoclipProdutor(idVideoclip,idProdutor) Values(262,26);
INSERT INTO VideoclipProdutor(idVideoclip,idProdutor) Values(263,5);
INSERT INTO VideoclipProdutor(idVideoclip,idProdutor) Values(263,26);
INSERT INTO VideoclipProdutor(idVideoclip,idProdutor) Values(264,14);
INSERT INTO VideoclipProdutor(idVideoclip,idProdutor) Values(264,27);
INSERT INTO VideoclipProdutor(idVideoclip,idProdutor) Values(264,23);
INSERT INTO VideoclipProdutor(idVideoclip,idProdutor) Values(265,10);
INSERT INTO VideoclipProdutor(idVideoclip,idProdutor) Values(265,16);
INSERT INTO VideoclipProdutor(idVideoclip,idProdutor) Values(265,14);
INSERT INTO VideoclipProdutor(idVideoclip,idProdutor) Values(266,9);
INSERT INTO VideoclipProdutor(idVideoclip,idProdutor) Values(266,28);
INSERT INTO VideoclipProdutor(idVideoclip,idProdutor) Values(267,12);
INSERT INTO VideoclipProdutor(idVideoclip,idProdutor) Values(268,2);
INSERT INTO VideoclipProdutor(idVideoclip,idProdutor) Values(268,13);
INSERT INTO VideoclipProdutor(idVideoclip,idProdutor) Values(268,27);
INSERT INTO VideoclipProdutor(idVideoclip,idProdutor) Values(269,11);
INSERT INTO VideoclipProdutor(idVideoclip,idProdutor) Values(270,15);
INSERT INTO VideoclipProdutor(idVideoclip,idProdutor) Values(271,9);
INSERT INTO VideoclipProdutor(idVideoclip,idProdutor) Values(272,24);
INSERT INTO VideoclipProdutor(idVideoclip,idProdutor) Values(272,8);
INSERT INTO VideoclipProdutor(idVideoclip,idProdutor) Values(272,13);
INSERT INTO VideoclipProdutor(idVideoclip,idProdutor) Values(273,8);
INSERT INTO VideoclipProdutor(idVideoclip,idProdutor) Values(274,23);
INSERT INTO VideoclipProdutor(idVideoclip,idProdutor) Values(274,29);
INSERT INTO VideoclipProdutor(idVideoclip,idProdutor) Values(274,25);
INSERT INTO VideoclipProdutor(idVideoclip,idProdutor) Values(275,9);
INSERT INTO VideoclipProdutor(idVideoclip,idProdutor) Values(276,24);
INSERT INTO VideoclipProdutor(idVideoclip,idProdutor) Values(276,26);
INSERT INTO VideoclipProdutor(idVideoclip,idProdutor) Values(277,28);
INSERT INTO VideoclipProdutor(idVideoclip,idProdutor) Values(277,15);
INSERT INTO VideoclipProdutor(idVideoclip,idProdutor) Values(278,14);
INSERT INTO VideoclipProdutor(idVideoclip,idProdutor) Values(279,6);
INSERT INTO VideoclipProdutor(idVideoclip,idProdutor) Values(280,2);
INSERT INTO VideoclipProdutor(idVideoclip,idProdutor) Values(281,9);
INSERT INTO VideoclipProdutor(idVideoclip,idProdutor) Values(281,12);
INSERT INTO VideoclipProdutor(idVideoclip,idProdutor) Values(281,10);
INSERT INTO VideoclipProdutor(idVideoclip,idProdutor) Values(282,20);
INSERT INTO VideoclipProdutor(idVideoclip,idProdutor) Values(282,22);
INSERT INTO VideoclipProdutor(idVideoclip,idProdutor) Values(282,12);
INSERT INTO VideoclipProdutor(idVideoclip,idProdutor) Values(283,8);
INSERT INTO VideoclipProdutor(idVideoclip,idProdutor) Values(283,9);
INSERT INTO VideoclipProdutor(idVideoclip,idProdutor) Values(283,4);
INSERT INTO VideoclipProdutor(idVideoclip,idProdutor) Values(284,8);
INSERT INTO VideoclipProdutor(idVideoclip,idProdutor) Values(284,5);
INSERT INTO VideoclipProdutor(idVideoclip,idProdutor) Values(284,17);
INSERT INTO VideoclipProdutor(idVideoclip,idProdutor) Values(285,9);
INSERT INTO VideoclipProdutor(idVideoclip,idProdutor) Values(285,27);
INSERT INTO VideoclipProdutor(idVideoclip,idProdutor) Values(285,16);
INSERT INTO VideoclipProdutor(idVideoclip,idProdutor) Values(286,2);
INSERT INTO VideoclipProdutor(idVideoclip,idProdutor) Values(286,14);
INSERT INTO VideoclipProdutor(idVideoclip,idProdutor) Values(286,9);
INSERT INTO VideoclipProdutor(idVideoclip,idProdutor) Values(287,1);
INSERT INTO VideoclipProdutor(idVideoclip,idProdutor) Values(287,29);
INSERT INTO VideoclipProdutor(idVideoclip,idProdutor) Values(288,25);
INSERT INTO VideoclipProdutor(idVideoclip,idProdutor) Values(288,13);
INSERT INTO VideoclipProdutor(idVideoclip,idProdutor) Values(289,8);
INSERT INTO VideoclipProdutor(idVideoclip,idProdutor) Values(290,22);
-- Table: PlaylistMusica
INSERT INTO PlaylistMusica(idPlaylist,idMusica) Values(0,126772759);
INSERT INTO PlaylistMusica(idPlaylist,idMusica) Values(0,585667452);
INSERT INTO PlaylistMusica(idPlaylist,idMusica) Values(0,116348644);
INSERT INTO PlaylistMusica(idPlaylist,idMusica) Values(0,681009662);
INSERT INTO PlaylistMusica(idPlaylist,idMusica) Values(0,126772751);
INSERT INTO PlaylistMusica(idPlaylist,idMusica) Values(0,67238737);
INSERT INTO PlaylistMusica(idPlaylist,idMusica) Values(0,116348632);
INSERT INTO PlaylistMusica(idPlaylist,idMusica) Values(0,384157591);
INSERT INTO PlaylistMusica(idPlaylist,idMusica) Values(0,12209327);
INSERT INTO PlaylistMusica(idPlaylist,idMusica) Values(0,116348592);
INSERT INTO PlaylistMusica(idPlaylist,idMusica) Values(1,116348454);
INSERT INTO PlaylistMusica(idPlaylist,idMusica) Values(1,1260522302);
INSERT INTO PlaylistMusica(idPlaylist,idMusica) Values(1,2293100);
INSERT INTO PlaylistMusica(idPlaylist,idMusica) Values(1,107471938);
INSERT INTO PlaylistMusica(idPlaylist,idMusica) Values(1,585667582);
INSERT INTO PlaylistMusica(idPlaylist,idMusica) Values(2,116348668);
INSERT INTO PlaylistMusica(idPlaylist,idMusica) Values(2,12209323);
INSERT INTO PlaylistMusica(idPlaylist,idMusica) Values(2,9997015);
INSERT INTO PlaylistMusica(idPlaylist,idMusica) Values(2,384157601);
INSERT INTO PlaylistMusica(idPlaylist,idMusica) Values(2,9997016);
INSERT INTO PlaylistMusica(idPlaylist,idMusica) Values(2,13459066);
INSERT INTO PlaylistMusica(idPlaylist,idMusica) Values(2,12209329);
INSERT INTO PlaylistMusica(idPlaylist,idMusica) Values(2,4315315);
INSERT INTO PlaylistMusica(idPlaylist,idMusica) Values(2,116348626);
INSERT INTO PlaylistMusica(idPlaylist,idMusica) Values(2,9997013);
INSERT INTO PlaylistMusica(idPlaylist,idMusica) Values(2,4315379);
INSERT INTO PlaylistMusica(idPlaylist,idMusica) Values(2,107471920);
INSERT INTO PlaylistMusica(idPlaylist,idMusica) Values(2,585667472);
INSERT INTO PlaylistMusica(idPlaylist,idMusica) Values(2,3135558);
INSERT INTO PlaylistMusica(idPlaylist,idMusica) Values(3,126772751);
INSERT INTO PlaylistMusica(idPlaylist,idMusica) Values(3,126772741);
INSERT INTO PlaylistMusica(idPlaylist,idMusica) Values(3,568147802);
INSERT INTO PlaylistMusica(idPlaylist,idMusica) Values(3,3135553);
INSERT INTO PlaylistMusica(idPlaylist,idMusica) Values(3,126772763);
INSERT INTO PlaylistMusica(idPlaylist,idMusica) Values(3,1523554262);
INSERT INTO PlaylistMusica(idPlaylist,idMusica) Values(3,3135556);
INSERT INTO PlaylistMusica(idPlaylist,idMusica) Values(3,384157561);
INSERT INTO PlaylistMusica(idPlaylist,idMusica) Values(3,785411542);
INSERT INTO PlaylistMusica(idPlaylist,idMusica) Values(3,785411482);
INSERT INTO PlaylistMusica(idPlaylist,idMusica) Values(3,4315383);
INSERT INTO PlaylistMusica(idPlaylist,idMusica) Values(3,116348602);
INSERT INTO PlaylistMusica(idPlaylist,idMusica) Values(4,67238732);
INSERT INTO PlaylistMusica(idPlaylist,idMusica) Values(4,9997014);
INSERT INTO PlaylistMusica(idPlaylist,idMusica) Values(4,116348468);
INSERT INTO PlaylistMusica(idPlaylist,idMusica) Values(4,116348620);
INSERT INTO PlaylistMusica(idPlaylist,idMusica) Values(4,2293080);
INSERT INTO PlaylistMusica(idPlaylist,idMusica) Values(4,116348662);
INSERT INTO PlaylistMusica(idPlaylist,idMusica) Values(4,70322133);
INSERT INTO PlaylistMusica(idPlaylist,idMusica) Values(4,126772761);
INSERT INTO PlaylistMusica(idPlaylist,idMusica) Values(4,116348668);
INSERT INTO PlaylistMusica(idPlaylist,idMusica) Values(5,4315316);
INSERT INTO PlaylistMusica(idPlaylist,idMusica) Values(5,116348666);
INSERT INTO PlaylistMusica(idPlaylist,idMusica) Values(5,62724016);
INSERT INTO PlaylistMusica(idPlaylist,idMusica) Values(5,9997015);
INSERT INTO PlaylistMusica(idPlaylist,idMusica) Values(5,70322142);
INSERT INTO PlaylistMusica(idPlaylist,idMusica) Values(5,62724021);
INSERT INTO PlaylistMusica(idPlaylist,idMusica) Values(5,116348470);
INSERT INTO PlaylistMusica(idPlaylist,idMusica) Values(5,727379302);
INSERT INTO PlaylistMusica(idPlaylist,idMusica) Values(5,785411482);
INSERT INTO PlaylistMusica(idPlaylist,idMusica) Values(5,384157691);
INSERT INTO PlaylistMusica(idPlaylist,idMusica) Values(5,107471926);
INSERT INTO PlaylistMusica(idPlaylist,idMusica) Values(6,2293100);
INSERT INTO PlaylistMusica(idPlaylist,idMusica) Values(6,116348624);
INSERT INTO PlaylistMusica(idPlaylist,idMusica) Values(6,116348604);
INSERT INTO PlaylistMusica(idPlaylist,idMusica) Values(6,9997012);
INSERT INTO PlaylistMusica(idPlaylist,idMusica) Values(6,67238733);
INSERT INTO PlaylistMusica(idPlaylist,idMusica) Values(7,585667482);
INSERT INTO PlaylistMusica(idPlaylist,idMusica) Values(7,10064650);
INSERT INTO PlaylistMusica(idPlaylist,idMusica) Values(7,9997011);
INSERT INTO PlaylistMusica(idPlaylist,idMusica) Values(7,70322133);
INSERT INTO PlaylistMusica(idPlaylist,idMusica) Values(7,585667452);
INSERT INTO PlaylistMusica(idPlaylist,idMusica) Values(7,2293064);
INSERT INTO PlaylistMusica(idPlaylist,idMusica) Values(7,116348652);
INSERT INTO PlaylistMusica(idPlaylist,idMusica) Values(7,568147802);
INSERT INTO PlaylistMusica(idPlaylist,idMusica) Values(7,10064646);
INSERT INTO PlaylistMusica(idPlaylist,idMusica) Values(8,585667522);
INSERT INTO PlaylistMusica(idPlaylist,idMusica) Values(8,681009712);
INSERT INTO PlaylistMusica(idPlaylist,idMusica) Values(8,2293064);
INSERT INTO PlaylistMusica(idPlaylist,idMusica) Values(8,67238733);
INSERT INTO PlaylistMusica(idPlaylist,idMusica) Values(8,384157601);
INSERT INTO PlaylistMusica(idPlaylist,idMusica) Values(8,9997010);
INSERT INTO PlaylistMusica(idPlaylist,idMusica) Values(8,116348652);
INSERT INTO PlaylistMusica(idPlaylist,idMusica) Values(8,785411512);
INSERT INTO PlaylistMusica(idPlaylist,idMusica) Values(8,9997019);
INSERT INTO PlaylistMusica(idPlaylist,idMusica) Values(8,785411482);
INSERT INTO PlaylistMusica(idPlaylist,idMusica) Values(8,116348470);
INSERT INTO PlaylistMusica(idPlaylist,idMusica) Values(8,74617610);
INSERT INTO PlaylistMusica(idPlaylist,idMusica) Values(9,116348652);
INSERT INTO PlaylistMusica(idPlaylist,idMusica) Values(9,3135558);
INSERT INTO PlaylistMusica(idPlaylist,idMusica) Values(9,1272174692);
INSERT INTO PlaylistMusica(idPlaylist,idMusica) Values(9,116348618);
INSERT INTO PlaylistMusica(idPlaylist,idMusica) Values(9,126772749);
INSERT INTO PlaylistMusica(idPlaylist,idMusica) Values(9,116348662);
INSERT INTO PlaylistMusica(idPlaylist,idMusica) Values(9,116348636);
INSERT INTO PlaylistMusica(idPlaylist,idMusica) Values(10,126772735);
INSERT INTO PlaylistMusica(idPlaylist,idMusica) Values(10,116348602);
INSERT INTO PlaylistMusica(idPlaylist,idMusica) Values(10,12209328);
INSERT INTO PlaylistMusica(idPlaylist,idMusica) Values(10,9997012);
INSERT INTO PlaylistMusica(idPlaylist,idMusica) Values(10,126772759);
INSERT INTO PlaylistMusica(idPlaylist,idMusica) Values(10,384157591);
INSERT INTO PlaylistMusica(idPlaylist,idMusica) Values(11,2293064);
INSERT INTO PlaylistMusica(idPlaylist,idMusica) Values(11,13459070);
INSERT INTO PlaylistMusica(idPlaylist,idMusica) Values(11,9997019);
INSERT INTO PlaylistMusica(idPlaylist,idMusica) Values(11,116348468);
INSERT INTO PlaylistMusica(idPlaylist,idMusica) Values(11,681009692);
INSERT INTO PlaylistMusica(idPlaylist,idMusica) Values(11,4315314);
INSERT INTO PlaylistMusica(idPlaylist,idMusica) Values(11,116348604);
INSERT INTO PlaylistMusica(idPlaylist,idMusica) Values(11,107471920);
INSERT INTO PlaylistMusica(idPlaylist,idMusica) Values(11,12209332);
INSERT INTO PlaylistMusica(idPlaylist,idMusica) Values(12,568147732);
INSERT INTO PlaylistMusica(idPlaylist,idMusica) Values(12,4315384);
INSERT INTO PlaylistMusica(idPlaylist,idMusica) Values(12,785411462);
INSERT INTO PlaylistMusica(idPlaylist,idMusica) Values(12,681009732);
INSERT INTO PlaylistMusica(idPlaylist,idMusica) Values(12,9997010);
INSERT INTO PlaylistMusica(idPlaylist,idMusica) Values(12,568147822);
INSERT INTO PlaylistMusica(idPlaylist,idMusica) Values(12,126772743);
INSERT INTO PlaylistMusica(idPlaylist,idMusica) Values(12,107471936);
INSERT INTO PlaylistMusica(idPlaylist,idMusica) Values(12,681009742);
INSERT INTO PlaylistMusica(idPlaylist,idMusica) Values(12,384157581);
INSERT INTO PlaylistMusica(idPlaylist,idMusica) Values(12,4315312);
INSERT INTO PlaylistMusica(idPlaylist,idMusica) Values(12,384157651);
INSERT INTO PlaylistMusica(idPlaylist,idMusica) Values(12,585667452);
INSERT INTO PlaylistMusica(idPlaylist,idMusica) Values(12,9997017);
INSERT INTO PlaylistMusica(idPlaylist,idMusica) Values(13,12209329);
INSERT INTO PlaylistMusica(idPlaylist,idMusica) Values(13,62724017);
INSERT INTO PlaylistMusica(idPlaylist,idMusica) Values(13,384157561);
INSERT INTO PlaylistMusica(idPlaylist,idMusica) Values(13,70322132);
INSERT INTO PlaylistMusica(idPlaylist,idMusica) Values(13,4315318);
INSERT INTO PlaylistMusica(idPlaylist,idMusica) Values(13,116348476);
INSERT INTO PlaylistMusica(idPlaylist,idMusica) Values(13,681009682);
INSERT INTO PlaylistMusica(idPlaylist,idMusica) Values(13,785411482);
INSERT INTO PlaylistMusica(idPlaylist,idMusica) Values(13,126772765);
INSERT INTO PlaylistMusica(idPlaylist,idMusica) Values(13,70322142);
INSERT INTO PlaylistMusica(idPlaylist,idMusica) Values(13,107471924);
INSERT INTO PlaylistMusica(idPlaylist,idMusica) Values(13,3135560);
INSERT INTO PlaylistMusica(idPlaylist,idMusica) Values(13,585667492);
INSERT INTO PlaylistMusica(idPlaylist,idMusica) Values(14,4315381);
INSERT INTO PlaylistMusica(idPlaylist,idMusica) Values(14,568147762);
INSERT INTO PlaylistMusica(idPlaylist,idMusica) Values(14,3135561);
INSERT INTO PlaylistMusica(idPlaylist,idMusica) Values(14,681009662);
INSERT INTO PlaylistMusica(idPlaylist,idMusica) Values(14,13459068);
INSERT INTO PlaylistMusica(idPlaylist,idMusica) Values(14,384157611);
INSERT INTO PlaylistMusica(idPlaylist,idMusica) Values(14,4315387);
INSERT INTO PlaylistMusica(idPlaylist,idMusica) Values(14,62724020);
INSERT INTO PlaylistMusica(idPlaylist,idMusica) Values(14,9997016);
INSERT INTO PlaylistMusica(idPlaylist,idMusica) Values(15,126772733);
INSERT INTO PlaylistMusica(idPlaylist,idMusica) Values(15,4315388);
INSERT INTO PlaylistMusica(idPlaylist,idMusica) Values(15,116348468);
INSERT INTO PlaylistMusica(idPlaylist,idMusica) Values(15,126772757);
INSERT INTO PlaylistMusica(idPlaylist,idMusica) Values(15,568147792);
INSERT INTO PlaylistMusica(idPlaylist,idMusica) Values(15,116348596);
INSERT INTO PlaylistMusica(idPlaylist,idMusica) Values(15,384157681);
INSERT INTO PlaylistMusica(idPlaylist,idMusica) Values(15,4315315);
INSERT INTO PlaylistMusica(idPlaylist,idMusica) Values(15,70322138);
INSERT INTO PlaylistMusica(idPlaylist,idMusica) Values(15,116348656);
INSERT INTO PlaylistMusica(idPlaylist,idMusica) Values(15,107471938);
INSERT INTO PlaylistMusica(idPlaylist,idMusica) Values(15,681009722);
INSERT INTO PlaylistMusica(idPlaylist,idMusica) Values(16,126772737);
INSERT INTO PlaylistMusica(idPlaylist,idMusica) Values(16,70322133);
INSERT INTO PlaylistMusica(idPlaylist,idMusica) Values(16,116348662);
INSERT INTO PlaylistMusica(idPlaylist,idMusica) Values(16,384157661);
INSERT INTO PlaylistMusica(idPlaylist,idMusica) Values(16,568147782);
INSERT INTO PlaylistMusica(idPlaylist,idMusica) Values(16,116348652);
INSERT INTO PlaylistMusica(idPlaylist,idMusica) Values(16,67238729);
INSERT INTO PlaylistMusica(idPlaylist,idMusica) Values(16,116348612);
INSERT INTO PlaylistMusica(idPlaylist,idMusica) Values(16,785411482);
INSERT INTO PlaylistMusica(idPlaylist,idMusica) Values(16,12209331);
INSERT INTO PlaylistMusica(idPlaylist,idMusica) Values(16,67238735);
INSERT INTO PlaylistMusica(idPlaylist,idMusica) Values(17,116348596);
INSERT INTO PlaylistMusica(idPlaylist,idMusica) Values(17,10064648);
INSERT INTO PlaylistMusica(idPlaylist,idMusica) Values(17,585667472);
INSERT INTO PlaylistMusica(idPlaylist,idMusica) Values(17,3135558);
INSERT INTO PlaylistMusica(idPlaylist,idMusica) Values(17,12209327);
INSERT INTO PlaylistMusica(idPlaylist,idMusica) Values(17,126772759);
INSERT INTO PlaylistMusica(idPlaylist,idMusica) Values(17,67238734);
INSERT INTO PlaylistMusica(idPlaylist,idMusica) Values(17,4315311);
INSERT INTO PlaylistMusica(idPlaylist,idMusica) Values(17,384157601);
INSERT INTO PlaylistMusica(idPlaylist,idMusica) Values(17,785411482);
INSERT INTO PlaylistMusica(idPlaylist,idMusica) Values(17,74617608);
INSERT INTO PlaylistMusica(idPlaylist,idMusica) Values(17,116348484);
INSERT INTO PlaylistMusica(idPlaylist,idMusica) Values(17,384157591);
INSERT INTO PlaylistMusica(idPlaylist,idMusica) Values(18,384157621);
INSERT INTO PlaylistMusica(idPlaylist,idMusica) Values(18,9997018);
INSERT INTO PlaylistMusica(idPlaylist,idMusica) Values(18,126772763);
INSERT INTO PlaylistMusica(idPlaylist,idMusica) Values(18,116348640);
INSERT INTO PlaylistMusica(idPlaylist,idMusica) Values(18,116348482);
INSERT INTO PlaylistMusica(idPlaylist,idMusica) Values(18,4315309);
INSERT INTO PlaylistMusica(idPlaylist,idMusica) Values(18,13459065);
INSERT INTO PlaylistMusica(idPlaylist,idMusica) Values(18,2293064);
INSERT INTO PlaylistMusica(idPlaylist,idMusica) Values(18,585667482);
INSERT INTO PlaylistMusica(idPlaylist,idMusica) Values(18,116348624);
INSERT INTO PlaylistMusica(idPlaylist,idMusica) Values(19,126772745);
INSERT INTO PlaylistMusica(idPlaylist,idMusica) Values(19,2293074);
INSERT INTO PlaylistMusica(idPlaylist,idMusica) Values(19,568147792);
INSERT INTO PlaylistMusica(idPlaylist,idMusica) Values(19,4315311);
INSERT INTO PlaylistMusica(idPlaylist,idMusica) Values(19,10064647);
INSERT INTO PlaylistMusica(idPlaylist,idMusica) Values(19,9997017);
-- Table: AutorAlbum
INSERT INTO AutorAlbum(idAutor,idAlbum) Values(27,302127);
INSERT INTO AutorAlbum(idAutor,idAlbum) Values(27,6575789);
INSERT INTO AutorAlbum(idAutor,idAlbum) Values(27,6703346);
INSERT INTO AutorAlbum(idAutor,idAlbum) Values(1182,6899610);
INSERT INTO AutorAlbum(idAutor,idAlbum) Values(1182,401346);
INSERT INTO AutorAlbum(idAutor,idAlbum) Values(1182,401340);
INSERT INTO AutorAlbum(idAutor,idAlbum) Values(1195633,921000);
INSERT INTO AutorAlbum(idAutor,idAlbum) Values(11121068,75624372);
INSERT INTO AutorAlbum(idAutor,idAlbum) Values(10963720,106585062);
INSERT INTO AutorAlbum(idAutor,idAlbum) Values(14687,7371939);
INSERT INTO AutorAlbum(idAutor,idAlbum) Values(5168,228644);
INSERT INTO AutorAlbum(idAutor,idAlbum) Values(1,12047958);
INSERT INTO AutorAlbum(idAutor,idAlbum) Values(1,12047952);
INSERT INTO AutorAlbum(idAutor,idAlbum) Values(1,12047956);
INSERT INTO AutorAlbum(idAutor,idAlbum) Values(230,13357219);
INSERT INTO AutorAlbum(idAutor,idAlbum) Values(230,116355212);
INSERT INTO AutorAlbum(idAutor,idAlbum) Values(70016862,265953002);
INSERT INTO AutorAlbum(idAutor,idAlbum) Values(70016862,214037042);
INSERT INTO AutorAlbum(idAutor,idAlbum) Values(1194083,44730061);
INSERT INTO AutorAlbum(idAutor,idAlbum) Values(1194083,97140952);
INSERT INTO AutorAlbum(idAutor,idAlbum) Values(997,11205422);
INSERT INTO AutorAlbum(idAutor,idAlbum) Values(9877750,15586282);
INSERT INTO AutorAlbum(idAutor,idAlbum) Values(429675,6157080);
INSERT INTO AutorAlbum(idAutor,idAlbum) Values(429675,211423112);
INSERT INTO AutorAlbum(idAutor,idAlbum) Values(6474027,78640552);
INSERT INTO AutorAlbum(idAutor,idAlbum) Values(412,915785);
INSERT INTO AutorAlbum(idAutor,idAlbum) Values(412,1121401);
INSERT INTO AutorAlbum(idAutor,idAlbum) Values(412,1232880);
-- Table: ConcertoAutor
INSERT INTO ConcertoAutor(idConcerto,idAutor) Values(0,1195633);
INSERT INTO ConcertoAutor(idConcerto,idAutor) Values(1,100000002);
INSERT INTO ConcertoAutor(idConcerto,idAutor) Values(1,412);
INSERT INTO ConcertoAutor(idConcerto,idAutor) Values(4,14687);
INSERT INTO ConcertoAutor(idConcerto,idAutor) Values(4,100000006);
INSERT INTO ConcertoAutor(idConcerto,idAutor) Values(4,6474027);
INSERT INTO ConcertoAutor(idConcerto,idAutor) Values(5,1195633);
INSERT INTO ConcertoAutor(idConcerto,idAutor) Values(6,100000005);
INSERT INTO ConcertoAutor(idConcerto,idAutor) Values(6,1195633);
INSERT INTO ConcertoAutor(idConcerto,idAutor) Values(6,100000000);
INSERT INTO ConcertoAutor(idConcerto,idAutor) Values(7,1182);
INSERT INTO ConcertoAutor(idConcerto,idAutor) Values(8,6474027);
INSERT INTO ConcertoAutor(idConcerto,idAutor) Values(9,100000000);
INSERT INTO ConcertoAutor(idConcerto,idAutor) Values(9,1182);
INSERT INTO ConcertoAutor(idConcerto,idAutor) Values(9,70016862);
INSERT INTO ConcertoAutor(idConcerto,idAutor) Values(10,11121068);
INSERT INTO ConcertoAutor(idConcerto,idAutor) Values(11,1194083);
INSERT INTO ConcertoAutor(idConcerto,idAutor) Values(12,27);
INSERT INTO ConcertoAutor(idConcerto,idAutor) Values(12,100000004);
INSERT INTO ConcertoAutor(idConcerto,idAutor) Values(13,1);
INSERT INTO ConcertoAutor(idConcerto,idAutor) Values(13,5168);
INSERT INTO ConcertoAutor(idConcerto,idAutor) Values(13,9877750);
INSERT INTO ConcertoAutor(idConcerto,idAutor) Values(14,1);
INSERT INTO ConcertoAutor(idConcerto,idAutor) Values(14,1446);
INSERT INTO ConcertoAutor(idConcerto,idAutor) Values(14,429675);
INSERT INTO ConcertoAutor(idConcerto,idAutor) Values(15,1195633);
INSERT INTO ConcertoAutor(idConcerto,idAutor) Values(16,5168);
INSERT INTO ConcertoAutor(idConcerto,idAutor) Values(16,100000006);
INSERT INTO ConcertoAutor(idConcerto,idAutor) Values(17,997);
INSERT INTO ConcertoAutor(idConcerto,idAutor) Values(17,100000000);
INSERT INTO ConcertoAutor(idConcerto,idAutor) Values(17,429675);
INSERT INTO ConcertoAutor(idConcerto,idAutor) Values(19,5168);
INSERT INTO ConcertoAutor(idConcerto,idAutor) Values(20,1446);
INSERT INTO ConcertoAutor(idConcerto,idAutor) Values(20,70016862);
INSERT INTO ConcertoAutor(idConcerto,idAutor) Values(21,6474027);
INSERT INTO ConcertoAutor(idConcerto,idAutor) Values(21,14687);
INSERT INTO ConcertoAutor(idConcerto,idAutor) Values(21,27);
INSERT INTO ConcertoAutor(idConcerto,idAutor) Values(23,14687);
INSERT INTO ConcertoAutor(idConcerto,idAutor) Values(23,9877750);
INSERT INTO ConcertoAutor(idConcerto,idAutor) Values(23,1182);
INSERT INTO ConcertoAutor(idConcerto,idAutor) Values(24,70016862);
INSERT INTO ConcertoAutor(idConcerto,idAutor) Values(24,1446);
INSERT INTO ConcertoAutor(idConcerto,idAutor) Values(25,412);
INSERT INTO ConcertoAutor(idConcerto,idAutor) Values(25,100000006);
INSERT INTO ConcertoAutor(idConcerto,idAutor) Values(26,997);
INSERT INTO ConcertoAutor(idConcerto,idAutor) Values(27,1194083);
INSERT INTO ConcertoAutor(idConcerto,idAutor) Values(27,429675);
INSERT INTO ConcertoAutor(idConcerto,idAutor) Values(27,5168);
INSERT INTO ConcertoAutor(idConcerto,idAutor) Values(28,11121068);
INSERT INTO ConcertoAutor(idConcerto,idAutor) Values(28,429675);
INSERT INTO ConcertoAutor(idConcerto,idAutor) Values(29,27);
INSERT INTO ConcertoAutor(idConcerto,idAutor) Values(30,230);
INSERT INTO ConcertoAutor(idConcerto,idAutor) Values(30,9877750);
INSERT INTO ConcertoAutor(idConcerto,idAutor) Values(32,997);
INSERT INTO ConcertoAutor(idConcerto,idAutor) Values(32,429675);
INSERT INTO ConcertoAutor(idConcerto,idAutor) Values(33,1182);
INSERT INTO ConcertoAutor(idConcerto,idAutor) Values(33,14687);
INSERT INTO ConcertoAutor(idConcerto,idAutor) Values(33,226);
-- Table: ConcertoMusica
INSERT INTO ConcertoMusica(idConcerto,idMusica) Values(0,10064647);
INSERT INTO ConcertoMusica(idConcerto,idMusica) Values(1,12209327);
INSERT INTO ConcertoMusica(idConcerto,idMusica) Values(1,13459071);
INSERT INTO ConcertoMusica(idConcerto,idMusica) Values(1,9997014);
INSERT INTO ConcertoMusica(idConcerto,idMusica) Values(1,9997010);
INSERT INTO ConcertoMusica(idConcerto,idMusica) Values(4,585667572);
INSERT INTO ConcertoMusica(idConcerto,idMusica) Values(4,585667482);
INSERT INTO ConcertoMusica(idConcerto,idMusica) Values(4,74617608);
INSERT INTO ConcertoMusica(idConcerto,idMusica) Values(4,585667472);
INSERT INTO ConcertoMusica(idConcerto,idMusica) Values(4,74617612);
INSERT INTO ConcertoMusica(idConcerto,idMusica) Values(4,74617613);
INSERT INTO ConcertoMusica(idConcerto,idMusica) Values(4,585667462);
INSERT INTO ConcertoMusica(idConcerto,idMusica) Values(4,74617615);
INSERT INTO ConcertoMusica(idConcerto,idMusica) Values(4,74617609);
INSERT INTO ConcertoMusica(idConcerto,idMusica) Values(4,585667582);
INSERT INTO ConcertoMusica(idConcerto,idMusica) Values(4,74617611);
INSERT INTO ConcertoMusica(idConcerto,idMusica) Values(4,585667452);
INSERT INTO ConcertoMusica(idConcerto,idMusica) Values(4,585667542);
INSERT INTO ConcertoMusica(idConcerto,idMusica) Values(4,585667512);
INSERT INTO ConcertoMusica(idConcerto,idMusica) Values(4,585667502);
INSERT INTO ConcertoMusica(idConcerto,idMusica) Values(4,585667522);
INSERT INTO ConcertoMusica(idConcerto,idMusica) Values(4,585667562);
INSERT INTO ConcertoMusica(idConcerto,idMusica) Values(5,10064651);
INSERT INTO ConcertoMusica(idConcerto,idMusica) Values(5,10064650);
INSERT INTO ConcertoMusica(idConcerto,idMusica) Values(5,10064646);
INSERT INTO ConcertoMusica(idConcerto,idMusica) Values(5,10064647);
INSERT INTO ConcertoMusica(idConcerto,idMusica) Values(6,10064648);
INSERT INTO ConcertoMusica(idConcerto,idMusica) Values(7,4315318);
INSERT INTO ConcertoMusica(idConcerto,idMusica) Values(7,4315314);
INSERT INTO ConcertoMusica(idConcerto,idMusica) Values(7,70322138);
INSERT INTO ConcertoMusica(idConcerto,idMusica) Values(7,4315311);
INSERT INTO ConcertoMusica(idConcerto,idMusica) Values(7,70322130);
INSERT INTO ConcertoMusica(idConcerto,idMusica) Values(7,4315312);
INSERT INTO ConcertoMusica(idConcerto,idMusica) Values(7,4315378);
INSERT INTO ConcertoMusica(idConcerto,idMusica) Values(7,70322133);
INSERT INTO ConcertoMusica(idConcerto,idMusica) Values(7,4315316);
INSERT INTO ConcertoMusica(idConcerto,idMusica) Values(7,70322141);
INSERT INTO ConcertoMusica(idConcerto,idMusica) Values(7,4315380);
INSERT INTO ConcertoMusica(idConcerto,idMusica) Values(7,70322139);
INSERT INTO ConcertoMusica(idConcerto,idMusica) Values(7,4315317);
INSERT INTO ConcertoMusica(idConcerto,idMusica) Values(7,4315384);
INSERT INTO ConcertoMusica(idConcerto,idMusica) Values(7,70322132);
INSERT INTO ConcertoMusica(idConcerto,idMusica) Values(7,4315310);
INSERT INTO ConcertoMusica(idConcerto,idMusica) Values(7,70322140);
INSERT INTO ConcertoMusica(idConcerto,idMusica) Values(7,4315387);
INSERT INTO ConcertoMusica(idConcerto,idMusica) Values(7,4315309);
INSERT INTO ConcertoMusica(idConcerto,idMusica) Values(7,4315381);
INSERT INTO ConcertoMusica(idConcerto,idMusica) Values(7,4315385);
INSERT INTO ConcertoMusica(idConcerto,idMusica) Values(7,4315321);
INSERT INTO ConcertoMusica(idConcerto,idMusica) Values(7,70322134);
INSERT INTO ConcertoMusica(idConcerto,idMusica) Values(7,4315389);
INSERT INTO ConcertoMusica(idConcerto,idMusica) Values(7,4315313);
INSERT INTO ConcertoMusica(idConcerto,idMusica) Values(7,4315379);
INSERT INTO ConcertoMusica(idConcerto,idMusica) Values(8,585667512);
INSERT INTO ConcertoMusica(idConcerto,idMusica) Values(8,585667522);
INSERT INTO ConcertoMusica(idConcerto,idMusica) Values(8,585667502);
INSERT INTO ConcertoMusica(idConcerto,idMusica) Values(8,585667492);
INSERT INTO ConcertoMusica(idConcerto,idMusica) Values(8,585667572);
INSERT INTO ConcertoMusica(idConcerto,idMusica) Values(8,585667562);
INSERT INTO ConcertoMusica(idConcerto,idMusica) Values(8,585667532);
INSERT INTO ConcertoMusica(idConcerto,idMusica) Values(8,585667462);
INSERT INTO ConcertoMusica(idConcerto,idMusica) Values(8,585667452);
INSERT INTO ConcertoMusica(idConcerto,idMusica) Values(8,585667542);
INSERT INTO ConcertoMusica(idConcerto,idMusica) Values(8,585667472);
INSERT INTO ConcertoMusica(idConcerto,idMusica) Values(8,585667582);
INSERT INTO ConcertoMusica(idConcerto,idMusica) Values(8,585667482);
INSERT INTO ConcertoMusica(idConcerto,idMusica) Values(8,585667552);
INSERT INTO ConcertoMusica(idConcerto,idMusica) Values(9,4315309);
INSERT INTO ConcertoMusica(idConcerto,idMusica) Values(9,4315380);
INSERT INTO ConcertoMusica(idConcerto,idMusica) Values(9,70322136);
INSERT INTO ConcertoMusica(idConcerto,idMusica) Values(9,70322137);
INSERT INTO ConcertoMusica(idConcerto,idMusica) Values(9,4315311);
INSERT INTO ConcertoMusica(idConcerto,idMusica) Values(9,4315313);
INSERT INTO ConcertoMusica(idConcerto,idMusica) Values(9,70322132);
INSERT INTO ConcertoMusica(idConcerto,idMusica) Values(9,4315382);
INSERT INTO ConcertoMusica(idConcerto,idMusica) Values(9,4315310);
INSERT INTO ConcertoMusica(idConcerto,idMusica) Values(9,4315386);
INSERT INTO ConcertoMusica(idConcerto,idMusica) Values(9,4315378);
INSERT INTO ConcertoMusica(idConcerto,idMusica) Values(9,4315319);
INSERT INTO ConcertoMusica(idConcerto,idMusica) Values(9,70322142);
INSERT INTO ConcertoMusica(idConcerto,idMusica) Values(9,4315385);
INSERT INTO ConcertoMusica(idConcerto,idMusica) Values(9,70322138);
INSERT INTO ConcertoMusica(idConcerto,idMusica) Values(9,70322140);
INSERT INTO ConcertoMusica(idConcerto,idMusica) Values(9,4315317);
INSERT INTO ConcertoMusica(idConcerto,idMusica) Values(9,4315388);
INSERT INTO ConcertoMusica(idConcerto,idMusica) Values(9,4315315);
INSERT INTO ConcertoMusica(idConcerto,idMusica) Values(9,4315314);
INSERT INTO ConcertoMusica(idConcerto,idMusica) Values(9,4315321);
INSERT INTO ConcertoMusica(idConcerto,idMusica) Values(9,4315320);
INSERT INTO ConcertoMusica(idConcerto,idMusica) Values(9,4315384);
INSERT INTO ConcertoMusica(idConcerto,idMusica) Values(9,4315316);
INSERT INTO ConcertoMusica(idConcerto,idMusica) Values(9,4315389);
INSERT INTO ConcertoMusica(idConcerto,idMusica) Values(9,70322139);
INSERT INTO ConcertoMusica(idConcerto,idMusica) Values(9,1523554262);
INSERT INTO ConcertoMusica(idConcerto,idMusica) Values(9,70322130);
INSERT INTO ConcertoMusica(idConcerto,idMusica) Values(9,4315318);
INSERT INTO ConcertoMusica(idConcerto,idMusica) Values(9,4315383);
INSERT INTO ConcertoMusica(idConcerto,idMusica) Values(9,70322134);
INSERT INTO ConcertoMusica(idConcerto,idMusica) Values(9,1272174692);
INSERT INTO ConcertoMusica(idConcerto,idMusica) Values(9,4315381);
INSERT INTO ConcertoMusica(idConcerto,idMusica) Values(9,4315387);
INSERT INTO ConcertoMusica(idConcerto,idMusica) Values(9,4315379);
INSERT INTO ConcertoMusica(idConcerto,idMusica) Values(9,70322141);
INSERT INTO ConcertoMusica(idConcerto,idMusica) Values(10,568147782);
INSERT INTO ConcertoMusica(idConcerto,idMusica) Values(10,568147772);
INSERT INTO ConcertoMusica(idConcerto,idMusica) Values(11,681009642);
INSERT INTO ConcertoMusica(idConcerto,idMusica) Values(11,384157691);
INSERT INTO ConcertoMusica(idConcerto,idMusica) Values(11,681009742);
INSERT INTO ConcertoMusica(idConcerto,idMusica) Values(11,384157601);
INSERT INTO ConcertoMusica(idConcerto,idMusica) Values(11,384157671);
INSERT INTO ConcertoMusica(idConcerto,idMusica) Values(11,384157661);
INSERT INTO ConcertoMusica(idConcerto,idMusica) Values(11,681009662);
INSERT INTO ConcertoMusica(idConcerto,idMusica) Values(11,681009692);
INSERT INTO ConcertoMusica(idConcerto,idMusica) Values(12,3135557);
INSERT INTO ConcertoMusica(idConcerto,idMusica) Values(12,3135560);
INSERT INTO ConcertoMusica(idConcerto,idMusica) Values(12,3135555);
INSERT INTO ConcertoMusica(idConcerto,idMusica) Values(12,3135563);
INSERT INTO ConcertoMusica(idConcerto,idMusica) Values(12,67238739);
INSERT INTO ConcertoMusica(idConcerto,idMusica) Values(12,67238732);
INSERT INTO ConcertoMusica(idConcerto,idMusica) Values(12,3135553);
INSERT INTO ConcertoMusica(idConcerto,idMusica) Values(13,116348594);
INSERT INTO ConcertoMusica(idConcerto,idMusica) Values(13,2293083);
INSERT INTO ConcertoMusica(idConcerto,idMusica) Values(13,116348476);
INSERT INTO ConcertoMusica(idConcerto,idMusica) Values(13,116348452);
INSERT INTO ConcertoMusica(idConcerto,idMusica) Values(13,116348474);
INSERT INTO ConcertoMusica(idConcerto,idMusica) Values(13,116348480);
INSERT INTO ConcertoMusica(idConcerto,idMusica) Values(13,116348592);
INSERT INTO ConcertoMusica(idConcerto,idMusica) Values(13,143848116);
INSERT INTO ConcertoMusica(idConcerto,idMusica) Values(13,116348598);
INSERT INTO ConcertoMusica(idConcerto,idMusica) Values(13,116348644);
INSERT INTO ConcertoMusica(idConcerto,idMusica) Values(13,116348470);
INSERT INTO ConcertoMusica(idConcerto,idMusica) Values(13,116348654);
INSERT INTO ConcertoMusica(idConcerto,idMusica) Values(13,116348624);
INSERT INTO ConcertoMusica(idConcerto,idMusica) Values(13,116348636);
INSERT INTO ConcertoMusica(idConcerto,idMusica) Values(13,116348648);
INSERT INTO ConcertoMusica(idConcerto,idMusica) Values(13,116348656);
INSERT INTO ConcertoMusica(idConcerto,idMusica) Values(13,116348666);
INSERT INTO ConcertoMusica(idConcerto,idMusica) Values(13,116348632);
INSERT INTO ConcertoMusica(idConcerto,idMusica) Values(13,116348602);
INSERT INTO ConcertoMusica(idConcerto,idMusica) Values(13,116348460);
INSERT INTO ConcertoMusica(idConcerto,idMusica) Values(13,116348454);
INSERT INTO ConcertoMusica(idConcerto,idMusica) Values(13,116348652);
INSERT INTO ConcertoMusica(idConcerto,idMusica) Values(13,2293089);
INSERT INTO ConcertoMusica(idConcerto,idMusica) Values(13,116348650);
INSERT INTO ConcertoMusica(idConcerto,idMusica) Values(13,116348626);
INSERT INTO ConcertoMusica(idConcerto,idMusica) Values(13,116348622);
INSERT INTO ConcertoMusica(idConcerto,idMusica) Values(13,116348472);
INSERT INTO ConcertoMusica(idConcerto,idMusica) Values(13,116348618);
INSERT INTO ConcertoMusica(idConcerto,idMusica) Values(13,116348466);
INSERT INTO ConcertoMusica(idConcerto,idMusica) Values(13,2293097);
INSERT INTO ConcertoMusica(idConcerto,idMusica) Values(13,2293100);
INSERT INTO ConcertoMusica(idConcerto,idMusica) Values(13,116348596);
INSERT INTO ConcertoMusica(idConcerto,idMusica) Values(13,116348614);
INSERT INTO ConcertoMusica(idConcerto,idMusica) Values(13,116348660);
INSERT INTO ConcertoMusica(idConcerto,idMusica) Values(13,116348662);
INSERT INTO ConcertoMusica(idConcerto,idMusica) Values(13,116348606);
INSERT INTO ConcertoMusica(idConcerto,idMusica) Values(13,116348638);
INSERT INTO ConcertoMusica(idConcerto,idMusica) Values(13,2293061);
INSERT INTO ConcertoMusica(idConcerto,idMusica) Values(13,116348612);
INSERT INTO ConcertoMusica(idConcerto,idMusica) Values(13,116348610);
INSERT INTO ConcertoMusica(idConcerto,idMusica) Values(13,2293092);
INSERT INTO ConcertoMusica(idConcerto,idMusica) Values(13,2293076);
INSERT INTO ConcertoMusica(idConcerto,idMusica) Values(13,116348642);
INSERT INTO ConcertoMusica(idConcerto,idMusica) Values(13,116348462);
INSERT INTO ConcertoMusica(idConcerto,idMusica) Values(13,116348464);
INSERT INTO ConcertoMusica(idConcerto,idMusica) Values(13,116348630);
INSERT INTO ConcertoMusica(idConcerto,idMusica) Values(13,116348668);
INSERT INTO ConcertoMusica(idConcerto,idMusica) Values(13,2293068);
INSERT INTO ConcertoMusica(idConcerto,idMusica) Values(13,116348664);
INSERT INTO ConcertoMusica(idConcerto,idMusica) Values(13,116348628);
INSERT INTO ConcertoMusica(idConcerto,idMusica) Values(13,2293074);
INSERT INTO ConcertoMusica(idConcerto,idMusica) Values(13,116348484);
INSERT INTO ConcertoMusica(idConcerto,idMusica) Values(13,116348646);
INSERT INTO ConcertoMusica(idConcerto,idMusica) Values(13,116348600);
INSERT INTO ConcertoMusica(idConcerto,idMusica) Values(14,116348480);
INSERT INTO ConcertoMusica(idConcerto,idMusica) Values(14,116348602);
INSERT INTO ConcertoMusica(idConcerto,idMusica) Values(14,62724014);
INSERT INTO ConcertoMusica(idConcerto,idMusica) Values(14,116348652);
INSERT INTO ConcertoMusica(idConcerto,idMusica) Values(14,62724021);
INSERT INTO ConcertoMusica(idConcerto,idMusica) Values(14,116348460);
INSERT INTO ConcertoMusica(idConcerto,idMusica) Values(14,116348618);
INSERT INTO ConcertoMusica(idConcerto,idMusica) Values(14,116348464);
INSERT INTO ConcertoMusica(idConcerto,idMusica) Values(14,116348650);
INSERT INTO ConcertoMusica(idConcerto,idMusica) Values(14,116348616);
INSERT INTO ConcertoMusica(idConcerto,idMusica) Values(14,116348614);
INSERT INTO ConcertoMusica(idConcerto,idMusica) Values(14,116348658);
INSERT INTO ConcertoMusica(idConcerto,idMusica) Values(14,116348640);
INSERT INTO ConcertoMusica(idConcerto,idMusica) Values(14,116348642);
INSERT INTO ConcertoMusica(idConcerto,idMusica) Values(14,62724015);
INSERT INTO ConcertoMusica(idConcerto,idMusica) Values(14,116348666);
INSERT INTO ConcertoMusica(idConcerto,idMusica) Values(14,116348626);
INSERT INTO ConcertoMusica(idConcerto,idMusica) Values(14,116348634);
INSERT INTO ConcertoMusica(idConcerto,idMusica) Values(14,116348644);
INSERT INTO ConcertoMusica(idConcerto,idMusica) Values(14,116348612);
INSERT INTO ConcertoMusica(idConcerto,idMusica) Values(14,62724016);
INSERT INTO ConcertoMusica(idConcerto,idMusica) Values(14,116348628);
INSERT INTO ConcertoMusica(idConcerto,idMusica) Values(14,116348452);
INSERT INTO ConcertoMusica(idConcerto,idMusica) Values(14,116348454);
INSERT INTO ConcertoMusica(idConcerto,idMusica) Values(14,116348482);
INSERT INTO ConcertoMusica(idConcerto,idMusica) Values(14,116348622);
INSERT INTO ConcertoMusica(idConcerto,idMusica) Values(14,116348466);
INSERT INTO ConcertoMusica(idConcerto,idMusica) Values(14,116348484);
INSERT INTO ConcertoMusica(idConcerto,idMusica) Values(14,116348474);
INSERT INTO ConcertoMusica(idConcerto,idMusica) Values(14,116348470);
INSERT INTO ConcertoMusica(idConcerto,idMusica) Values(14,116348646);
INSERT INTO ConcertoMusica(idConcerto,idMusica) Values(14,62724020);
INSERT INTO ConcertoMusica(idConcerto,idMusica) Values(14,62724022);
INSERT INTO ConcertoMusica(idConcerto,idMusica) Values(14,116348608);
INSERT INTO ConcertoMusica(idConcerto,idMusica) Values(14,116348604);
INSERT INTO ConcertoMusica(idConcerto,idMusica) Values(14,116348630);
INSERT INTO ConcertoMusica(idConcerto,idMusica) Values(14,116348596);
INSERT INTO ConcertoMusica(idConcerto,idMusica) Values(14,1260522302);
INSERT INTO ConcertoMusica(idConcerto,idMusica) Values(14,116348660);
INSERT INTO ConcertoMusica(idConcerto,idMusica) Values(14,116348648);
INSERT INTO ConcertoMusica(idConcerto,idMusica) Values(14,116348662);
INSERT INTO ConcertoMusica(idConcerto,idMusica) Values(14,116348656);
INSERT INTO ConcertoMusica(idConcerto,idMusica) Values(14,116348592);
INSERT INTO ConcertoMusica(idConcerto,idMusica) Values(14,116348462);
INSERT INTO ConcertoMusica(idConcerto,idMusica) Values(14,62724018);
INSERT INTO ConcertoMusica(idConcerto,idMusica) Values(15,10064647);
INSERT INTO ConcertoMusica(idConcerto,idMusica) Values(15,10064646);
INSERT INTO ConcertoMusica(idConcerto,idMusica) Values(16,2293080);
INSERT INTO ConcertoMusica(idConcerto,idMusica) Values(16,2293068);
INSERT INTO ConcertoMusica(idConcerto,idMusica) Values(16,2293076);
INSERT INTO ConcertoMusica(idConcerto,idMusica) Values(16,2293074);
INSERT INTO ConcertoMusica(idConcerto,idMusica) Values(16,2293064);
INSERT INTO ConcertoMusica(idConcerto,idMusica) Values(16,2293089);
INSERT INTO ConcertoMusica(idConcerto,idMusica) Values(16,2293083);
INSERT INTO ConcertoMusica(idConcerto,idMusica) Values(16,2293088);
INSERT INTO ConcertoMusica(idConcerto,idMusica) Values(17,62724022);
INSERT INTO ConcertoMusica(idConcerto,idMusica) Values(17,62724017);
INSERT INTO ConcertoMusica(idConcerto,idMusica) Values(17,107471926);
INSERT INTO ConcertoMusica(idConcerto,idMusica) Values(17,62724023);
INSERT INTO ConcertoMusica(idConcerto,idMusica) Values(17,107471932);
INSERT INTO ConcertoMusica(idConcerto,idMusica) Values(17,107471920);
INSERT INTO ConcertoMusica(idConcerto,idMusica) Values(17,107471936);
INSERT INTO ConcertoMusica(idConcerto,idMusica) Values(17,62724015);
INSERT INTO ConcertoMusica(idConcerto,idMusica) Values(17,107471934);
INSERT INTO ConcertoMusica(idConcerto,idMusica) Values(17,107471930);
INSERT INTO ConcertoMusica(idConcerto,idMusica) Values(17,62724020);
INSERT INTO ConcertoMusica(idConcerto,idMusica) Values(17,107471922);
INSERT INTO ConcertoMusica(idConcerto,idMusica) Values(17,107471938);
INSERT INTO ConcertoMusica(idConcerto,idMusica) Values(17,107471928);
INSERT INTO ConcertoMusica(idConcerto,idMusica) Values(17,107471924);
INSERT INTO ConcertoMusica(idConcerto,idMusica) Values(17,62724014);
INSERT INTO ConcertoMusica(idConcerto,idMusica) Values(17,62724019);
INSERT INTO ConcertoMusica(idConcerto,idMusica) Values(17,62724021);
INSERT INTO ConcertoMusica(idConcerto,idMusica) Values(17,1260522302);
INSERT INTO ConcertoMusica(idConcerto,idMusica) Values(19,2293097);
INSERT INTO ConcertoMusica(idConcerto,idMusica) Values(19,2293064);
INSERT INTO ConcertoMusica(idConcerto,idMusica) Values(19,2293092);
INSERT INTO ConcertoMusica(idConcerto,idMusica) Values(19,2293061);
INSERT INTO ConcertoMusica(idConcerto,idMusica) Values(19,2293088);
INSERT INTO ConcertoMusica(idConcerto,idMusica) Values(19,2293089);
INSERT INTO ConcertoMusica(idConcerto,idMusica) Values(19,2293100);
INSERT INTO ConcertoMusica(idConcerto,idMusica) Values(19,2293068);
INSERT INTO ConcertoMusica(idConcerto,idMusica) Values(19,2293076);
INSERT INTO ConcertoMusica(idConcerto,idMusica) Values(19,2293083);
INSERT INTO ConcertoMusica(idConcerto,idMusica) Values(19,2293074);
INSERT INTO ConcertoMusica(idConcerto,idMusica) Values(20,1272174692);
INSERT INTO ConcertoMusica(idConcerto,idMusica) Values(21,585667572);
INSERT INTO ConcertoMusica(idConcerto,idMusica) Values(21,74617615);
INSERT INTO ConcertoMusica(idConcerto,idMusica) Values(21,74617611);
INSERT INTO ConcertoMusica(idConcerto,idMusica) Values(21,585667502);
INSERT INTO ConcertoMusica(idConcerto,idMusica) Values(21,67238739);
INSERT INTO ConcertoMusica(idConcerto,idMusica) Values(21,67238738);
INSERT INTO ConcertoMusica(idConcerto,idMusica) Values(21,585667542);
INSERT INTO ConcertoMusica(idConcerto,idMusica) Values(21,3135563);
INSERT INTO ConcertoMusica(idConcerto,idMusica) Values(21,585667482);
INSERT INTO ConcertoMusica(idConcerto,idMusica) Values(21,3135560);
INSERT INTO ConcertoMusica(idConcerto,idMusica) Values(21,68442677);
INSERT INTO ConcertoMusica(idConcerto,idMusica) Values(21,3135556);
INSERT INTO ConcertoMusica(idConcerto,idMusica) Values(21,74617608);
INSERT INTO ConcertoMusica(idConcerto,idMusica) Values(21,67238728);
INSERT INTO ConcertoMusica(idConcerto,idMusica) Values(21,585667562);
INSERT INTO ConcertoMusica(idConcerto,idMusica) Values(21,585667492);
INSERT INTO ConcertoMusica(idConcerto,idMusica) Values(21,74617609);
INSERT INTO ConcertoMusica(idConcerto,idMusica) Values(21,74617612);
INSERT INTO ConcertoMusica(idConcerto,idMusica) Values(21,67238732);
INSERT INTO ConcertoMusica(idConcerto,idMusica) Values(21,67238735);
INSERT INTO ConcertoMusica(idConcerto,idMusica) Values(21,585667472);
INSERT INTO ConcertoMusica(idConcerto,idMusica) Values(21,3135558);
INSERT INTO ConcertoMusica(idConcerto,idMusica) Values(21,74617614);
INSERT INTO ConcertoMusica(idConcerto,idMusica) Values(21,3135554);
INSERT INTO ConcertoMusica(idConcerto,idMusica) Values(21,585667512);
INSERT INTO ConcertoMusica(idConcerto,idMusica) Values(21,585667462);
INSERT INTO ConcertoMusica(idConcerto,idMusica) Values(21,3135562);
INSERT INTO ConcertoMusica(idConcerto,idMusica) Values(21,3135565);
INSERT INTO ConcertoMusica(idConcerto,idMusica) Values(21,3135553);
INSERT INTO ConcertoMusica(idConcerto,idMusica) Values(21,74617613);
INSERT INTO ConcertoMusica(idConcerto,idMusica) Values(21,3135564);
INSERT INTO ConcertoMusica(idConcerto,idMusica) Values(21,585667452);
INSERT INTO ConcertoMusica(idConcerto,idMusica) Values(21,3135561);
INSERT INTO ConcertoMusica(idConcerto,idMusica) Values(21,67238730);
INSERT INTO ConcertoMusica(idConcerto,idMusica) Values(21,67238734);
INSERT INTO ConcertoMusica(idConcerto,idMusica) Values(21,585667582);
INSERT INTO ConcertoMusica(idConcerto,idMusica) Values(21,3135559);
INSERT INTO ConcertoMusica(idConcerto,idMusica) Values(21,585667522);
INSERT INTO ConcertoMusica(idConcerto,idMusica) Values(23,70322132);
INSERT INTO ConcertoMusica(idConcerto,idMusica) Values(23,4315321);
INSERT INTO ConcertoMusica(idConcerto,idMusica) Values(23,70322130);
INSERT INTO ConcertoMusica(idConcerto,idMusica) Values(23,70322134);
INSERT INTO ConcertoMusica(idConcerto,idMusica) Values(23,70322135);
INSERT INTO ConcertoMusica(idConcerto,idMusica) Values(23,143848116);
INSERT INTO ConcertoMusica(idConcerto,idMusica) Values(23,74617612);
INSERT INTO ConcertoMusica(idConcerto,idMusica) Values(23,74617616);
INSERT INTO ConcertoMusica(idConcerto,idMusica) Values(23,4315383);
INSERT INTO ConcertoMusica(idConcerto,idMusica) Values(23,4315309);
INSERT INTO ConcertoMusica(idConcerto,idMusica) Values(23,70322133);
INSERT INTO ConcertoMusica(idConcerto,idMusica) Values(23,74617609);
INSERT INTO ConcertoMusica(idConcerto,idMusica) Values(23,4315386);
INSERT INTO ConcertoMusica(idConcerto,idMusica) Values(23,74617610);
INSERT INTO ConcertoMusica(idConcerto,idMusica) Values(24,1272174692);
INSERT INTO ConcertoMusica(idConcerto,idMusica) Values(25,12209328);
INSERT INTO ConcertoMusica(idConcerto,idMusica) Values(25,13459068);
INSERT INTO ConcertoMusica(idConcerto,idMusica) Values(25,12209324);
INSERT INTO ConcertoMusica(idConcerto,idMusica) Values(25,12209332);
INSERT INTO ConcertoMusica(idConcerto,idMusica) Values(25,12209321);
INSERT INTO ConcertoMusica(idConcerto,idMusica) Values(25,9997016);
INSERT INTO ConcertoMusica(idConcerto,idMusica) Values(25,12209325);
INSERT INTO ConcertoMusica(idConcerto,idMusica) Values(25,9997011);
INSERT INTO ConcertoMusica(idConcerto,idMusica) Values(25,13459064);
INSERT INTO ConcertoMusica(idConcerto,idMusica) Values(25,13459066);
INSERT INTO ConcertoMusica(idConcerto,idMusica) Values(25,9997009);
INSERT INTO ConcertoMusica(idConcerto,idMusica) Values(25,13459067);
INSERT INTO ConcertoMusica(idConcerto,idMusica) Values(26,107471934);
INSERT INTO ConcertoMusica(idConcerto,idMusica) Values(26,107471938);
INSERT INTO ConcertoMusica(idConcerto,idMusica) Values(26,107471924);
INSERT INTO ConcertoMusica(idConcerto,idMusica) Values(27,681009652);
INSERT INTO ConcertoMusica(idConcerto,idMusica) Values(27,384157691);
INSERT INTO ConcertoMusica(idConcerto,idMusica) Values(27,2293088);
INSERT INTO ConcertoMusica(idConcerto,idMusica) Values(27,681009682);
INSERT INTO ConcertoMusica(idConcerto,idMusica) Values(27,384157671);
INSERT INTO ConcertoMusica(idConcerto,idMusica) Values(27,2293092);
INSERT INTO ConcertoMusica(idConcerto,idMusica) Values(27,62724020);
INSERT INTO ConcertoMusica(idConcerto,idMusica) Values(27,681009752);
INSERT INTO ConcertoMusica(idConcerto,idMusica) Values(27,384157611);
INSERT INTO ConcertoMusica(idConcerto,idMusica) Values(27,2293074);
INSERT INTO ConcertoMusica(idConcerto,idMusica) Values(27,62724015);
INSERT INTO ConcertoMusica(idConcerto,idMusica) Values(27,1260522302);
INSERT INTO ConcertoMusica(idConcerto,idMusica) Values(27,2293061);
INSERT INTO ConcertoMusica(idConcerto,idMusica) Values(27,62724014);
INSERT INTO ConcertoMusica(idConcerto,idMusica) Values(27,62724022);
INSERT INTO ConcertoMusica(idConcerto,idMusica) Values(27,2293076);
INSERT INTO ConcertoMusica(idConcerto,idMusica) Values(27,384157571);
INSERT INTO ConcertoMusica(idConcerto,idMusica) Values(27,384157641);
INSERT INTO ConcertoMusica(idConcerto,idMusica) Values(27,62724021);
INSERT INTO ConcertoMusica(idConcerto,idMusica) Values(27,2293089);
INSERT INTO ConcertoMusica(idConcerto,idMusica) Values(27,384157601);
INSERT INTO ConcertoMusica(idConcerto,idMusica) Values(27,681009692);
INSERT INTO ConcertoMusica(idConcerto,idMusica) Values(27,384157681);
INSERT INTO ConcertoMusica(idConcerto,idMusica) Values(27,681009672);
INSERT INTO ConcertoMusica(idConcerto,idMusica) Values(27,62724016);
INSERT INTO ConcertoMusica(idConcerto,idMusica) Values(27,681009642);
INSERT INTO ConcertoMusica(idConcerto,idMusica) Values(27,384157631);
INSERT INTO ConcertoMusica(idConcerto,idMusica) Values(27,2293064);
INSERT INTO ConcertoMusica(idConcerto,idMusica) Values(27,384157651);
INSERT INTO ConcertoMusica(idConcerto,idMusica) Values(27,2293080);
INSERT INTO ConcertoMusica(idConcerto,idMusica) Values(27,384157561);
INSERT INTO ConcertoMusica(idConcerto,idMusica) Values(27,2293097);
INSERT INTO ConcertoMusica(idConcerto,idMusica) Values(27,681009742);
INSERT INTO ConcertoMusica(idConcerto,idMusica) Values(28,1260522302);
INSERT INTO ConcertoMusica(idConcerto,idMusica) Values(28,568147782);
INSERT INTO ConcertoMusica(idConcerto,idMusica) Values(28,568147822);
INSERT INTO ConcertoMusica(idConcerto,idMusica) Values(28,568147772);
INSERT INTO ConcertoMusica(idConcerto,idMusica) Values(28,62724019);
INSERT INTO ConcertoMusica(idConcerto,idMusica) Values(28,62724023);
INSERT INTO ConcertoMusica(idConcerto,idMusica) Values(28,62724020);
INSERT INTO ConcertoMusica(idConcerto,idMusica) Values(28,568147712);
INSERT INTO ConcertoMusica(idConcerto,idMusica) Values(28,568147792);
INSERT INTO ConcertoMusica(idConcerto,idMusica) Values(28,62724014);
INSERT INTO ConcertoMusica(idConcerto,idMusica) Values(28,62724016);
INSERT INTO ConcertoMusica(idConcerto,idMusica) Values(28,568147762);
INSERT INTO ConcertoMusica(idConcerto,idMusica) Values(28,568147812);
INSERT INTO ConcertoMusica(idConcerto,idMusica) Values(28,62724015);
INSERT INTO ConcertoMusica(idConcerto,idMusica) Values(28,62724022);
INSERT INTO ConcertoMusica(idConcerto,idMusica) Values(28,568147732);
INSERT INTO ConcertoMusica(idConcerto,idMusica) Values(28,568147752);
INSERT INTO ConcertoMusica(idConcerto,idMusica) Values(28,568147722);
INSERT INTO ConcertoMusica(idConcerto,idMusica) Values(28,62724021);
INSERT INTO ConcertoMusica(idConcerto,idMusica) Values(28,568147742);
INSERT INTO ConcertoMusica(idConcerto,idMusica) Values(28,62724018);
INSERT INTO ConcertoMusica(idConcerto,idMusica) Values(29,3135565);
INSERT INTO ConcertoMusica(idConcerto,idMusica) Values(29,3135561);
INSERT INTO ConcertoMusica(idConcerto,idMusica) Values(29,67238739);
INSERT INTO ConcertoMusica(idConcerto,idMusica) Values(29,67238734);
INSERT INTO ConcertoMusica(idConcerto,idMusica) Values(29,67238740);
INSERT INTO ConcertoMusica(idConcerto,idMusica) Values(29,67238728);
INSERT INTO ConcertoMusica(idConcerto,idMusica) Values(29,3135554);
INSERT INTO ConcertoMusica(idConcerto,idMusica) Values(29,3135556);
INSERT INTO ConcertoMusica(idConcerto,idMusica) Values(29,67238733);
INSERT INTO ConcertoMusica(idConcerto,idMusica) Values(29,67238729);
INSERT INTO ConcertoMusica(idConcerto,idMusica) Values(29,3135563);
INSERT INTO ConcertoMusica(idConcerto,idMusica) Values(29,3135566);
INSERT INTO ConcertoMusica(idConcerto,idMusica) Values(29,68442677);
INSERT INTO ConcertoMusica(idConcerto,idMusica) Values(29,3135560);
INSERT INTO ConcertoMusica(idConcerto,idMusica) Values(29,3135562);
INSERT INTO ConcertoMusica(idConcerto,idMusica) Values(29,67238730);
INSERT INTO ConcertoMusica(idConcerto,idMusica) Values(29,67238736);
INSERT INTO ConcertoMusica(idConcerto,idMusica) Values(29,3135564);
INSERT INTO ConcertoMusica(idConcerto,idMusica) Values(29,3135559);
INSERT INTO ConcertoMusica(idConcerto,idMusica) Values(29,3135555);
INSERT INTO ConcertoMusica(idConcerto,idMusica) Values(29,3135558);
INSERT INTO ConcertoMusica(idConcerto,idMusica) Values(29,67238735);
INSERT INTO ConcertoMusica(idConcerto,idMusica) Values(29,67238731);
INSERT INTO ConcertoMusica(idConcerto,idMusica) Values(30,785411552);
INSERT INTO ConcertoMusica(idConcerto,idMusica) Values(32,107471938);
INSERT INTO ConcertoMusica(idConcerto,idMusica) Values(32,62724016);
INSERT INTO ConcertoMusica(idConcerto,idMusica) Values(32,62724014);
INSERT INTO ConcertoMusica(idConcerto,idMusica) Values(32,107471940);
INSERT INTO ConcertoMusica(idConcerto,idMusica) Values(32,107471922);
INSERT INTO ConcertoMusica(idConcerto,idMusica) Values(32,62724019);
INSERT INTO ConcertoMusica(idConcerto,idMusica) Values(32,107471928);
INSERT INTO ConcertoMusica(idConcerto,idMusica) Values(32,107471936);
INSERT INTO ConcertoMusica(idConcerto,idMusica) Values(32,107471924);
INSERT INTO ConcertoMusica(idConcerto,idMusica) Values(32,62724018);
INSERT INTO ConcertoMusica(idConcerto,idMusica) Values(32,62724015);
INSERT INTO ConcertoMusica(idConcerto,idMusica) Values(32,62724023);
INSERT INTO ConcertoMusica(idConcerto,idMusica) Values(32,107471934);
INSERT INTO ConcertoMusica(idConcerto,idMusica) Values(32,62724022);
INSERT INTO ConcertoMusica(idConcerto,idMusica) Values(32,107471920);
INSERT INTO ConcertoMusica(idConcerto,idMusica) Values(32,62724020);
INSERT INTO ConcertoMusica(idConcerto,idMusica) Values(32,62724021);
INSERT INTO ConcertoMusica(idConcerto,idMusica) Values(32,62724017);
INSERT INTO ConcertoMusica(idConcerto,idMusica) Values(32,107471932);
INSERT INTO ConcertoMusica(idConcerto,idMusica) Values(32,1260522302);
INSERT INTO ConcertoMusica(idConcerto,idMusica) Values(33,4315319);
INSERT INTO ConcertoMusica(idConcerto,idMusica) Values(33,4315384);
INSERT INTO ConcertoMusica(idConcerto,idMusica) Values(33,4315379);
INSERT INTO ConcertoMusica(idConcerto,idMusica) Values(33,4315311);
INSERT INTO ConcertoMusica(idConcerto,idMusica) Values(33,74617611);
INSERT INTO ConcertoMusica(idConcerto,idMusica) Values(33,4315383);
INSERT INTO ConcertoMusica(idConcerto,idMusica) Values(33,4315321);
INSERT INTO ConcertoMusica(idConcerto,idMusica) Values(33,4315385);
INSERT INTO ConcertoMusica(idConcerto,idMusica) Values(33,4315314);
INSERT INTO ConcertoMusica(idConcerto,idMusica) Values(33,70322133);
INSERT INTO ConcertoMusica(idConcerto,idMusica) Values(33,70322141);
INSERT INTO ConcertoMusica(idConcerto,idMusica) Values(33,4315387);
INSERT INTO ConcertoMusica(idConcerto,idMusica) Values(33,74617615);
INSERT INTO ConcertoMusica(idConcerto,idMusica) Values(33,4315315);
-- Table: GenerosFavoritos
INSERT INTO GenerosFavoritos(idUtilizador,idGenero,numeroOrdem) Values(0,85,1);
INSERT INTO GenerosFavoritos(idUtilizador,idGenero,numeroOrdem) Values(0,113,2);
INSERT INTO GenerosFavoritos(idUtilizador,idGenero,numeroOrdem) Values(0,129,3);
INSERT INTO GenerosFavoritos(idUtilizador,idGenero,numeroOrdem) Values(1,129,1);
INSERT INTO GenerosFavoritos(idUtilizador,idGenero,numeroOrdem) Values(1,132,2);
INSERT INTO GenerosFavoritos(idUtilizador,idGenero,numeroOrdem) Values(1,85,3);
INSERT INTO GenerosFavoritos(idUtilizador,idGenero,numeroOrdem) Values(2,129,1);
INSERT INTO GenerosFavoritos(idUtilizador,idGenero,numeroOrdem) Values(2,85,2);
INSERT INTO GenerosFavoritos(idUtilizador,idGenero,numeroOrdem) Values(2,116,3);
INSERT INTO GenerosFavoritos(idUtilizador,idGenero,numeroOrdem) Values(3,132,1);
INSERT INTO GenerosFavoritos(idUtilizador,idGenero,numeroOrdem) Values(3,85,2);
INSERT INTO GenerosFavoritos(idUtilizador,idGenero,numeroOrdem) Values(3,116,3);
INSERT INTO GenerosFavoritos(idUtilizador,idGenero,numeroOrdem) Values(4,116,1);
INSERT INTO GenerosFavoritos(idUtilizador,idGenero,numeroOrdem) Values(4,129,2);
INSERT INTO GenerosFavoritos(idUtilizador,idGenero,numeroOrdem) Values(4,152,3);
INSERT INTO GenerosFavoritos(idUtilizador,idGenero,numeroOrdem) Values(5,129,1);
INSERT INTO GenerosFavoritos(idUtilizador,idGenero,numeroOrdem) Values(5,116,2);
INSERT INTO GenerosFavoritos(idUtilizador,idGenero,numeroOrdem) Values(5,152,3);
INSERT INTO GenerosFavoritos(idUtilizador,idGenero,numeroOrdem) Values(6,116,1);
INSERT INTO GenerosFavoritos(idUtilizador,idGenero,numeroOrdem) Values(6,132,2);
INSERT INTO GenerosFavoritos(idUtilizador,idGenero,numeroOrdem) Values(6,129,3);
INSERT INTO GenerosFavoritos(idUtilizador,idGenero,numeroOrdem) Values(7,129,1);
INSERT INTO GenerosFavoritos(idUtilizador,idGenero,numeroOrdem) Values(7,152,2);
INSERT INTO GenerosFavoritos(idUtilizador,idGenero,numeroOrdem) Values(7,132,3);
INSERT INTO GenerosFavoritos(idUtilizador,idGenero,numeroOrdem) Values(8,129,1);
INSERT INTO GenerosFavoritos(idUtilizador,idGenero,numeroOrdem) Values(8,113,2);
INSERT INTO GenerosFavoritos(idUtilizador,idGenero,numeroOrdem) Values(8,132,3);
INSERT INTO GenerosFavoritos(idUtilizador,idGenero,numeroOrdem) Values(9,116,1);
INSERT INTO GenerosFavoritos(idUtilizador,idGenero,numeroOrdem) Values(9,129,2);
INSERT INTO GenerosFavoritos(idUtilizador,idGenero,numeroOrdem) Values(9,113,3);
INSERT INTO GenerosFavoritos(idUtilizador,idGenero,numeroOrdem) Values(10,132,1);
INSERT INTO GenerosFavoritos(idUtilizador,idGenero,numeroOrdem) Values(10,129,2);
INSERT INTO GenerosFavoritos(idUtilizador,idGenero,numeroOrdem) Values(10,116,3);
INSERT INTO GenerosFavoritos(idUtilizador,idGenero,numeroOrdem) Values(11,85,1);
INSERT INTO GenerosFavoritos(idUtilizador,idGenero,numeroOrdem) Values(11,116,2);
INSERT INTO GenerosFavoritos(idUtilizador,idGenero,numeroOrdem) Values(11,113,3);
INSERT INTO GenerosFavoritos(idUtilizador,idGenero,numeroOrdem) Values(12,85,1);
INSERT INTO GenerosFavoritos(idUtilizador,idGenero,numeroOrdem) Values(12,116,2);
INSERT INTO GenerosFavoritos(idUtilizador,idGenero,numeroOrdem) Values(12,129,3);
INSERT INTO GenerosFavoritos(idUtilizador,idGenero,numeroOrdem) Values(13,85,1);
INSERT INTO GenerosFavoritos(idUtilizador,idGenero,numeroOrdem) Values(13,116,2);
INSERT INTO GenerosFavoritos(idUtilizador,idGenero,numeroOrdem) Values(13,113,3);
INSERT INTO GenerosFavoritos(idUtilizador,idGenero,numeroOrdem) Values(14,113,1);
INSERT INTO GenerosFavoritos(idUtilizador,idGenero,numeroOrdem) Values(14,85,2);
INSERT INTO GenerosFavoritos(idUtilizador,idGenero,numeroOrdem) Values(14,152,3);
INSERT INTO GenerosFavoritos(idUtilizador,idGenero,numeroOrdem) Values(15,85,1);
INSERT INTO GenerosFavoritos(idUtilizador,idGenero,numeroOrdem) Values(15,152,2);
INSERT INTO GenerosFavoritos(idUtilizador,idGenero,numeroOrdem) Values(15,116,3);
INSERT INTO GenerosFavoritos(idUtilizador,idGenero,numeroOrdem) Values(16,152,1);
INSERT INTO GenerosFavoritos(idUtilizador,idGenero,numeroOrdem) Values(16,85,2);
INSERT INTO GenerosFavoritos(idUtilizador,idGenero,numeroOrdem) Values(16,132,3);
INSERT INTO GenerosFavoritos(idUtilizador,idGenero,numeroOrdem) Values(17,129,1);
INSERT INTO GenerosFavoritos(idUtilizador,idGenero,numeroOrdem) Values(17,113,2);
INSERT INTO GenerosFavoritos(idUtilizador,idGenero,numeroOrdem) Values(17,116,3);
INSERT INTO GenerosFavoritos(idUtilizador,idGenero,numeroOrdem) Values(18,152,1);
INSERT INTO GenerosFavoritos(idUtilizador,idGenero,numeroOrdem) Values(18,85,2);
INSERT INTO GenerosFavoritos(idUtilizador,idGenero,numeroOrdem) Values(18,116,3);
INSERT INTO GenerosFavoritos(idUtilizador,idGenero,numeroOrdem) Values(19,129,1);
INSERT INTO GenerosFavoritos(idUtilizador,idGenero,numeroOrdem) Values(19,85,2);
INSERT INTO GenerosFavoritos(idUtilizador,idGenero,numeroOrdem) Values(19,113,3);
INSERT INTO GenerosFavoritos(idUtilizador,idGenero,numeroOrdem) Values(20,152,1);
INSERT INTO GenerosFavoritos(idUtilizador,idGenero,numeroOrdem) Values(20,132,2);
INSERT INTO GenerosFavoritos(idUtilizador,idGenero,numeroOrdem) Values(20,116,3);
INSERT INTO GenerosFavoritos(idUtilizador,idGenero,numeroOrdem) Values(21,116,1);
INSERT INTO GenerosFavoritos(idUtilizador,idGenero,numeroOrdem) Values(21,113,2);
INSERT INTO GenerosFavoritos(idUtilizador,idGenero,numeroOrdem) Values(21,85,3);
INSERT INTO GenerosFavoritos(idUtilizador,idGenero,numeroOrdem) Values(22,129,1);
INSERT INTO GenerosFavoritos(idUtilizador,idGenero,numeroOrdem) Values(22,116,2);
INSERT INTO GenerosFavoritos(idUtilizador,idGenero,numeroOrdem) Values(22,113,3);
INSERT INTO GenerosFavoritos(idUtilizador,idGenero,numeroOrdem) Values(23,116,1);
INSERT INTO GenerosFavoritos(idUtilizador,idGenero,numeroOrdem) Values(23,113,2);
INSERT INTO GenerosFavoritos(idUtilizador,idGenero,numeroOrdem) Values(23,129,3);
INSERT INTO GenerosFavoritos(idUtilizador,idGenero,numeroOrdem) Values(24,152,1);
INSERT INTO GenerosFavoritos(idUtilizador,idGenero,numeroOrdem) Values(24,113,2);
INSERT INTO GenerosFavoritos(idUtilizador,idGenero,numeroOrdem) Values(24,85,3);
INSERT INTO GenerosFavoritos(idUtilizador,idGenero,numeroOrdem) Values(25,85,1);
INSERT INTO GenerosFavoritos(idUtilizador,idGenero,numeroOrdem) Values(25,113,2);
INSERT INTO GenerosFavoritos(idUtilizador,idGenero,numeroOrdem) Values(25,152,3);
INSERT INTO GenerosFavoritos(idUtilizador,idGenero,numeroOrdem) Values(26,85,1);
INSERT INTO GenerosFavoritos(idUtilizador,idGenero,numeroOrdem) Values(26,129,2);
INSERT INTO GenerosFavoritos(idUtilizador,idGenero,numeroOrdem) Values(26,152,3);
INSERT INTO GenerosFavoritos(idUtilizador,idGenero,numeroOrdem) Values(27,113,1);
INSERT INTO GenerosFavoritos(idUtilizador,idGenero,numeroOrdem) Values(27,85,2);
INSERT INTO GenerosFavoritos(idUtilizador,idGenero,numeroOrdem) Values(27,116,3);
INSERT INTO GenerosFavoritos(idUtilizador,idGenero,numeroOrdem) Values(28,116,1);
INSERT INTO GenerosFavoritos(idUtilizador,idGenero,numeroOrdem) Values(28,152,2);
INSERT INTO GenerosFavoritos(idUtilizador,idGenero,numeroOrdem) Values(28,132,3);
INSERT INTO GenerosFavoritos(idUtilizador,idGenero,numeroOrdem) Values(29,85,1);
INSERT INTO GenerosFavoritos(idUtilizador,idGenero,numeroOrdem) Values(29,113,2);
INSERT INTO GenerosFavoritos(idUtilizador,idGenero,numeroOrdem) Values(29,116,3);
-- Table: BandaArtista
INSERT INTO BandaArtista(idBanda,idArtista) Values(27,100000000);
INSERT INTO BandaArtista(idBanda,idArtista) Values(27,100000001);
INSERT INTO BandaArtista(idBanda,idArtista) Values(1182,1195633);
INSERT INTO BandaArtista(idBanda,idArtista) Values(1182,100000002);
INSERT INTO BandaArtista(idBanda,idArtista) Values(1182,100000003);
INSERT INTO BandaArtista(idBanda,idArtista) Values(1182,100000004);
INSERT INTO BandaArtista(idBanda,idArtista) Values(1,226);
INSERT INTO BandaArtista(idBanda,idArtista) Values(1,1446);
INSERT INTO BandaArtista(idBanda,idArtista) Values(1,100000005);
INSERT INTO BandaArtista(idBanda,idArtista) Values(1,100000006);
