PRAGMA foreign_keys = ON;
-- Table: Videoclip
INSERT INTO Videoclip(id,url,localFilmagem,duracao) Values(0,'https://www.youtube.com/watch?v=FGBhQbmPwH8','Italy',362830980
);
INSERT INTO Videoclip(id,url,localFilmagem,duracao) Values(1,'https://www.youtube.com/watch?v=Mjpu0-o9iek','Turkey',4620689
);
INSERT INTO Videoclip(id,url,localFilmagem,duracao) Values(2,'https://www.youtube.com/watch?v=4whD6uAryMs','Bulgaria',8706439
);
INSERT INTO Videoclip(id,url,localFilmagem,duracao) Values(3,'https://www.youtube.com/watch?v=yydNF8tuVmU','Denmark',30372665
);
INSERT INTO Videoclip(id,url,localFilmagem,duracao) Values(4,'https://www.youtube.com/watch?v=oor2uIqys8M','Slovakia',2697181
);
INSERT INTO Videoclip(id,url,localFilmagem,duracao) Values(5,'https://www.youtube.com/watch?v=xBTqRd09y3E','Hungary',7050602
);
INSERT INTO Videoclip(id,url,localFilmagem,duracao) Values(6,'https://www.youtube.com/watch?v=WIm1GgfRz6M','Latvia',210287813
);
INSERT INTO Videoclip(id,url,localFilmagem,duracao) Values(7,'https://www.youtube.com/watch?v=wFju8uVDpek','Russia',6791557
);
INSERT INTO Videoclip(id,url,localFilmagem,duracao) Values(8,'https://www.youtube.com/watch?v=sOS9aOIXPEk','Moldova',63704087
);
INSERT INTO Videoclip(id,url,localFilmagem,duracao) Values(9,'https://www.youtube.com/watch?v=UlqBWJy3v1s','Italy',751009
);
INSERT INTO Videoclip(id,url,localFilmagem,duracao) Values(10,'https://www.youtube.com/watch?v=HhZaHf8RP6g','Georgia',22114584
);
INSERT INTO Videoclip(id,url,localFilmagem,duracao) Values(11,'NONE','United Kingdom',0);
INSERT INTO Videoclip(id,url,localFilmagem,duracao) Values(12,'https://www.youtube.com/watch?v=PUtwhfvOvgI','Monaco',120373
);
INSERT INTO Videoclip(id,url,localFilmagem,duracao) Values(13,'https://www.youtube.com/watch?v=ROF4uNjrB4U','Croatia',2789652
);
INSERT INTO Videoclip(id,url,localFilmagem,duracao) Values(14,'https://www.youtube.com/watch?v=IluRBvnYMoY','Montenegro',22887801
);
INSERT INTO Videoclip(id,url,localFilmagem,duracao) Values(15,'https://www.youtube.com/watch?v=HKLnmMacEB4','Bulgaria',45686791
);
INSERT INTO Videoclip(id,url,localFilmagem,duracao) Values(16,'https://www.youtube.com/watch?v=zhl-Cs1-sG4','Malta',28243254
);
INSERT INTO Videoclip(id,url,localFilmagem,duracao) Values(17,'https://www.youtube.com/watch?v=cuj__JnGWLg','Montenegro',7480219
);
INSERT INTO Videoclip(id,url,localFilmagem,duracao) Values(18,'https://www.youtube.com/watch?v=a5uQMwRMHcs','Sweden',509234396
);
INSERT INTO Videoclip(id,url,localFilmagem,duracao) Values(19,'https://www.youtube.com/watch?v=NF-kLy44Hls','Armenia',180449449
);
INSERT INTO Videoclip(id,url,localFilmagem,duracao) Values(20,'https://www.youtube.com/watch?v=0Gkhol2Q1og','Austria',12170110
);
INSERT INTO Videoclip(id,url,localFilmagem,duracao) Values(21,'https://www.youtube.com/watch?v=5NV6Rdv1a3I','Luxembourg',605204914
);
INSERT INTO Videoclip(id,url,localFilmagem,duracao) Values(22,'NONE','Latvia',0);
INSERT INTO Videoclip(id,url,localFilmagem,duracao) Values(23,'NONE','Malta',0);
INSERT INTO Videoclip(id,url,localFilmagem,duracao) Values(24,'https://www.youtube.com/watch?v=_ScM9pKlCfo','Belarus',6524997
);
INSERT INTO Videoclip(id,url,localFilmagem,duracao) Values(25,'https://www.youtube.com/watch?v=LL-gyhZVvx0','Monaco',16780068
);
INSERT INTO Videoclip(id,url,localFilmagem,duracao) Values(26,'https://www.youtube.com/watch?v=xikQkSdt9fI','Albania',21857088
);
INSERT INTO Videoclip(id,url,localFilmagem,duracao) Values(27,'https://www.youtube.com/watch?v=5NV6Rdv1a3I','Latvia',605204914
);
INSERT INTO Videoclip(id,url,localFilmagem,duracao) Values(28,'https://www.youtube.com/watch?v=bpOSxM0rNPM','Andorra',1263218547
);
INSERT INTO Videoclip(id,url,localFilmagem,duracao) Values(29,'https://www.youtube.com/watch?v=ngzC_8zqInk','Cyprus',67249968
);
INSERT INTO Videoclip(id,url,localFilmagem,duracao) Values(30,'https://www.youtube.com/watch?v=qN7gSMPQFss','Belarus',47252328
);
INSERT INTO Videoclip(id,url,localFilmagem,duracao) Values(31,'https://www.youtube.com/watch?v=Jn6-TItCazo','Austria',91613549
);
INSERT INTO Videoclip(id,url,localFilmagem,duracao) Values(32,'https://www.youtube.com/watch?v=hFDcoX7s6rE','Monaco',89748514
);
INSERT INTO Videoclip(id,url,localFilmagem,duracao) Values(33,'https://www.youtube.com/watch?v=mGUjVbsYG6E','Belarus',8059003
);
INSERT INTO Videoclip(id,url,localFilmagem,duracao) Values(34,'https://www.youtube.com/watch?v=up5DEICL_Q0','Montenegro',2774361
);
INSERT INTO Videoclip(id,url,localFilmagem,duracao) Values(35,'https://www.youtube.com/watch?v=8-LewaeKejM','Croatia',4346749
);
INSERT INTO Videoclip(id,url,localFilmagem,duracao) Values(36,'https://www.youtube.com/watch?v=6366dxFf-Os','Romania',129116453
);
INSERT INTO Videoclip(id,url,localFilmagem,duracao) Values(37,'https://www.youtube.com/watch?v=1_O_T6Aq85E','Andorra',46845935
);
INSERT INTO Videoclip(id,url,localFilmagem,duracao) Values(38,'https://www.youtube.com/watch?v=lyO-Sveg6a8','Bosnia and Herzegovina',45096337
);
INSERT INTO Videoclip(id,url,localFilmagem,duracao) Values(39,'https://www.youtube.com/watch?v=nyuo9-OjNNg','Monaco',56856513
);
INSERT INTO Videoclip(id,url,localFilmagem,duracao) Values(40,'https://www.youtube.com/watch?v=30w8DyEJ__0','Belgium',58318415
);
INSERT INTO Videoclip(id,url,localFilmagem,duracao) Values(41,'https://www.youtube.com/watch?v=VredAgNScOw','Slovakia',5284811
);
INSERT INTO Videoclip(id,url,localFilmagem,duracao) Values(42,'https://www.youtube.com/watch?v=0w6WlfdPSms','Greece',2438219
);
INSERT INTO Videoclip(id,url,localFilmagem,duracao) Values(43,'https://www.youtube.com/watch?v=GeyA2L5LNBk','Georgia',3101992
);
INSERT INTO Videoclip(id,url,localFilmagem,duracao) Values(44,'https://www.youtube.com/watch?v=ma9I9VBKPiw','Poland',139847081
);
INSERT INTO Videoclip(id,url,localFilmagem,duracao) Values(45,'https://www.youtube.com/watch?v=3htnUhv4lOM','Denmark',2202406
);
INSERT INTO Videoclip(id,url,localFilmagem,duracao) Values(46,'https://www.youtube.com/watch?v=MaFEHf34fCQ','Germany',7772637
);
INSERT INTO Videoclip(id,url,localFilmagem,duracao) Values(47,'https://www.youtube.com/watch?v=anw6Gyh_ahU','Latvia',1959565
);
INSERT INTO Videoclip(id,url,localFilmagem,duracao) Values(48,'https://www.youtube.com/watch?v=wU0UbTDxABI','Ukraine',3394337
);
INSERT INTO Videoclip(id,url,localFilmagem,duracao) Values(49,'https://www.youtube.com/watch?v=hxiwUOsnVh0','Romania',1141473
);
INSERT INTO Videoclip(id,url,localFilmagem,duracao) Values(50,'https://www.youtube.com/watch?v=NgLWF2XJyKA','Italy',8888877
);
INSERT INTO Videoclip(id,url,localFilmagem,duracao) Values(51,'https://www.youtube.com/watch?v=qU9mHegkTc4','Germany',127672572
);
INSERT INTO Videoclip(id,url,localFilmagem,duracao) Values(52,'https://www.youtube.com/watch?v=PeQAZsyucbQ','Hungary',13659797
);
INSERT INTO Videoclip(id,url,localFilmagem,duracao) Values(53,'https://www.youtube.com/watch?v=CYpn8yUnX_c','France',12183884
);
INSERT INTO Videoclip(id,url,localFilmagem,duracao) Values(54,'https://www.youtube.com/watch?v=rMIGONn-Gxk','Iceland',2144986
);
INSERT INTO Videoclip(id,url,localFilmagem,duracao) Values(55,'https://www.youtube.com/watch?v=25xNOeXvQLY','Malta',1909110
);
INSERT INTO Videoclip(id,url,localFilmagem,duracao) Values(56,'https://www.youtube.com/watch?v=cfetybygLkk','Italy',1277258
);
INSERT INTO Videoclip(id,url,localFilmagem,duracao) Values(57,'https://www.youtube.com/watch?v=FKPKSK1nCKY','Germany',3797497
);
INSERT INTO Videoclip(id,url,localFilmagem,duracao) Values(58,'https://www.youtube.com/watch?v=a62FZZa3fjE','Norway',1313346
);
INSERT INTO Videoclip(id,url,localFilmagem,duracao) Values(59,'https://www.youtube.com/watch?v=u8PjGQLO9mI','Bulgaria',1292369
);
INSERT INTO Videoclip(id,url,localFilmagem,duracao) Values(60,'https://www.youtube.com/watch?v=dO368WjwyFs','Georgia',15852002
);
INSERT INTO Videoclip(id,url,localFilmagem,duracao) Values(61,'https://www.youtube.com/watch?v=53y82WWjea0','Kosovo',1410442
);
INSERT INTO Videoclip(id,url,localFilmagem,duracao) Values(62,'https://www.youtube.com/watch?v=EqkBRVukQmE','Montenegro',45789908
);
INSERT INTO Videoclip(id,url,localFilmagem,duracao) Values(63,'https://www.youtube.com/watch?v=H8bNHRVwzyA','Netherlands',6183767
);
INSERT INTO Videoclip(id,url,localFilmagem,duracao) Values(64,'https://www.youtube.com/watch?v=zMupng6KQeE','Turkey',10381444
);
INSERT INTO Videoclip(id,url,localFilmagem,duracao) Values(65,'https://www.youtube.com/watch?v=TKvzHBdcAdM','Iceland',3403231
);
INSERT INTO Videoclip(id,url,localFilmagem,duracao) Values(66,'https://www.youtube.com/watch?v=KpPLr0W_fEk','Bulgaria',801961
);
INSERT INTO Videoclip(id,url,localFilmagem,duracao) Values(67,'https://www.youtube.com/watch?v=2jogmnbvy0U','Hungary',966717
);
INSERT INTO Videoclip(id,url,localFilmagem,duracao) Values(68,'https://www.youtube.com/watch?v=gLildVN4c74','Albania',727615
);
INSERT INTO Videoclip(id,url,localFilmagem,duracao) Values(69,'https://www.youtube.com/watch?v=TKvzHBdcAdM','Germany',3403284
);
INSERT INTO Videoclip(id,url,localFilmagem,duracao) Values(70,'https://www.youtube.com/watch?v=GmOxB-gXhs4','Moldova',1381216
);
INSERT INTO Videoclip(id,url,localFilmagem,duracao) Values(71,'https://www.youtube.com/watch?v=Fp1AK7rFnRw','Latvia',19133514
);
INSERT INTO Videoclip(id,url,localFilmagem,duracao) Values(72,'https://www.youtube.com/watch?v=NBmLZgB2ovU','Serbia',1501357
);
INSERT INTO Videoclip(id,url,localFilmagem,duracao) Values(73,'https://www.youtube.com/watch?v=HB6JjgEubrk','Estonia',1020732
);
INSERT INTO Videoclip(id,url,localFilmagem,duracao) Values(74,'NONE','Latvia',0);
INSERT INTO Videoclip(id,url,localFilmagem,duracao) Values(75,'https://www.youtube.com/watch?v=iAv1Y1YIwm8','Kosovo',4370052
);
INSERT INTO Videoclip(id,url,localFilmagem,duracao) Values(76,'https://www.youtube.com/watch?v=3wVTmlD86a8','Macedonia',4851639
);
INSERT INTO Videoclip(id,url,localFilmagem,duracao) Values(77,'https://www.youtube.com/watch?v=xsuEd9xpCfM','Netherlands',2030930
);
INSERT INTO Videoclip(id,url,localFilmagem,duracao) Values(78,'https://www.youtube.com/watch?v=l4jxRfGPmPs','Bulgaria',151344
);
INSERT INTO Videoclip(id,url,localFilmagem,duracao) Values(79,'https://www.youtube.com/watch?v=5kfQsBhmOKs','Croatia',832613
);
INSERT INTO Videoclip(id,url,localFilmagem,duracao) Values(80,'https://www.youtube.com/watch?v=0jtk0fg816w','Belgium',167358
);
INSERT INTO Videoclip(id,url,localFilmagem,duracao) Values(81,'NONE','Greece',0);
INSERT INTO Videoclip(id,url,localFilmagem,duracao) Values(82,'https://www.youtube.com/watch?v=Ac5ksZTvZN8','Azerbaijan',2953976
);
INSERT INTO Videoclip(id,url,localFilmagem,duracao) Values(83,'https://www.youtube.com/watch?v=agChvGmTGsg','Sweden',5109383
);
INSERT INTO Videoclip(id,url,localFilmagem,duracao) Values(84,'https://www.youtube.com/watch?v=ktzHCaaxCBI','Romania',101993
);
INSERT INTO Videoclip(id,url,localFilmagem,duracao) Values(85,'https://www.youtube.com/watch?v=1XqHlWsMThA','Denmark',148644708
);
INSERT INTO Videoclip(id,url,localFilmagem,duracao) Values(86,'https://www.youtube.com/watch?v=XmT6_8ouAIY','Netherlands',611218
);
INSERT INTO Videoclip(id,url,localFilmagem,duracao) Values(87,'https://www.youtube.com/watch?v=WKvrADnqD-c','Serbia',30672
);
INSERT INTO Videoclip(id,url,localFilmagem,duracao) Values(88,'https://www.youtube.com/watch?v=-J_g6gQgEoQ','Greece',13191185
);
INSERT INTO Videoclip(id,url,localFilmagem,duracao) Values(89,'https://www.youtube.com/watch?v=PF_yP7Q0z6k','Macedonia',3672005
);
INSERT INTO Videoclip(id,url,localFilmagem,duracao) Values(90,'https://www.youtube.com/watch?v=sYYJ3HCKd-Q','Spain',32429
);
INSERT INTO Videoclip(id,url,localFilmagem,duracao) Values(91,'https://www.youtube.com/watch?v=5NsBJ9wWoLo','Austria',82740510
);
INSERT INTO Videoclip(id,url,localFilmagem,duracao) Values(92,'https://www.youtube.com/watch?v=6gXGtmHWpaA','Armenia',10495460
);
INSERT INTO Videoclip(id,url,localFilmagem,duracao) Values(93,'https://www.youtube.com/watch?v=hfhIhKCHlJ0','Sweden',155936
);
INSERT INTO Videoclip(id,url,localFilmagem,duracao) Values(94,'https://www.youtube.com/watch?v=xmo6-fVh-Mg','Ukraine',49793
);
INSERT INTO Videoclip(id,url,localFilmagem,duracao) Values(95,'https://www.youtube.com/watch?v=Is0QiAY4qi4','Iceland',1836657
);
INSERT INTO Videoclip(id,url,localFilmagem,duracao) Values(96,'https://www.youtube.com/watch?v=5ruPwmHMtE4','United Kingdom',1452
);
INSERT INTO Videoclip(id,url,localFilmagem,duracao) Values(97,'https://www.youtube.com/watch?v=Kw_KISIUcvQ','Macedonia',10335475
);
INSERT INTO Videoclip(id,url,localFilmagem,duracao) Values(98,'https://www.youtube.com/watch?v=zpKoac2P4gk','Estonia',73905284
);
INSERT INTO Videoclip(id,url,localFilmagem,duracao) Values(99,'https://www.youtube.com/watch?v=tM1rSTOs7Zs','Hungary',13509601
);
INSERT INTO Videoclip(id,url,localFilmagem,duracao) Values(100,'https://www.youtube.com/watch?v=R33VdH61csM','Macedonia',11530
);
INSERT INTO Videoclip(id,url,localFilmagem,duracao) Values(101,'https://www.youtube.com/watch?v=b9-7qjfETXs','Sweden',266310
);
INSERT INTO Videoclip(id,url,localFilmagem,duracao) Values(102,'https://www.youtube.com/watch?v=t4pl079t548','Italy',1214824
);
INSERT INTO Videoclip(id,url,localFilmagem,duracao) Values(103,'https://www.youtube.com/watch?v=Fj1Y2ZQrMQk','United Kingdom',44783
);
INSERT INTO Videoclip(id,url,localFilmagem,duracao) Values(104,'https://www.youtube.com/watch?v=T_uvgm2_hRk','Kosovo',2984834
);
INSERT INTO Videoclip(id,url,localFilmagem,duracao) Values(105,'https://www.youtube.com/watch?v=ftst0mGzIv8','Russia',45542206
);
INSERT INTO Videoclip(id,url,localFilmagem,duracao) Values(106,'https://www.youtube.com/watch?v=LpdJE7HG8Ls','Italy',3520212
);
INSERT INTO Videoclip(id,url,localFilmagem,duracao) Values(107,'https://www.youtube.com/watch?v=90M60PzmxEE','Luxembourg',18469285
);
INSERT INTO Videoclip(id,url,localFilmagem,duracao) Values(108,'https://www.youtube.com/watch?v=seqaTuXkqFI','Serbia',3212974
);
INSERT INTO Videoclip(id,url,localFilmagem,duracao) Values(109,'https://www.youtube.com/watch?v=JcfLL9F4Ieo','Sweden',22724
);
INSERT INTO Videoclip(id,url,localFilmagem,duracao) Values(110,'https://www.youtube.com/watch?v=QDYfEBY9NM4','Sweden',96519561
);
INSERT INTO Videoclip(id,url,localFilmagem,duracao) Values(111,'https://www.youtube.com/watch?v=tSn1r9--tq4','Greece',1554809
);
INSERT INTO Videoclip(id,url,localFilmagem,duracao) Values(112,'https://www.youtube.com/watch?v=DbKPZd5oihc','Liechtenstein',5273266
);
INSERT INTO Videoclip(id,url,localFilmagem,duracao) Values(113,'https://www.youtube.com/watch?v=t8UeWjynWvE','Germany',2226457
);
INSERT INTO Videoclip(id,url,localFilmagem,duracao) Values(114,'https://www.youtube.com/watch?v=fR4HjTH_fTM','Sweden',12725545
);
INSERT INTO Videoclip(id,url,localFilmagem,duracao) Values(115,'https://www.youtube.com/watch?v=TIFHRaZERHg','Malta',1948113
);
INSERT INTO Videoclip(id,url,localFilmagem,duracao) Values(116,'https://www.youtube.com/watch?v=IKJqecxswCA','Finland',10747645
);
INSERT INTO Videoclip(id,url,localFilmagem,duracao) Values(117,'https://www.youtube.com/watch?v=45cYwDMibGo','Russia',91811607
);
INSERT INTO Videoclip(id,url,localFilmagem,duracao) Values(118,'https://www.youtube.com/watch?v=UelDrZ1aFeY','Belgium',79663696
);
INSERT INTO Videoclip(id,url,localFilmagem,duracao) Values(119,'https://www.youtube.com/watch?v=mJag19WoAe0','Moldova',7641488
);
INSERT INTO Videoclip(id,url,localFilmagem,duracao) Values(120,'https://www.youtube.com/watch?v=9BznFjbcBVs','United Kingdom',18887261
);
INSERT INTO Videoclip(id,url,localFilmagem,duracao) Values(121,'https://www.youtube.com/watch?v=De1LCQvbqV4','Malta',10939092
);
INSERT INTO Videoclip(id,url,localFilmagem,duracao) Values(122,'https://www.youtube.com/watch?v=tAe2Q_LhY8g','Lithuania',23794901
);
INSERT INTO Videoclip(id,url,localFilmagem,duracao) Values(123,'https://www.youtube.com/watch?v=KQetemT1sWc','Macedonia',78773185
);
INSERT INTO Videoclip(id,url,localFilmagem,duracao) Values(124,'https://www.youtube.com/watch?v=PEKkdIT8JPM','Iceland',29956468
);
INSERT INTO Videoclip(id,url,localFilmagem,duracao) Values(125,'https://www.youtube.com/watch?v=BpndGZ71yww','Ukraine',8125320
);
INSERT INTO Videoclip(id,url,localFilmagem,duracao) Values(126,'https://www.youtube.com/watch?v=6bNMxWGHlTI','Hungary',3115583
);
INSERT INTO Videoclip(id,url,localFilmagem,duracao) Values(127,'https://www.youtube.com/watch?v=oMarHac3VpQ','Norway',2528411
);
INSERT INTO Videoclip(id,url,localFilmagem,duracao) Values(128,'https://www.youtube.com/watch?v=Cb0dTdTeHMU','Montenegro',2491695
);
INSERT INTO Videoclip(id,url,localFilmagem,duracao) Values(129,'https://www.youtube.com/watch?v=NVv7IzEVf3M','Armenia',3236224
);
INSERT INTO Videoclip(id,url,localFilmagem,duracao) Values(130,'https://www.youtube.com/watch?v=AcQjM7gV6mI','Turkey',6367388
);
INSERT INTO Videoclip(id,url,localFilmagem,duracao) Values(131,'https://www.youtube.com/watch?v=6B224XDJw6g','Serbia',3815323
);
INSERT INTO Videoclip(id,url,localFilmagem,duracao) Values(132,'https://www.youtube.com/watch?v=bB1fhyd5puU','Kosovo',1732781
);
INSERT INTO Videoclip(id,url,localFilmagem,duracao) Values(133,'https://www.youtube.com/watch?v=nNV5AO4wWk4','Montenegro',745215
);
INSERT INTO Videoclip(id,url,localFilmagem,duracao) Values(134,'https://www.youtube.com/watch?v=0pGOFX1D_jg','Azerbaijan',18643843
);
INSERT INTO Videoclip(id,url,localFilmagem,duracao) Values(135,'https://www.youtube.com/watch?v=-XTB3bCYMK0','Ireland',4013610
);
INSERT INTO Videoclip(id,url,localFilmagem,duracao) Values(136,'https://www.youtube.com/watch?v=nGbWU8S3vzs','Ukraine',8888979
);
INSERT INTO Videoclip(id,url,localFilmagem,duracao) Values(137,'https://www.youtube.com/watch?v=jenWdylTtzs','Turkey',78039635
);
INSERT INTO Videoclip(id,url,localFilmagem,duracao) Values(138,'https://www.youtube.com/watch?v=srwxJUXPHvE','Georgia',23550589
);
INSERT INTO Videoclip(id,url,localFilmagem,duracao) Values(139,'https://www.youtube.com/watch?v=Yjyj8qnqkYI','Montenegro',26340925
);
INSERT INTO Videoclip(id,url,localFilmagem,duracao) Values(140,'https://www.youtube.com/watch?v=WrAV5EVI4tU','Estonia',44190416
);
INSERT INTO Videoclip(id,url,localFilmagem,duracao) Values(141,'https://www.youtube.com/watch?v=kle2xHhRHg4','Greece',26102261
);
INSERT INTO Videoclip(id,url,localFilmagem,duracao) Values(142,'https://www.youtube.com/watch?v=SyNt5zm3U_M','Austria',48479315
);
INSERT INTO Videoclip(id,url,localFilmagem,duracao) Values(143,'https://www.youtube.com/watch?v=2Q_ZzBGPdqE','Denmark',99837852
);
INSERT INTO Videoclip(id,url,localFilmagem,duracao) Values(144,'https://www.youtube.com/watch?v=NrgmdOz227I','Greece',33120900
);
INSERT INTO Videoclip(id,url,localFilmagem,duracao) Values(145,'https://www.youtube.com/watch?v=2IbPn5j2YKk','Sweden',9739717
);
INSERT INTO Videoclip(id,url,localFilmagem,duracao) Values(146,'https://www.youtube.com/watch?v=Qyclqo_AV2M','Malta',107799604
);
INSERT INTO Videoclip(id,url,localFilmagem,duracao) Values(147,'https://www.youtube.com/watch?v=yYvkICbTZIQ','Bosnia and Herzegovina',31319141
);
INSERT INTO Videoclip(id,url,localFilmagem,duracao) Values(148,'https://www.youtube.com/watch?v=m2uTFF_3MaA','Azerbaijan',76903909
);
INSERT INTO Videoclip(id,url,localFilmagem,duracao) Values(149,'https://www.youtube.com/watch?v=HuS5NuXRb5Y','Turkey',57099994
);
INSERT INTO Videoclip(id,url,localFilmagem,duracao) Values(150,'https://www.youtube.com/watch?v=S-rB0pHI9fU','Hungary',108540947
);
INSERT INTO Videoclip(id,url,localFilmagem,duracao) Values(151,'https://www.youtube.com/watch?v=_7xMfIp-irg','Georgia',9551349
);
INSERT INTO Videoclip(id,url,localFilmagem,duracao) Values(152,'https://www.youtube.com/watch?v=rblYSKz_VnI','Azerbaijan',132270149
);
INSERT INTO Videoclip(id,url,localFilmagem,duracao) Values(153,'https://www.youtube.com/watch?v=uLRiGX3L-kw','Belgium',16245632
);
INSERT INTO Videoclip(id,url,localFilmagem,duracao) Values(154,'https://www.youtube.com/watch?v=A_MjCqQoLLA','Iceland',298035759
);
INSERT INTO Videoclip(id,url,localFilmagem,duracao) Values(155,'https://www.youtube.com/watch?v=IKJqecxswCA','Andorra',10747645
);
INSERT INTO Videoclip(id,url,localFilmagem,duracao) Values(156,'https://www.youtube.com/watch?v=v-1OgNqBkVE','Croatia',16414888
);
INSERT INTO Videoclip(id,url,localFilmagem,duracao) Values(157,'https://www.youtube.com/watch?v=UelDrZ1aFeY','Croatia',79663696
);
INSERT INTO Videoclip(id,url,localFilmagem,duracao) Values(158,'https://www.youtube.com/watch?v=45cYwDMibGo','Poland',91811780
);
INSERT INTO Videoclip(id,url,localFilmagem,duracao) Values(159,'https://www.youtube.com/watch?v=QDYfEBY9NM4','Andorra',96519561
);
INSERT INTO Videoclip(id,url,localFilmagem,duracao) Values(160,'https://www.youtube.com/watch?v=fR4HjTH_fTM','Sweden',12725545
);
INSERT INTO Videoclip(id,url,localFilmagem,duracao) Values(161,'https://www.youtube.com/watch?v=6oHdAA3AqnE','Moldova',18994914
);
INSERT INTO Videoclip(id,url,localFilmagem,duracao) Values(162,'https://www.youtube.com/watch?v=wuO4_P_8p-Q','France',31943300
);
INSERT INTO Videoclip(id,url,localFilmagem,duracao) Values(163,'https://www.youtube.com/watch?v=xp8z7pconzw','Ireland',5524791
);
INSERT INTO Videoclip(id,url,localFilmagem,duracao) Values(164,'https://www.youtube.com/watch?v=Lq2TmRzg19k','Moldova',12794997
);
INSERT INTO Videoclip(id,url,localFilmagem,duracao) Values(165,'https://www.youtube.com/watch?v=wU0ucfoBcXM','Turkey',14687445
);
INSERT INTO Videoclip(id,url,localFilmagem,duracao) Values(166,'https://www.youtube.com/watch?v=wj0C2oet2r0','Belarus',1748352
);
INSERT INTO Videoclip(id,url,localFilmagem,duracao) Values(167,'https://www.youtube.com/watch?v=z_Bhlxr-CZA','Spain',2011910
);
INSERT INTO Videoclip(id,url,localFilmagem,duracao) Values(168,'https://www.youtube.com/watch?v=yt3rfHIijZQ','Montenegro',1824872
);
INSERT INTO Videoclip(id,url,localFilmagem,duracao) Values(169,'https://www.youtube.com/watch?v=ch8g-sJb6ow','Bulgaria',3210481
);
INSERT INTO Videoclip(id,url,localFilmagem,duracao) Values(170,'https://www.youtube.com/watch?v=pUjE9H8QlA4','Georgia',492371152
);
INSERT INTO Videoclip(id,url,localFilmagem,duracao) Values(171,'https://www.youtube.com/watch?v=Dcx9R4QSeik','Estonia',14248521
);
INSERT INTO Videoclip(id,url,localFilmagem,duracao) Values(172,'https://www.youtube.com/watch?v=GOxnzMTWkno','Germany',12570124
);
INSERT INTO Videoclip(id,url,localFilmagem,duracao) Values(173,'https://www.youtube.com/watch?v=PfLsCb6Dv7c','Albania',651
);
INSERT INTO Videoclip(id,url,localFilmagem,duracao) Values(174,'https://www.youtube.com/watch?v=6oaaKNXuUv4','Russia',1278666
);
INSERT INTO Videoclip(id,url,localFilmagem,duracao) Values(175,'https://www.youtube.com/watch?v=SeeP7YhFy0Q','Norway',871189
);
INSERT INTO Videoclip(id,url,localFilmagem,duracao) Values(176,'https://www.youtube.com/watch?v=OH3bNgA1rkE','Iceland',4251742
);
INSERT INTO Videoclip(id,url,localFilmagem,duracao) Values(177,'https://www.youtube.com/watch?v=NnMuFqsmYSE','Moldova',5583758
);
INSERT INTO Videoclip(id,url,localFilmagem,duracao) Values(178,'https://www.youtube.com/watch?v=yiwDWKg9AMA','Serbia',2344118
);
INSERT INTO Videoclip(id,url,localFilmagem,duracao) Values(179,'https://www.youtube.com/watch?v=IxGvm6btP1A','Germany',163287493
);
INSERT INTO Videoclip(id,url,localFilmagem,duracao) Values(180,'https://www.youtube.com/watch?v=w9rzz4pDFwA','Ukraine',8236970
);
INSERT INTO Videoclip(id,url,localFilmagem,duracao) Values(181,'https://www.youtube.com/watch?v=ulq14QrjBn0','Denmark',284022
);
INSERT INTO Videoclip(id,url,localFilmagem,duracao) Values(182,'https://www.youtube.com/watch?v=6CNPg2IQoC0','Belarus',17651794
);
INSERT INTO Videoclip(id,url,localFilmagem,duracao) Values(183,'https://www.youtube.com/watch?v=ivCY3Ec4iaU','Malta',45549227
);
INSERT INTO Videoclip(id,url,localFilmagem,duracao) Values(184,'https://www.youtube.com/watch?v=MKM90u7pf3U','Turkey',27528464
);
INSERT INTO Videoclip(id,url,localFilmagem,duracao) Values(185,'https://www.youtube.com/watch?v=AOBQkHy8_p8','Slovenia',11400766
);
INSERT INTO Videoclip(id,url,localFilmagem,duracao) Values(186,'https://www.youtube.com/watch?v=nDxOo7kt5Wc','Montenegro',2966823
);
INSERT INTO Videoclip(id,url,localFilmagem,duracao) Values(187,'https://www.youtube.com/watch?v=mSat_NlAC7U','Slovakia',17850314
);
INSERT INTO Videoclip(id,url,localFilmagem,duracao) Values(188,'https://www.youtube.com/watch?v=G8u3P7Xqlvo','Romania',11062676
);
INSERT INTO Videoclip(id,url,localFilmagem,duracao) Values(189,'https://www.youtube.com/watch?v=dojATOk1GHA','Russia',6609645
);
INSERT INTO Videoclip(id,url,localFilmagem,duracao) Values(190,'https://www.youtube.com/watch?v=8yQVcGkbpAc','Montenegro',12277767
);
INSERT INTO Videoclip(id,url,localFilmagem,duracao) Values(191,'https://www.youtube.com/watch?v=LhHZ48vMC7c','Poland',8815
);
INSERT INTO Videoclip(id,url,localFilmagem,duracao) Values(192,'https://www.youtube.com/watch?v=gNGmQt613yA','Slovakia',623010
);
INSERT INTO Videoclip(id,url,localFilmagem,duracao) Values(193,'https://www.youtube.com/watch?v=FOBObxqvJfg','United Kingdom',793547
);
INSERT INTO Videoclip(id,url,localFilmagem,duracao) Values(194,'https://www.youtube.com/watch?v=MvEtKc8-n3s','Andorra',8205132
);
INSERT INTO Videoclip(id,url,localFilmagem,duracao) Values(195,'https://www.youtube.com/watch?v=1gAHhLb6tjA','Portugal',11743600
);
INSERT INTO Videoclip(id,url,localFilmagem,duracao) Values(196,'https://www.youtube.com/watch?v=t0bPrt69rag','Albania',227474928
);
INSERT INTO Videoclip(id,url,localFilmagem,duracao) Values(197,'https://www.youtube.com/watch?v=TGgcC5xg9YI','Sweden',68016263
);
INSERT INTO Videoclip(id,url,localFilmagem,duracao) Values(198,'https://www.youtube.com/watch?v=FUXX55WqYZs','Malta',86497238
);
INSERT INTO Videoclip(id,url,localFilmagem,duracao) Values(199,'https://www.youtube.com/watch?v=_wvhrRb3oU0','Slovakia',5517492
);
INSERT INTO Videoclip(id,url,localFilmagem,duracao) Values(200,'https://www.youtube.com/watch?v=hqduuVWIGyU','Netherlands',489492
);
INSERT INTO Videoclip(id,url,localFilmagem,duracao) Values(201,'https://www.youtube.com/watch?v=Chy1oeTjgLA','Hungary',2103946
);
INSERT INTO Videoclip(id,url,localFilmagem,duracao) Values(202,'https://www.youtube.com/watch?v=9RsIFKxP47s','Iceland',5591585
);
INSERT INTO Videoclip(id,url,localFilmagem,duracao) Values(203,'https://www.youtube.com/watch?v=C5a3jC5dkXk','Latvia',386537
);
INSERT INTO Videoclip(id,url,localFilmagem,duracao) Values(204,'https://www.youtube.com/watch?v=MebxCTlHKto','Cyprus',2249883
);
INSERT INTO Videoclip(id,url,localFilmagem,duracao) Values(205,'https://www.youtube.com/watch?v=8SbUC-UaAxE','Sweden',1777639539
);
INSERT INTO Videoclip(id,url,localFilmagem,duracao) Values(206,'https://www.youtube.com/watch?v=D3gmU0GOTXI','Poland',16214707
);
INSERT INTO Videoclip(id,url,localFilmagem,duracao) Values(207,'https://www.youtube.com/watch?v=nJDwwB1JCxM','Belgium',2555859
);
INSERT INTO Videoclip(id,url,localFilmagem,duracao) Values(208,'https://www.youtube.com/watch?v=6S20mJvr4vs','Austria',12476229
);
INSERT INTO Videoclip(id,url,localFilmagem,duracao) Values(209,'https://www.youtube.com/watch?v=HmAsUQEFYGI','Montenegro',107710801
);
INSERT INTO Videoclip(id,url,localFilmagem,duracao) Values(210,'https://www.youtube.com/watch?v=m91Vq-Yd3BA','Moldova',13512589
);
INSERT INTO Videoclip(id,url,localFilmagem,duracao) Values(211,'https://www.youtube.com/watch?v=dqZ8vr_Q4UI','Sweden',3405792
);
INSERT INTO Videoclip(id,url,localFilmagem,duracao) Values(212,'https://www.youtube.com/watch?v=zNiBHGnzsl8','Poland',10597557
);
INSERT INTO Videoclip(id,url,localFilmagem,duracao) Values(213,'https://www.youtube.com/watch?v=2w8KUgIkAu8','Kosovo',18686303
);
INSERT INTO Videoclip(id,url,localFilmagem,duracao) Values(214,'https://www.youtube.com/watch?v=9JQDPjpfiGw','Poland',17553660
);
INSERT INTO Videoclip(id,url,localFilmagem,duracao) Values(215,'https://www.youtube.com/watch?v=QY3vaYJyGGs','Slovenia',1018212
);
INSERT INTO Videoclip(id,url,localFilmagem,duracao) Values(216,'NONE','Macedonia',0);
INSERT INTO Videoclip(id,url,localFilmagem,duracao) Values(217,'https://www.youtube.com/watch?v=ceLyMb0MGLE','Spain',814188
);
INSERT INTO Videoclip(id,url,localFilmagem,duracao) Values(218,'https://www.youtube.com/watch?v=ZJsJ07vk23o','Cyprus',5669070
);
INSERT INTO Videoclip(id,url,localFilmagem,duracao) Values(219,'https://www.youtube.com/watch?v=Gb76TgCUqAY','Poland',14729590
);
INSERT INTO Videoclip(id,url,localFilmagem,duracao) Values(220,'https://www.youtube.com/watch?v=2ObjtVdsV3I','Croatia',2328539
);
INSERT INTO Videoclip(id,url,localFilmagem,duracao) Values(221,'https://www.youtube.com/watch?v=mAoSRZsRwKg','Netherlands',1247835
);
INSERT INTO Videoclip(id,url,localFilmagem,duracao) Values(222,'https://www.youtube.com/watch?v=RPUAldgS7Sg','Russia',5803931
);
INSERT INTO Videoclip(id,url,localFilmagem,duracao) Values(223,'https://www.youtube.com/watch?v=tRcPA7Fzebw','Slovakia',70754688
);
INSERT INTO Videoclip(id,url,localFilmagem,duracao) Values(224,'https://www.youtube.com/watch?v=l3xZ0dWRe3k','Finland',9259506
);
INSERT INTO Videoclip(id,url,localFilmagem,duracao) Values(225,'https://www.youtube.com/watch?v=EcKZEOsgvdI','Spain',1405840
);
INSERT INTO Videoclip(id,url,localFilmagem,duracao) Values(226,'https://www.youtube.com/watch?v=9uxYuIpvsjw','Montenegro',315571
);
INSERT INTO Videoclip(id,url,localFilmagem,duracao) Values(227,'https://www.youtube.com/watch?v=cjSobSYXo_8','Andorra',2683383
);
INSERT INTO Videoclip(id,url,localFilmagem,duracao) Values(228,'https://www.youtube.com/watch?v=7KEn0uOEILs','Latvia',3132990
);
INSERT INTO Videoclip(id,url,localFilmagem,duracao) Values(229,'https://www.youtube.com/watch?v=rq1bcVOmyjw','Lithuania',2000144
);
INSERT INTO Videoclip(id,url,localFilmagem,duracao) Values(230,'https://www.youtube.com/watch?v=9jg4ekLG9Zo','Austria',9908092
);
INSERT INTO Videoclip(id,url,localFilmagem,duracao) Values(231,'https://www.youtube.com/watch?v=Qotooj7ODCM','Belarus',13258227
);
INSERT INTO Videoclip(id,url,localFilmagem,duracao) Values(232,'https://www.youtube.com/watch?v=CyM5AjiZris','Armenia',60128198
);
INSERT INTO Videoclip(id,url,localFilmagem,duracao) Values(233,'https://www.youtube.com/watch?v=e-fA-gBCkj0','Spain',802603165
);
INSERT INTO Videoclip(id,url,localFilmagem,duracao) Values(234,'https://www.youtube.com/watch?v=awPNvzBMT74','Malta',4410359
);
INSERT INTO Videoclip(id,url,localFilmagem,duracao) Values(235,'https://www.youtube.com/watch?v=I1BukJmCQWA','Ireland',1432334
);
INSERT INTO Videoclip(id,url,localFilmagem,duracao) Values(236,'https://www.youtube.com/watch?v=HQ5SEieVbSI','Monaco',25297031
);
INSERT INTO Videoclip(id,url,localFilmagem,duracao) Values(237,'https://www.youtube.com/watch?v=ekzHIouo8Q4','Ireland',1088395289
);
INSERT INTO Videoclip(id,url,localFilmagem,duracao) Values(238,'https://www.youtube.com/watch?v=F2YNB27q2ts','Russia',51301
);
INSERT INTO Videoclip(id,url,localFilmagem,duracao) Values(239,'https://www.youtube.com/watch?v=xKkb13IU_DE','Albania',305890043
);
INSERT INTO Videoclip(id,url,localFilmagem,duracao) Values(240,'https://www.youtube.com/watch?v=_czUZiTbwy0','Spain',12504061
);
INSERT INTO Videoclip(id,url,localFilmagem,duracao) Values(241,'https://www.youtube.com/watch?v=9YZpng2PL34','Belarus',24257541
);
INSERT INTO Videoclip(id,url,localFilmagem,duracao) Values(242,'https://www.youtube.com/watch?v=adLGHcj_fmA','Netherlands',451037972
);
INSERT INTO Videoclip(id,url,localFilmagem,duracao) Values(243,'https://www.youtube.com/watch?v=oEQlFNF8bQs','Montenegro',891350
);
INSERT INTO Videoclip(id,url,localFilmagem,duracao) Values(244,'https://www.youtube.com/watch?v=XhCH313M6u0','France',651657
);
INSERT INTO Videoclip(id,url,localFilmagem,duracao) Values(245,'https://www.youtube.com/watch?v=u749Hi0gDVM','Macedonia',15969136
);
INSERT INTO Videoclip(id,url,localFilmagem,duracao) Values(246,'https://www.youtube.com/watch?v=gpLfZUdr-KM','Azerbaijan',3558072
);
INSERT INTO Videoclip(id,url,localFilmagem,duracao) Values(247,'https://www.youtube.com/watch?v=hk1TrwraZms','Armenia',1696989
);
INSERT INTO Videoclip(id,url,localFilmagem,duracao) Values(248,'https://www.youtube.com/watch?v=5m6IFPXC12Y','Sweden',1106311
);
INSERT INTO Videoclip(id,url,localFilmagem,duracao) Values(249,'https://www.youtube.com/watch?v=UmCYo_XE2Ow','Bulgaria',751751
);
INSERT INTO Videoclip(id,url,localFilmagem,duracao) Values(250,'https://www.youtube.com/watch?v=Q47k0CO3vNs','Spain',549310
);
INSERT INTO Videoclip(id,url,localFilmagem,duracao) Values(251,'https://www.youtube.com/watch?v=rou0QwATvTw','Austria',817042
);
INSERT INTO Videoclip(id,url,localFilmagem,duracao) Values(252,'https://www.youtube.com/watch?v=KswoqrE_OH4','Belgium',2441795
);
INSERT INTO Videoclip(id,url,localFilmagem,duracao) Values(253,'https://www.youtube.com/watch?v=a9XjLpGapcA','Switzerland',9521196
);
INSERT INTO Videoclip(id,url,localFilmagem,duracao) Values(254,'https://www.youtube.com/watch?v=_z58W1-uGio','Hungary',3095409
);
INSERT INTO Videoclip(id,url,localFilmagem,duracao) Values(255,'https://www.youtube.com/watch?v=Vnp5urarx54','Ireland',890669
);
INSERT INTO Videoclip(id,url,localFilmagem,duracao) Values(256,'https://www.youtube.com/watch?v=dncVUXs_OP8','Croatia',8633071
);
INSERT INTO Videoclip(id,url,localFilmagem,duracao) Values(257,'https://www.youtube.com/watch?v=kqVpk0qxmfA','Switzerland',6136903
);
INSERT INTO Videoclip(id,url,localFilmagem,duracao) Values(258,'https://www.youtube.com/watch?v=OU6EyXcFBxA','Sweden',2911829
);
INSERT INTO Videoclip(id,url,localFilmagem,duracao) Values(259,'https://www.youtube.com/watch?v=oaEM4JYFPfw','Georgia',9272523
);
INSERT INTO Videoclip(id,url,localFilmagem,duracao) Values(260,'https://www.youtube.com/watch?v=HaZpZQG2z10','Turkey',59881600
);
INSERT INTO Videoclip(id,url,localFilmagem,duracao) Values(261,'https://www.youtube.com/watch?v=kE8kGMfXaFU','Germany',8506624
);
INSERT INTO Videoclip(id,url,localFilmagem,duracao) Values(262,'https://www.youtube.com/watch?v=gSlLFx2U4qo','Belarus',24426211
);
INSERT INTO Videoclip(id,url,localFilmagem,duracao) Values(263,'https://www.youtube.com/watch?v=36nqGs_Dvws','Spain',2840324
);
INSERT INTO Videoclip(id,url,localFilmagem,duracao) Values(264,'https://www.youtube.com/watch?v=HzdjMLKKdgk','Malta',5131853
);
INSERT INTO Videoclip(id,url,localFilmagem,duracao) Values(265,'https://www.youtube.com/watch?v=v3xwCkhmies','Malta',171326249
);
INSERT INTO Videoclip(id,url,localFilmagem,duracao) Values(266,'https://www.youtube.com/watch?v=B9FzVhw8_bY','Slovakia',278438781
);
INSERT INTO Videoclip(id,url,localFilmagem,duracao) Values(267,'https://www.youtube.com/watch?v=fJ9rUzIMcZQ','Georgia',1431305926
);
INSERT INTO Videoclip(id,url,localFilmagem,duracao) Values(268,'https://www.youtube.com/watch?v=yqrAPOZxgzU','Netherlands',25703056
);
INSERT INTO Videoclip(id,url,localFilmagem,duracao) Values(269,'https://www.youtube.com/watch?v=5-zh0a6nDTo','Poland',4196700
);
INSERT INTO Videoclip(id,url,localFilmagem,duracao) Values(270,'https://www.youtube.com/watch?v=VMnjF1O4eH0','Finland',102766974
);
INSERT INTO Videoclip(id,url,localFilmagem,duracao) Values(271,'NONE','Russia',0);
INSERT INTO Videoclip(id,url,localFilmagem,duracao) Values(272,'NONE','Cyprus',0);
INSERT INTO Videoclip(id,url,localFilmagem,duracao) Values(273,'NONE','Liechtenstein',0);
INSERT INTO Videoclip(id,url,localFilmagem,duracao) Values(274,'NONE','Kosovo',0);
INSERT INTO Videoclip(id,url,localFilmagem,duracao) Values(275,'NONE','Sweden',0);
INSERT INTO Videoclip(id,url,localFilmagem,duracao) Values(276,'NONE','Netherlands',0);
INSERT INTO Videoclip(id,url,localFilmagem,duracao) Values(277,'NONE','Belarus',0);
INSERT INTO Videoclip(id,url,localFilmagem,duracao) Values(278,'NONE','Romania',0);
INSERT INTO Videoclip(id,url,localFilmagem,duracao) Values(279,'NONE','Estonia',0);
INSERT INTO Videoclip(id,url,localFilmagem,duracao) Values(280,'NONE','Cyprus',0);
INSERT INTO Videoclip(id,url,localFilmagem,duracao) Values(281,'NONE','France',0);
INSERT INTO Videoclip(id,url,localFilmagem,duracao) Values(282,'NONE','Spain',0);
INSERT INTO Videoclip(id,url,localFilmagem,duracao) Values(283,'NONE','Belgium',0);
INSERT INTO Videoclip(id,url,localFilmagem,duracao) Values(284,'NONE','Sweden',0);
INSERT INTO Videoclip(id,url,localFilmagem,duracao) Values(285,'NONE','Italy',0);
INSERT INTO Videoclip(id,url,localFilmagem,duracao) Values(286,'NONE','Germany',0);
INSERT INTO Videoclip(id,url,localFilmagem,duracao) Values(287,'NONE','Latvia',0);
INSERT INTO Videoclip(id,url,localFilmagem,duracao) Values(288,'NONE','Belarus',0);
INSERT INTO Videoclip(id,url,localFilmagem,duracao) Values(289,'NONE','Bulgaria',0);
INSERT INTO Videoclip(id,url,localFilmagem,duracao) Values(290,'NONE','Russia',0);
-- Table: Editora
INSERT INTO Editora(id,nome) Values(0,'Daft Life Ltd./ADA France');
INSERT INTO Editora(id,nome) Values(1,'Columbia');
INSERT INTO Editora(id,nome) Values(2,'Domino Recording Co');
INSERT INTO Editora(id,nome) Values(3,'Communion Group Ltd');
INSERT INTO Editora(id,nome) Values(4,'Universal Music Portugal SA');
INSERT INTO Editora(id,nome) Values(5,'Decca (UMO)');
INSERT INTO Editora(id,nome) Values(6,'EMI Catalogue');
INSERT INTO Editora(id,nome) Values(7,'UMC (Universal Music Catalogue)');
INSERT INTO Editora(id,nome) Values(8,'Rock The World/IDJ/Kanye LP7');
INSERT INTO Editora(id,nome) Values(9,'Getting Out Our Dreams II / Def Jam Recordings');
INSERT INTO Editora(id,nome) Values(10,'Sony Music Entertainment');
INSERT INTO Editora(id,nome) Values(11,'Parlophone UK');
INSERT INTO Editora(id,nome) Values(12,'Sons em Trânsito');
INSERT INTO Editora(id,nome) Values(13,'Atlantic Records');
INSERT INTO Editora(id,nome) Values(14,'Aftermath Entertainment/Atlantic');
INSERT INTO Editora(id,nome) Values(15,'Aftermath/12 Tone Music, LLC');
INSERT INTO Editora(id,nome) Values(16,'EMI');
-- Table: Album
INSERT INTO Album(id,nome,dataLancamento,idEditora) Values(302127,'Discovery','2001-03-07',0);
INSERT INTO Album(id,nome,dataLancamento,idEditora) Values(6575789,'Random Access Memories','2013-05-17',1);
INSERT INTO Album(id,nome,dataLancamento,idEditora) Values(6703346,'Get Lucky (feat. Pharrell Williams & Nile Rodgers)','2013-07-03',1);
INSERT INTO Album(id,nome,dataLancamento,idEditora) Values(6899610,'AM','2013-09-09',2);
INSERT INTO Album(id,nome,dataLancamento,idEditora) Values(401346,'Favourite Worst Nightmare','2007-04-21',2);
INSERT INTO Album(id,nome,dataLancamento,idEditora) Values(401340,'Whatever People Say I Am, That''s What I''m Not','2006-02-18',2);
INSERT INTO Album(id,nome,dataLancamento,idEditora) Values(921000,'Submarine - Original Songs From The Film By Alex Turner','2011-03-14',2);
INSERT INTO Album(id,nome,dataLancamento,idEditora) Values(75624372,'Amir','2018-10-19',3);
INSERT INTO Album(id,nome,dataLancamento,idEditora) Values(106585062,'Bolero','2019-08-08',4);
INSERT INTO Album(id,nome,dataLancamento,idEditora) Values(7371939,'Djavan','2014-03-25',1);
INSERT INTO Album(id,nome,dataLancamento,idEditora) Values(228644,'Joao','1991-01-01',5);
INSERT INTO Album(id,nome,dataLancamento,idEditora) Values(12047958,'Let It Be (Remastered)','2015-12-24',6);
INSERT INTO Album(id,nome,dataLancamento,idEditora) Values(12047952,'Abbey Road (Remastered)','2015-12-24',6);
INSERT INTO Album(id,nome,dataLancamento,idEditora) Values(12047956,'1 (Remastered)','2015-12-24',7);
INSERT INTO Album(id,nome,dataLancamento,idEditora) Values(13357219,'The Life Of Pablo','2016-06-15',8);
INSERT INTO Album(id,nome,dataLancamento,idEditora) Values(116355212,'JESUS IS KING','2019-10-25',9);
INSERT INTO Album(id,nome,dataLancamento,idEditora) Values(265953002,'Nós Pimba','2021-10-22',10);
INSERT INTO Album(id,nome,dataLancamento,idEditora) Values(214037042,'F#CK FOREX (feat. eddy0)','2021-03-15',10);
INSERT INTO Album(id,nome,dataLancamento,idEditora) Values(44730061,'Flower Boy','2017-07-21',1);
INSERT INTO Album(id,nome,dataLancamento,idEditora) Values(97140952,'IGOR','2019-05-17',1);
INSERT INTO Album(id,nome,dataLancamento,idEditora) Values(11205422,'The Rise and Fall of Ziggy Stardust and the Spiders from Mars (2012 Remaster)','2012-06-04',11);
INSERT INTO Album(id,nome,dataLancamento,idEditora) Values(15586282,'Amar Pelos Dois','2017-03-10',12);
INSERT INTO Album(id,nome,dataLancamento,idEditora) Values(6157080,'Unorthodox Jukebox','2012-12-05',13);
INSERT INTO Album(id,nome,dataLancamento,idEditora) Values(211423112,'Leave The Door Open','2021-03-05',14);
INSERT INTO Album(id,nome,dataLancamento,idEditora) Values(78640552,'Oxnard','2018-11-16',15);
INSERT INTO Album(id,nome,dataLancamento,idEditora) Values(915785,'A Night At The Opera (2011 Remaster)','2011-01-01',16);
INSERT INTO Album(id,nome,dataLancamento,idEditora) Values(1121401,'Jazz (2011 Remaster)','2011-01-01',16);
INSERT INTO Album(id,nome,dataLancamento,idEditora) Values(1232880,'The Works (2011 Remaster)','2011-02-23',16);
-- Table: Musica
INSERT INTO Musica(id,nome,imagemCapa,reproducoes,idVideoclip, idAlbum) Values(3135553,'One More Time','https://api.deezer.com/album/302127/image',322,0,302127);
INSERT INTO Musica(id,nome,imagemCapa,reproducoes,idVideoclip, idAlbum) Values(3135554,'Aerodynamic','https://api.deezer.com/album/302127/image',213,1,302127);
INSERT INTO Musica(id,nome,imagemCapa,reproducoes,idVideoclip, idAlbum) Values(3135555,'Digital Love','https://api.deezer.com/album/302127/image',302,2,302127);
INSERT INTO Musica(id,nome,imagemCapa,reproducoes,idVideoclip, idAlbum) Values(3135556,'Harder, Better, Faster, Stronger','https://api.deezer.com/album/302127/image',227,3,302127);
INSERT INTO Musica(id,nome,imagemCapa,reproducoes,idVideoclip, idAlbum) Values(3135557,'Crescendolls','https://api.deezer.com/album/302127/image',212,4,302127);
INSERT INTO Musica(id,nome,imagemCapa,reproducoes,idVideoclip, idAlbum) Values(3135558,'Nightvision','https://api.deezer.com/album/302127/image',112,5,302127);
INSERT INTO Musica(id,nome,imagemCapa,reproducoes,idVideoclip, idAlbum) Values(3135559,'Superheroes','https://api.deezer.com/album/302127/image',274,6,302127);
INSERT INTO Musica(id,nome,imagemCapa,reproducoes,idVideoclip, idAlbum) Values(3135560,'High Life','https://api.deezer.com/album/302127/image',222,7,302127);
INSERT INTO Musica(id,nome,imagemCapa,reproducoes,idVideoclip, idAlbum) Values(3135561,'Something About Us','https://api.deezer.com/album/302127/image',229,8,302127);
INSERT INTO Musica(id,nome,imagemCapa,reproducoes,idVideoclip, idAlbum) Values(3135562,'Voyager','https://api.deezer.com/album/302127/image',758,9,302127);
INSERT INTO Musica(id,nome,imagemCapa,reproducoes,idVideoclip, idAlbum) Values(3135563,'Veridis Quo','https://api.deezer.com/album/302127/image',407,10,302127);
INSERT INTO Musica(id,nome,imagemCapa,reproducoes,idVideoclip, idAlbum) Values(3135564,'Short Circuit','https://api.deezer.com/album/302127/image',7185379,11,302127);
INSERT INTO Musica(id,nome,imagemCapa,reproducoes,idVideoclip, idAlbum) Values(3135565,'Face to Face','https://api.deezer.com/album/302127/image',569,12,302127);
INSERT INTO Musica(id,nome,imagemCapa,reproducoes,idVideoclip, idAlbum) Values(3135566,'Too Long','https://api.deezer.com/album/302127/image',601,13,302127);
INSERT INTO Musica(id,nome,imagemCapa,reproducoes,idVideoclip, idAlbum) Values(67238728,'Give Life Back to Music','https://api.deezer.com/album/6575789/image',284,14,6575789);
INSERT INTO Musica(id,nome,imagemCapa,reproducoes,idVideoclip, idAlbum) Values(67238729,'The Game of Love','https://api.deezer.com/album/6575789/image',261,15,6575789);
INSERT INTO Musica(id,nome,imagemCapa,reproducoes,idVideoclip, idAlbum) Values(67238730,'Giorgio by Moroder','https://api.deezer.com/album/6575789/image',554,16,6575789);
INSERT INTO Musica(id,nome,imagemCapa,reproducoes,idVideoclip, idAlbum) Values(67238731,'Within','https://api.deezer.com/album/6575789/image',233,17,6575789);
INSERT INTO Musica(id,nome,imagemCapa,reproducoes,idVideoclip, idAlbum) Values(67238732,'Instant Crush (feat. Julian Casablancas)','https://api.deezer.com/album/6575789/image',340,18,6575789);
INSERT INTO Musica(id,nome,imagemCapa,reproducoes,idVideoclip, idAlbum) Values(67238733,'Lose Yourself to Dance (feat. Pharrell Williams)','https://api.deezer.com/album/6575789/image',251,19,6575789);
INSERT INTO Musica(id,nome,imagemCapa,reproducoes,idVideoclip, idAlbum) Values(67238734,'Touch (feat. Paul Williams)','https://api.deezer.com/album/6575789/image',509,20,6575789);
INSERT INTO Musica(id,nome,imagemCapa,reproducoes,idVideoclip, idAlbum) Values(67238735,'Get Lucky (feat. Pharrell Williams & Nile Rodgers)','https://api.deezer.com/album/6575789/image',249,21,6575789);
INSERT INTO Musica(id,nome,imagemCapa,reproducoes,idVideoclip, idAlbum) Values(67238736,'Beyond','https://api.deezer.com/album/6575789/image',627519,22,6575789);
INSERT INTO Musica(id,nome,imagemCapa,reproducoes,idVideoclip, idAlbum) Values(67238737,'Motherboard','https://api.deezer.com/album/6575789/image',5018230,23,6575789);
INSERT INTO Musica(id,nome,imagemCapa,reproducoes,idVideoclip, idAlbum) Values(67238738,'Fragments of Time (feat. Todd Edwards)','https://api.deezer.com/album/6575789/image',289,24,6575789);
INSERT INTO Musica(id,nome,imagemCapa,reproducoes,idVideoclip, idAlbum) Values(67238739,'Doin'' it Right (feat. Panda Bear)','https://api.deezer.com/album/6575789/image',261,25,6575789);
INSERT INTO Musica(id,nome,imagemCapa,reproducoes,idVideoclip, idAlbum) Values(67238740,'Contact','https://api.deezer.com/album/6575789/image',159,26,6575789);
INSERT INTO Musica(id,nome,imagemCapa,reproducoes,idVideoclip, idAlbum) Values(68442677,'Get Lucky (feat. Pharrell Williams & Nile Rodgers)','https://api.deezer.com/album/6703346/image',249,27,6703346);
INSERT INTO Musica(id,nome,imagemCapa,reproducoes,idVideoclip, idAlbum) Values(70322130,'Do I Wanna Know?','https://api.deezer.com/album/6899610/image',266,28,6899610);
INSERT INTO Musica(id,nome,imagemCapa,reproducoes,idVideoclip, idAlbum) Values(70322132,'R U Mine?','https://api.deezer.com/album/6899610/image',202,29,6899610);
INSERT INTO Musica(id,nome,imagemCapa,reproducoes,idVideoclip, idAlbum) Values(70322133,'One For The Road','https://api.deezer.com/album/6899610/image',207,30,6899610);
INSERT INTO Musica(id,nome,imagemCapa,reproducoes,idVideoclip, idAlbum) Values(70322134,'Arabella','https://api.deezer.com/album/6899610/image',208,31,6899610);
INSERT INTO Musica(id,nome,imagemCapa,reproducoes,idVideoclip, idAlbum) Values(70322135,'I Want It All','https://api.deezer.com/album/6899610/image',250,32,6899610);
INSERT INTO Musica(id,nome,imagemCapa,reproducoes,idVideoclip, idAlbum) Values(70322136,'No. 1 Party Anthem','https://api.deezer.com/album/6899610/image',244,33,6899610);
INSERT INTO Musica(id,nome,imagemCapa,reproducoes,idVideoclip, idAlbum) Values(70322137,'Mad Sounds','https://api.deezer.com/album/6899610/image',216,34,6899610);
INSERT INTO Musica(id,nome,imagemCapa,reproducoes,idVideoclip, idAlbum) Values(70322138,'Fireside','https://api.deezer.com/album/6899610/image',182,35,6899610);
INSERT INTO Musica(id,nome,imagemCapa,reproducoes,idVideoclip, idAlbum) Values(70322139,'Why''d You Only Call Me When You''re High?','https://api.deezer.com/album/6899610/image',289,36,6899610);
INSERT INTO Musica(id,nome,imagemCapa,reproducoes,idVideoclip, idAlbum) Values(70322140,'Snap Out Of It','https://api.deezer.com/album/6899610/image',197,37,6899610);
INSERT INTO Musica(id,nome,imagemCapa,reproducoes,idVideoclip, idAlbum) Values(70322141,'Knee Socks','https://api.deezer.com/album/6899610/image',258,38,6899610);
INSERT INTO Musica(id,nome,imagemCapa,reproducoes,idVideoclip, idAlbum) Values(70322142,'I Wanna Be Yours','https://api.deezer.com/album/6899610/image',184,39,6899610);
INSERT INTO Musica(id,nome,imagemCapa,reproducoes,idVideoclip, idAlbum) Values(4315378,'Brianstorm','https://api.deezer.com/album/401346/image',182,40,401346);
INSERT INTO Musica(id,nome,imagemCapa,reproducoes,idVideoclip, idAlbum) Values(4315379,'Teddy Picker','https://api.deezer.com/album/401346/image',165,41,401346);
INSERT INTO Musica(id,nome,imagemCapa,reproducoes,idVideoclip, idAlbum) Values(4315380,'D is for Dangerous','https://api.deezer.com/album/401346/image',139,42,401346);
INSERT INTO Musica(id,nome,imagemCapa,reproducoes,idVideoclip, idAlbum) Values(4315381,'Balaclava','https://api.deezer.com/album/401346/image',172,43,401346);
INSERT INTO Musica(id,nome,imagemCapa,reproducoes,idVideoclip, idAlbum) Values(4315382,'Fluorescent Adolescent','https://api.deezer.com/album/401346/image',196,44,401346);
INSERT INTO Musica(id,nome,imagemCapa,reproducoes,idVideoclip, idAlbum) Values(4315383,'Only Ones Who Know','https://api.deezer.com/album/401346/image',185,45,401346);
INSERT INTO Musica(id,nome,imagemCapa,reproducoes,idVideoclip, idAlbum) Values(4315384,'Do Me a Favour','https://api.deezer.com/album/401346/image',210,46,401346);
INSERT INTO Musica(id,nome,imagemCapa,reproducoes,idVideoclip, idAlbum) Values(4315385,'This House is a Circus','https://api.deezer.com/album/401346/image',192,47,401346);
INSERT INTO Musica(id,nome,imagemCapa,reproducoes,idVideoclip, idAlbum) Values(4315386,'If You Were There, Beware','https://api.deezer.com/album/401346/image',277,48,401346);
INSERT INTO Musica(id,nome,imagemCapa,reproducoes,idVideoclip, idAlbum) Values(4315387,'The Bad Thing','https://api.deezer.com/album/401346/image',146,49,401346);
INSERT INTO Musica(id,nome,imagemCapa,reproducoes,idVideoclip, idAlbum) Values(4315388,'Old Yellow Bricks','https://api.deezer.com/album/401346/image',194,50,401346);
INSERT INTO Musica(id,nome,imagemCapa,reproducoes,idVideoclip, idAlbum) Values(4315389,'505','https://api.deezer.com/album/401346/image',254,51,401346);
INSERT INTO Musica(id,nome,imagemCapa,reproducoes,idVideoclip, idAlbum) Values(4315309,'The View From The Afternoon','https://api.deezer.com/album/401340/image',275,52,401340);
INSERT INTO Musica(id,nome,imagemCapa,reproducoes,idVideoclip, idAlbum) Values(4315310,'I Bet You Look Good On The Dancefloor','https://api.deezer.com/album/401340/image',174,53,401340);
INSERT INTO Musica(id,nome,imagemCapa,reproducoes,idVideoclip, idAlbum) Values(4315311,'Fake Tales Of San Francisco','https://api.deezer.com/album/401340/image',178,54,401340);
INSERT INTO Musica(id,nome,imagemCapa,reproducoes,idVideoclip, idAlbum) Values(4315312,'Dancing Shoes','https://api.deezer.com/album/401340/image',142,55,401340);
INSERT INTO Musica(id,nome,imagemCapa,reproducoes,idVideoclip, idAlbum) Values(4315313,'You Probably Couldn''t See For The Lights But You Were Staring Straight At Me','https://api.deezer.com/album/401340/image',131,56,401340);
INSERT INTO Musica(id,nome,imagemCapa,reproducoes,idVideoclip, idAlbum) Values(4315314,'Still Take You Home','https://api.deezer.com/album/401340/image',175,57,401340);
INSERT INTO Musica(id,nome,imagemCapa,reproducoes,idVideoclip, idAlbum) Values(4315315,'Riot Van','https://api.deezer.com/album/401340/image',135,58,401340);
INSERT INTO Musica(id,nome,imagemCapa,reproducoes,idVideoclip, idAlbum) Values(4315316,'Red Light Indicates Doors Are Secured','https://api.deezer.com/album/401340/image',144,59,401340);
INSERT INTO Musica(id,nome,imagemCapa,reproducoes,idVideoclip, idAlbum) Values(4315317,'Mardy Bum','https://api.deezer.com/album/401340/image',176,60,401340);
INSERT INTO Musica(id,nome,imagemCapa,reproducoes,idVideoclip, idAlbum) Values(4315318,'Perhaps Vampires Is A Bit Strong But…','https://api.deezer.com/album/401340/image',269,61,401340);
INSERT INTO Musica(id,nome,imagemCapa,reproducoes,idVideoclip, idAlbum) Values(4315319,'When The Sun Goes Down','https://api.deezer.com/album/401340/image',209,62,401340);
INSERT INTO Musica(id,nome,imagemCapa,reproducoes,idVideoclip, idAlbum) Values(4315320,'From The Ritz To The Rubble','https://api.deezer.com/album/401340/image',194,63,401340);
INSERT INTO Musica(id,nome,imagemCapa,reproducoes,idVideoclip, idAlbum) Values(4315321,'A Certain Romance','https://api.deezer.com/album/401340/image',332,64,401340);
INSERT INTO Musica(id,nome,imagemCapa,reproducoes,idVideoclip, idAlbum) Values(10064646,'Stuck on the puzzle','https://api.deezer.com/album/921000/image',212,65,921000);
INSERT INTO Musica(id,nome,imagemCapa,reproducoes,idVideoclip, idAlbum) Values(10064647,'Hiding tonight','https://api.deezer.com/album/921000/image',187,66,921000);
INSERT INTO Musica(id,nome,imagemCapa,reproducoes,idVideoclip, idAlbum) Values(10064648,'Glass in the park','https://api.deezer.com/album/921000/image',0,67,921000);
INSERT INTO Musica(id,nome,imagemCapa,reproducoes,idVideoclip, idAlbum) Values(10064649,'It''s hard to get around the wind','https://api.deezer.com/album/921000/image',248,68,921000);
INSERT INTO Musica(id,nome,imagemCapa,reproducoes,idVideoclip, idAlbum) Values(10064650,'Stuck on the puzzle','https://api.deezer.com/album/921000/image',212,69,921000);
INSERT INTO Musica(id,nome,imagemCapa,reproducoes,idVideoclip, idAlbum) Values(10064651,'Piledriver waltz','https://api.deezer.com/album/921000/image',205,70,921000);
INSERT INTO Musica(id,nome,imagemCapa,reproducoes,idVideoclip, idAlbum) Values(568147712,'Habibi','https://api.deezer.com/album/75624372/image',245,71,75624372);
INSERT INTO Musica(id,nome,imagemCapa,reproducoes,idVideoclip, idAlbum) Values(568147722,'Sun May Shine','https://api.deezer.com/album/75624372/image',249,72,75624372);
INSERT INTO Musica(id,nome,imagemCapa,reproducoes,idVideoclip, idAlbum) Values(568147732,'Tummy','https://api.deezer.com/album/75624372/image',199,73,75624372);
INSERT INTO Musica(id,nome,imagemCapa,reproducoes,idVideoclip, idAlbum) Values(568147742,'Chambers','https://api.deezer.com/album/75624372/image',5130573,74,75624372);
INSERT INTO Musica(id,nome,imagemCapa,reproducoes,idVideoclip, idAlbum) Values(568147752,'So It Goes','https://api.deezer.com/album/75624372/image',228,75,75624372);
INSERT INTO Musica(id,nome,imagemCapa,reproducoes,idVideoclip, idAlbum) Values(568147762,'Indigo Night','https://api.deezer.com/album/75624372/image',255,76,75624372);
INSERT INTO Musica(id,nome,imagemCapa,reproducoes,idVideoclip, idAlbum) Values(568147772,'Cigar','https://api.deezer.com/album/75624372/image',792,77,75624372);
INSERT INTO Musica(id,nome,imagemCapa,reproducoes,idVideoclip, idAlbum) Values(568147782,'Each Time','https://api.deezer.com/album/75624372/image',262,78,75624372);
INSERT INTO Musica(id,nome,imagemCapa,reproducoes,idVideoclip, idAlbum) Values(568147792,'Verses','https://api.deezer.com/album/75624372/image',169,79,75624372);
INSERT INTO Musica(id,nome,imagemCapa,reproducoes,idVideoclip, idAlbum) Values(568147802,'w.o.t.h','https://api.deezer.com/album/75624372/image',236,80,75624372);
INSERT INTO Musica(id,nome,imagemCapa,reproducoes,idVideoclip, idAlbum) Values(568147812,'Intervals','https://api.deezer.com/album/75624372/image',6078603,81,75624372);
INSERT INTO Musica(id,nome,imagemCapa,reproducoes,idVideoclip, idAlbum) Values(568147822,'Persephone','https://api.deezer.com/album/75624372/image',1229,82,75624372);
INSERT INTO Musica(id,nome,imagemCapa,reproducoes,idVideoclip, idAlbum) Values(727379302,'Bolero','https://api.deezer.com/album/106585062/image',265,83,106585062);
INSERT INTO Musica(id,nome,imagemCapa,reproducoes,idVideoclip, idAlbum) Values(74617608,'Curumim','https://api.deezer.com/album/7371939/image',249,84,7371939);
INSERT INTO Musica(id,nome,imagemCapa,reproducoes,idVideoclip, idAlbum) Values(74617609,'Oceano','https://api.deezer.com/album/7371939/image',494,85,7371939);
INSERT INTO Musica(id,nome,imagemCapa,reproducoes,idVideoclip, idAlbum) Values(74617610,'Corisco','https://api.deezer.com/album/7371939/image',0,86,7371939);
INSERT INTO Musica(id,nome,imagemCapa,reproducoes,idVideoclip, idAlbum) Values(74617611,'Vida Real (Dejame Ir)','https://api.deezer.com/album/7371939/image',252,87,7371939);
INSERT INTO Musica(id,nome,imagemCapa,reproducoes,idVideoclip, idAlbum) Values(74617612,'Cigano','https://api.deezer.com/album/7371939/image',252,88,7371939);
INSERT INTO Musica(id,nome,imagemCapa,reproducoes,idVideoclip, idAlbum) Values(74617613,'Avião','https://api.deezer.com/album/7371939/image',3086,89,7371939);
INSERT INTO Musica(id,nome,imagemCapa,reproducoes,idVideoclip, idAlbum) Values(74617614,'Você Bem Sabe','https://api.deezer.com/album/7371939/image',195,90,7371939);
INSERT INTO Musica(id,nome,imagemCapa,reproducoes,idVideoclip, idAlbum) Values(74617615,'Mal de Mim','https://api.deezer.com/album/7371939/image',158,91,7371939);
INSERT INTO Musica(id,nome,imagemCapa,reproducoes,idVideoclip, idAlbum) Values(74617616,'Mil Vezes','https://api.deezer.com/album/7371939/image',358,92,7371939);
INSERT INTO Musica(id,nome,imagemCapa,reproducoes,idVideoclip, idAlbum) Values(2293061,'Eu Sambo Mesmo','https://api.deezer.com/album/228644/image',200,93,228644);
INSERT INTO Musica(id,nome,imagemCapa,reproducoes,idVideoclip, idAlbum) Values(2293064,'Siga','https://api.deezer.com/album/228644/image',229,94,228644);
INSERT INTO Musica(id,nome,imagemCapa,reproducoes,idVideoclip, idAlbum) Values(2293068,'Rosinha','https://api.deezer.com/album/228644/image',223,95,228644);
INSERT INTO Musica(id,nome,imagemCapa,reproducoes,idVideoclip, idAlbum) Values(2293074,'Malaga','https://api.deezer.com/album/228644/image',3575,96,228644);
INSERT INTO Musica(id,nome,imagemCapa,reproducoes,idVideoclip, idAlbum) Values(2293076,'Una Mujer','https://api.deezer.com/album/228644/image',345,97,228644);
INSERT INTO Musica(id,nome,imagemCapa,reproducoes,idVideoclip, idAlbum) Values(2293080,'Eu E Meu Coracao','https://api.deezer.com/album/228644/image',200,98,228644);
INSERT INTO Musica(id,nome,imagemCapa,reproducoes,idVideoclip, idAlbum) Values(2293083,'You Do Something To Me','https://api.deezer.com/album/228644/image',215,99,228644);
INSERT INTO Musica(id,nome,imagemCapa,reproducoes,idVideoclip, idAlbum) Values(2293088,'Palpite Infeliz','https://api.deezer.com/album/228644/image',236,100,228644);
INSERT INTO Musica(id,nome,imagemCapa,reproducoes,idVideoclip, idAlbum) Values(2293089,'Ave Maria No Morro','https://api.deezer.com/album/228644/image',224,101,228644);
INSERT INTO Musica(id,nome,imagemCapa,reproducoes,idVideoclip, idAlbum) Values(2293092,'Sampa','https://api.deezer.com/album/228644/image',182,102,228644);
INSERT INTO Musica(id,nome,imagemCapa,reproducoes,idVideoclip, idAlbum) Values(2293097,'Sorriu Para Mim','https://api.deezer.com/album/228644/image',186,103,228644);
INSERT INTO Musica(id,nome,imagemCapa,reproducoes,idVideoclip, idAlbum) Values(2293100,'Que Reste-T-Il De Nos Amours','https://api.deezer.com/album/228644/image',192,104,228644);
INSERT INTO Musica(id,nome,imagemCapa,reproducoes,idVideoclip, idAlbum) Values(116348646,'Two Of Us','https://api.deezer.com/album/12047958/image',260,105,12047958);
INSERT INTO Musica(id,nome,imagemCapa,reproducoes,idVideoclip, idAlbum) Values(116348648,'Dig A Pony','https://api.deezer.com/album/12047958/image',235,106,12047958);
INSERT INTO Musica(id,nome,imagemCapa,reproducoes,idVideoclip, idAlbum) Values(116348650,'Across The Universe','https://api.deezer.com/album/12047958/image',229,107,12047958);
INSERT INTO Musica(id,nome,imagemCapa,reproducoes,idVideoclip, idAlbum) Values(116348652,'I Me Mine','https://api.deezer.com/album/12047958/image',146,108,12047958);
INSERT INTO Musica(id,nome,imagemCapa,reproducoes,idVideoclip, idAlbum) Values(116348654,'Dig It','https://api.deezer.com/album/12047958/image',183,109,12047958);
INSERT INTO Musica(id,nome,imagemCapa,reproducoes,idVideoclip, idAlbum) Values(116348656,'Let It Be','https://api.deezer.com/album/12047958/image',244,110,12047958);
INSERT INTO Musica(id,nome,imagemCapa,reproducoes,idVideoclip, idAlbum) Values(116348658,'Maggie Mae','https://api.deezer.com/album/12047958/image',0,111,12047958);
INSERT INTO Musica(id,nome,imagemCapa,reproducoes,idVideoclip, idAlbum) Values(116348660,'I''ve Got A Feeling','https://api.deezer.com/album/12047958/image',218,112,12047958);
INSERT INTO Musica(id,nome,imagemCapa,reproducoes,idVideoclip, idAlbum) Values(116348662,'One After 909','https://api.deezer.com/album/12047958/image',174,113,12047958);
INSERT INTO Musica(id,nome,imagemCapa,reproducoes,idVideoclip, idAlbum) Values(116348664,'The Long And Winding Road','https://api.deezer.com/album/12047958/image',219,114,12047958);
INSERT INTO Musica(id,nome,imagemCapa,reproducoes,idVideoclip, idAlbum) Values(116348666,'For You Blue','https://api.deezer.com/album/12047958/image',153,115,12047958);
INSERT INTO Musica(id,nome,imagemCapa,reproducoes,idVideoclip, idAlbum) Values(116348668,'Get Back','https://api.deezer.com/album/12047958/image',190,116,12047958);
INSERT INTO Musica(id,nome,imagemCapa,reproducoes,idVideoclip, idAlbum) Values(116348452,'Come Together','https://api.deezer.com/album/12047952/image',259,117,12047952);
INSERT INTO Musica(id,nome,imagemCapa,reproducoes,idVideoclip, idAlbum) Values(116348454,'Something','https://api.deezer.com/album/12047952/image',188,118,12047952);
INSERT INTO Musica(id,nome,imagemCapa,reproducoes,idVideoclip, idAlbum) Values(116348456,'Maxwell''s Silver Hammer','https://api.deezer.com/album/12047952/image',208,119,12047952);
INSERT INTO Musica(id,nome,imagemCapa,reproducoes,idVideoclip, idAlbum) Values(116348458,'Oh! Darling','https://api.deezer.com/album/12047952/image',208,120,12047952);
INSERT INTO Musica(id,nome,imagemCapa,reproducoes,idVideoclip, idAlbum) Values(116348460,'Octopus''s Garden','https://api.deezer.com/album/12047952/image',171,121,12047952);
INSERT INTO Musica(id,nome,imagemCapa,reproducoes,idVideoclip, idAlbum) Values(116348462,'I Want You (She''s So Heavy)','https://api.deezer.com/album/12047952/image',468,122,12047952);
INSERT INTO Musica(id,nome,imagemCapa,reproducoes,idVideoclip, idAlbum) Values(116348464,'Here Comes The Sun','https://api.deezer.com/album/12047952/image',192,123,12047952);
INSERT INTO Musica(id,nome,imagemCapa,reproducoes,idVideoclip, idAlbum) Values(116348466,'Because','https://api.deezer.com/album/12047952/image',194,124,12047952);
INSERT INTO Musica(id,nome,imagemCapa,reproducoes,idVideoclip, idAlbum) Values(116348468,'You Never Give Me Your Money','https://api.deezer.com/album/12047952/image',243,125,12047952);
INSERT INTO Musica(id,nome,imagemCapa,reproducoes,idVideoclip, idAlbum) Values(116348470,'Sun King','https://api.deezer.com/album/12047952/image',147,126,12047952);
INSERT INTO Musica(id,nome,imagemCapa,reproducoes,idVideoclip, idAlbum) Values(116348472,'Mean Mr Mustard','https://api.deezer.com/album/12047952/image',67,127,12047952);
INSERT INTO Musica(id,nome,imagemCapa,reproducoes,idVideoclip, idAlbum) Values(116348474,'Polythene Pam','https://api.deezer.com/album/12047952/image',73,128,12047952);
INSERT INTO Musica(id,nome,imagemCapa,reproducoes,idVideoclip, idAlbum) Values(116348476,'She Came In Through The Bathroom Window','https://api.deezer.com/album/12047952/image',119,129,12047952);
INSERT INTO Musica(id,nome,imagemCapa,reproducoes,idVideoclip, idAlbum) Values(116348478,'Golden Slumbers','https://api.deezer.com/album/12047952/image',92,130,12047952);
INSERT INTO Musica(id,nome,imagemCapa,reproducoes,idVideoclip, idAlbum) Values(116348480,'Carry That Weight','https://api.deezer.com/album/12047952/image',97,131,12047952);
INSERT INTO Musica(id,nome,imagemCapa,reproducoes,idVideoclip, idAlbum) Values(116348482,'The End','https://api.deezer.com/album/12047952/image',283,132,12047952);
INSERT INTO Musica(id,nome,imagemCapa,reproducoes,idVideoclip, idAlbum) Values(116348484,'Her Majesty','https://api.deezer.com/album/12047952/image',209,133,12047952);
INSERT INTO Musica(id,nome,imagemCapa,reproducoes,idVideoclip, idAlbum) Values(116348592,'Love Me Do','https://api.deezer.com/album/12047956/image',142,134,12047956);
INSERT INTO Musica(id,nome,imagemCapa,reproducoes,idVideoclip, idAlbum) Values(116348594,'From Me To You','https://api.deezer.com/album/12047956/image',117,135,12047956);
INSERT INTO Musica(id,nome,imagemCapa,reproducoes,idVideoclip, idAlbum) Values(116348596,'She Loves You','https://api.deezer.com/album/12047956/image',142,136,12047956);
INSERT INTO Musica(id,nome,imagemCapa,reproducoes,idVideoclip, idAlbum) Values(116348598,'I Want To Hold Your Hand','https://api.deezer.com/album/12047956/image',157,137,12047956);
INSERT INTO Musica(id,nome,imagemCapa,reproducoes,idVideoclip, idAlbum) Values(116348600,'Can''t Buy Me Love','https://api.deezer.com/album/12047956/image',135,138,12047956);
INSERT INTO Musica(id,nome,imagemCapa,reproducoes,idVideoclip, idAlbum) Values(116348602,'A Hard Day''s Night','https://api.deezer.com/album/12047956/image',159,139,12047956);
INSERT INTO Musica(id,nome,imagemCapa,reproducoes,idVideoclip, idAlbum) Values(116348604,'I Feel Fine','https://api.deezer.com/album/12047956/image',141,140,12047956);
INSERT INTO Musica(id,nome,imagemCapa,reproducoes,idVideoclip, idAlbum) Values(116348606,'Eight Days A Week','https://api.deezer.com/album/12047956/image',164,141,12047956);
INSERT INTO Musica(id,nome,imagemCapa,reproducoes,idVideoclip, idAlbum) Values(116348608,'Ticket To Ride','https://api.deezer.com/album/12047956/image',183,142,12047956);
INSERT INTO Musica(id,nome,imagemCapa,reproducoes,idVideoclip, idAlbum) Values(116348610,'Help!','https://api.deezer.com/album/12047956/image',140,143,12047956);
INSERT INTO Musica(id,nome,imagemCapa,reproducoes,idVideoclip, idAlbum) Values(116348612,'Yesterday','https://api.deezer.com/album/12047956/image',126,144,12047956);
INSERT INTO Musica(id,nome,imagemCapa,reproducoes,idVideoclip, idAlbum) Values(116348614,'Day Tripper','https://api.deezer.com/album/12047956/image',169,145,12047956);
INSERT INTO Musica(id,nome,imagemCapa,reproducoes,idVideoclip, idAlbum) Values(116348616,'We Can Work It Out','https://api.deezer.com/album/12047956/image',138,146,12047956);
INSERT INTO Musica(id,nome,imagemCapa,reproducoes,idVideoclip, idAlbum) Values(116348618,'Paperback Writer','https://api.deezer.com/album/12047956/image',150,147,12047956);
INSERT INTO Musica(id,nome,imagemCapa,reproducoes,idVideoclip, idAlbum) Values(116348620,'Yellow Submarine','https://api.deezer.com/album/12047956/image',166,148,12047956);
INSERT INTO Musica(id,nome,imagemCapa,reproducoes,idVideoclip, idAlbum) Values(116348622,'Eleanor Rigby','https://api.deezer.com/album/12047956/image',132,149,12047956);
INSERT INTO Musica(id,nome,imagemCapa,reproducoes,idVideoclip, idAlbum) Values(116348624,'Penny Lane','https://api.deezer.com/album/12047956/image',187,150,12047956);
INSERT INTO Musica(id,nome,imagemCapa,reproducoes,idVideoclip, idAlbum) Values(116348626,'All You Need Is Love','https://api.deezer.com/album/12047956/image',232,151,12047956);
INSERT INTO Musica(id,nome,imagemCapa,reproducoes,idVideoclip, idAlbum) Values(116348628,'Hello, Goodbye','https://api.deezer.com/album/12047956/image',209,152,12047956);
INSERT INTO Musica(id,nome,imagemCapa,reproducoes,idVideoclip, idAlbum) Values(116348630,'Lady Madonna','https://api.deezer.com/album/12047956/image',155,153,12047956);
INSERT INTO Musica(id,nome,imagemCapa,reproducoes,idVideoclip, idAlbum) Values(116348632,'Hey Jude','https://api.deezer.com/album/12047956/image',490,154,12047956);
INSERT INTO Musica(id,nome,imagemCapa,reproducoes,idVideoclip, idAlbum) Values(116348634,'Get Back','https://api.deezer.com/album/12047956/image',190,155,12047956);
INSERT INTO Musica(id,nome,imagemCapa,reproducoes,idVideoclip, idAlbum) Values(116348636,'The Ballad Of John And Yoko','https://api.deezer.com/album/12047956/image',186,156,12047956);
INSERT INTO Musica(id,nome,imagemCapa,reproducoes,idVideoclip, idAlbum) Values(116348638,'Something','https://api.deezer.com/album/12047956/image',188,157,12047956);
INSERT INTO Musica(id,nome,imagemCapa,reproducoes,idVideoclip, idAlbum) Values(116348640,'Come Together','https://api.deezer.com/album/12047956/image',259,158,12047956);
INSERT INTO Musica(id,nome,imagemCapa,reproducoes,idVideoclip, idAlbum) Values(116348642,'Let It Be','https://api.deezer.com/album/12047956/image',244,159,12047956);
INSERT INTO Musica(id,nome,imagemCapa,reproducoes,idVideoclip, idAlbum) Values(116348644,'The Long And Winding Road','https://api.deezer.com/album/12047956/image',219,160,12047956);
INSERT INTO Musica(id,nome,imagemCapa,reproducoes,idVideoclip, idAlbum) Values(126772729,'Ultralight Beam','https://api.deezer.com/album/13357219/image',321,161,13357219);
INSERT INTO Musica(id,nome,imagemCapa,reproducoes,idVideoclip, idAlbum) Values(126772731,'Father Stretch My Hands Pt. 1','https://api.deezer.com/album/13357219/image',136,162,13357219);
INSERT INTO Musica(id,nome,imagemCapa,reproducoes,idVideoclip, idAlbum) Values(126772733,'Pt. 2','https://api.deezer.com/album/13357219/image',131,163,13357219);
INSERT INTO Musica(id,nome,imagemCapa,reproducoes,idVideoclip, idAlbum) Values(126772735,'Famous','https://api.deezer.com/album/13357219/image',197,164,13357219);
INSERT INTO Musica(id,nome,imagemCapa,reproducoes,idVideoclip, idAlbum) Values(126772737,'Feedback','https://api.deezer.com/album/13357219/image',245,165,13357219);
INSERT INTO Musica(id,nome,imagemCapa,reproducoes,idVideoclip, idAlbum) Values(126772739,'Low Lights','https://api.deezer.com/album/13357219/image',132,166,13357219);
INSERT INTO Musica(id,nome,imagemCapa,reproducoes,idVideoclip, idAlbum) Values(126772741,'Highlights','https://api.deezer.com/album/13357219/image',415,167,13357219);
INSERT INTO Musica(id,nome,imagemCapa,reproducoes,idVideoclip, idAlbum) Values(126772743,'Freestyle 4','https://api.deezer.com/album/13357219/image',124,168,13357219);
INSERT INTO Musica(id,nome,imagemCapa,reproducoes,idVideoclip, idAlbum) Values(126772745,'I Love Kanye','https://api.deezer.com/album/13357219/image',0,169,13357219);
INSERT INTO Musica(id,nome,imagemCapa,reproducoes,idVideoclip, idAlbum) Values(126772747,'Waves','https://api.deezer.com/album/13357219/image',231,170,13357219);
INSERT INTO Musica(id,nome,imagemCapa,reproducoes,idVideoclip, idAlbum) Values(126772749,'FML','https://api.deezer.com/album/13357219/image',224,171,13357219);
INSERT INTO Musica(id,nome,imagemCapa,reproducoes,idVideoclip, idAlbum) Values(126772751,'Real Friends','https://api.deezer.com/album/13357219/image',215,172,13357219);
INSERT INTO Musica(id,nome,imagemCapa,reproducoes,idVideoclip, idAlbum) Values(126772753,'Wolves','https://api.deezer.com/album/13357219/image',122,173,13357219);
INSERT INTO Musica(id,nome,imagemCapa,reproducoes,idVideoclip, idAlbum) Values(126772755,'Frank''s Track','https://api.deezer.com/album/13357219/image',0,174,13357219);
INSERT INTO Musica(id,nome,imagemCapa,reproducoes,idVideoclip, idAlbum) Values(126772757,'Siiiiiiiiilver Surffffeeeeer Intermission','https://api.deezer.com/album/13357219/image',0,175,13357219);
INSERT INTO Musica(id,nome,imagemCapa,reproducoes,idVideoclip, idAlbum) Values(126772759,'30 Hours','https://api.deezer.com/album/13357219/image',324,176,13357219);
INSERT INTO Musica(id,nome,imagemCapa,reproducoes,idVideoclip, idAlbum) Values(126772761,'No More Parties In LA','https://api.deezer.com/album/13357219/image',375,177,13357219);
INSERT INTO Musica(id,nome,imagemCapa,reproducoes,idVideoclip, idAlbum) Values(126772763,'Facts (Charlie Heat Version)','https://api.deezer.com/album/13357219/image',201,178,13357219);
INSERT INTO Musica(id,nome,imagemCapa,reproducoes,idVideoclip, idAlbum) Values(126772765,'Fade','https://api.deezer.com/album/13357219/image',225,179,13357219);
INSERT INTO Musica(id,nome,imagemCapa,reproducoes,idVideoclip, idAlbum) Values(126772767,'Saint Pablo','https://api.deezer.com/album/13357219/image',373,180,13357219);
INSERT INTO Musica(id,nome,imagemCapa,reproducoes,idVideoclip, idAlbum) Values(785411452,'Every Hour','https://api.deezer.com/album/116355212/image',418,181,116355212);
INSERT INTO Musica(id,nome,imagemCapa,reproducoes,idVideoclip, idAlbum) Values(785411462,'Selah','https://api.deezer.com/album/116355212/image',165,182,116355212);
INSERT INTO Musica(id,nome,imagemCapa,reproducoes,idVideoclip, idAlbum) Values(785411472,'Follow God','https://api.deezer.com/album/116355212/image',148,183,116355212);
INSERT INTO Musica(id,nome,imagemCapa,reproducoes,idVideoclip, idAlbum) Values(785411482,'Closed On Sunday','https://api.deezer.com/album/116355212/image',156,184,116355212);
INSERT INTO Musica(id,nome,imagemCapa,reproducoes,idVideoclip, idAlbum) Values(785411492,'On God','https://api.deezer.com/album/116355212/image',137,185,116355212);
INSERT INTO Musica(id,nome,imagemCapa,reproducoes,idVideoclip, idAlbum) Values(785411502,'Everything We Need','https://api.deezer.com/album/116355212/image',239,186,116355212);
INSERT INTO Musica(id,nome,imagemCapa,reproducoes,idVideoclip, idAlbum) Values(785411512,'Water','https://api.deezer.com/album/116355212/image',310,187,116355212);
INSERT INTO Musica(id,nome,imagemCapa,reproducoes,idVideoclip, idAlbum) Values(785411522,'God Is','https://api.deezer.com/album/116355212/image',204,188,116355212);
INSERT INTO Musica(id,nome,imagemCapa,reproducoes,idVideoclip, idAlbum) Values(785411532,'Hands On','https://api.deezer.com/album/116355212/image',204,189,116355212);
INSERT INTO Musica(id,nome,imagemCapa,reproducoes,idVideoclip, idAlbum) Values(785411542,'Use This Gospel','https://api.deezer.com/album/116355212/image',214,190,116355212);
INSERT INTO Musica(id,nome,imagemCapa,reproducoes,idVideoclip, idAlbum) Values(785411552,'Jesus Is Lord','https://api.deezer.com/album/116355212/image',0,191,116355212);
INSERT INTO Musica(id,nome,imagemCapa,reproducoes,idVideoclip, idAlbum) Values(1523554262,'Nós Pimba','https://api.deezer.com/album/265953002/image',215,192,265953002);
INSERT INTO Musica(id,nome,imagemCapa,reproducoes,idVideoclip, idAlbum) Values(1272174692,'F#CK FOREX (feat. eddy0)','https://api.deezer.com/album/214037042/image',219,193,214037042);
INSERT INTO Musica(id,nome,imagemCapa,reproducoes,idVideoclip, idAlbum) Values(384157561,'Foreword (feat. Rex Orange County)','https://api.deezer.com/album/44730061/image',195,194,44730061);
INSERT INTO Musica(id,nome,imagemCapa,reproducoes,idVideoclip, idAlbum) Values(384157571,'Where This Flower Blooms (feat. Frank Ocean)','https://api.deezer.com/album/44730061/image',195,195,44730061);
INSERT INTO Musica(id,nome,imagemCapa,reproducoes,idVideoclip, idAlbum) Values(384157581,'Sometimes...','https://api.deezer.com/album/44730061/image',232,196,44730061);
INSERT INTO Musica(id,nome,imagemCapa,reproducoes,idVideoclip, idAlbum) Values(384157591,'See You Again (feat. Kali Uchis)','https://api.deezer.com/album/44730061/image',203,197,44730061);
INSERT INTO Musica(id,nome,imagemCapa,reproducoes,idVideoclip, idAlbum) Values(384157601,'Who Dat Boy (feat. A$AP Rocky)','https://api.deezer.com/album/44730061/image',227,198,44730061);
INSERT INTO Musica(id,nome,imagemCapa,reproducoes,idVideoclip, idAlbum) Values(384157611,'Pothole (feat. Jaden Smith)','https://api.deezer.com/album/44730061/image',237,199,44730061);
INSERT INTO Musica(id,nome,imagemCapa,reproducoes,idVideoclip, idAlbum) Values(384157621,'Garden Shed (feat. Estelle)','https://api.deezer.com/album/44730061/image',225,200,44730061);
INSERT INTO Musica(id,nome,imagemCapa,reproducoes,idVideoclip, idAlbum) Values(384157631,'Boredom (feat. Rex Orange County & Anna of the North)','https://api.deezer.com/album/44730061/image',321,201,44730061);
INSERT INTO Musica(id,nome,imagemCapa,reproducoes,idVideoclip, idAlbum) Values(384157641,'I Ain''t Got Time!','https://api.deezer.com/album/44730061/image',207,202,44730061);
INSERT INTO Musica(id,nome,imagemCapa,reproducoes,idVideoclip, idAlbum) Values(384157651,'911 / Mr. Lonely (feat. Frank Ocean & Steve Lacy)','https://api.deezer.com/album/44730061/image',257,203,44730061);
INSERT INTO Musica(id,nome,imagemCapa,reproducoes,idVideoclip, idAlbum) Values(384157661,'Droppin'' Seeds (feat. Lil'' Wayne)','https://api.deezer.com/album/44730061/image',0,204,44730061);
INSERT INTO Musica(id,nome,imagemCapa,reproducoes,idVideoclip, idAlbum) Values(384157671,'November','https://api.deezer.com/album/44730061/image',557,205,44730061);
INSERT INTO Musica(id,nome,imagemCapa,reproducoes,idVideoclip, idAlbum) Values(384157681,'Glitter','https://api.deezer.com/album/44730061/image',182,206,44730061);
INSERT INTO Musica(id,nome,imagemCapa,reproducoes,idVideoclip, idAlbum) Values(384157691,'Enjoy Right Now, Today','https://api.deezer.com/album/44730061/image',236,207,44730061);
INSERT INTO Musica(id,nome,imagemCapa,reproducoes,idVideoclip, idAlbum) Values(681009642,'IGOR''S THEME','https://api.deezer.com/album/97140952/image',201,208,97140952);
INSERT INTO Musica(id,nome,imagemCapa,reproducoes,idVideoclip, idAlbum) Values(681009652,'EARFQUAKE','https://api.deezer.com/album/97140952/image',267,209,97140952);
INSERT INTO Musica(id,nome,imagemCapa,reproducoes,idVideoclip, idAlbum) Values(681009662,'I THINK','https://api.deezer.com/album/97140952/image',213,210,97140952);
INSERT INTO Musica(id,nome,imagemCapa,reproducoes,idVideoclip, idAlbum) Values(681009672,'EXACTLY WHAT YOU RUN FROM YOU END UP CHASING','https://api.deezer.com/album/97140952/image',0,211,97140952);
INSERT INTO Musica(id,nome,imagemCapa,reproducoes,idVideoclip, idAlbum) Values(681009682,'RUNNING OUT OF TIME','https://api.deezer.com/album/97140952/image',0,212,97140952);
INSERT INTO Musica(id,nome,imagemCapa,reproducoes,idVideoclip, idAlbum) Values(681009692,'NEW MAGIC WAND','https://api.deezer.com/album/97140952/image',196,213,97140952);
INSERT INTO Musica(id,nome,imagemCapa,reproducoes,idVideoclip, idAlbum) Values(681009702,'A BOY IS A GUN*','https://api.deezer.com/album/97140952/image',234,214,97140952);
INSERT INTO Musica(id,nome,imagemCapa,reproducoes,idVideoclip, idAlbum) Values(681009712,'PUPPET','https://api.deezer.com/album/97140952/image',176,215,97140952);
INSERT INTO Musica(id,nome,imagemCapa,reproducoes,idVideoclip, idAlbum) Values(681009722,'WHAT''S GOOD','https://api.deezer.com/album/97140952/image',2333632,216,97140952);
INSERT INTO Musica(id,nome,imagemCapa,reproducoes,idVideoclip, idAlbum) Values(681009732,'GONE, GONE / THANK YOU','https://api.deezer.com/album/97140952/image',377,217,97140952);
INSERT INTO Musica(id,nome,imagemCapa,reproducoes,idVideoclip, idAlbum) Values(681009742,'I DON''T LOVE YOU ANYMORE','https://api.deezer.com/album/97140952/image',162,218,97140952);
INSERT INTO Musica(id,nome,imagemCapa,reproducoes,idVideoclip, idAlbum) Values(681009752,'ARE WE STILL FRIENDS?','https://api.deezer.com/album/97140952/image',266,219,97140952);
INSERT INTO Musica(id,nome,imagemCapa,reproducoes,idVideoclip, idAlbum) Values(107471920,'Five Years','https://api.deezer.com/album/11205422/image',284,220,11205422);
INSERT INTO Musica(id,nome,imagemCapa,reproducoes,idVideoclip, idAlbum) Values(107471922,'Soul Love','https://api.deezer.com/album/11205422/image',215,221,11205422);
INSERT INTO Musica(id,nome,imagemCapa,reproducoes,idVideoclip, idAlbum) Values(107471924,'Moonage Daydream','https://api.deezer.com/album/11205422/image',280,222,11205422);
INSERT INTO Musica(id,nome,imagemCapa,reproducoes,idVideoclip, idAlbum) Values(107471926,'Starman','https://api.deezer.com/album/11205422/image',258,223,11205422);
INSERT INTO Musica(id,nome,imagemCapa,reproducoes,idVideoclip, idAlbum) Values(107471928,'It Ain''t Easy','https://api.deezer.com/album/11205422/image',294,224,11205422);
INSERT INTO Musica(id,nome,imagemCapa,reproducoes,idVideoclip, idAlbum) Values(107471930,'Lady Stardust','https://api.deezer.com/album/11205422/image',202,225,11205422);
INSERT INTO Musica(id,nome,imagemCapa,reproducoes,idVideoclip, idAlbum) Values(107471932,'Star','https://api.deezer.com/album/11205422/image',152,226,11205422);
INSERT INTO Musica(id,nome,imagemCapa,reproducoes,idVideoclip, idAlbum) Values(107471934,'Hang on to Yourself','https://api.deezer.com/album/11205422/image',253,227,11205422);
INSERT INTO Musica(id,nome,imagemCapa,reproducoes,idVideoclip, idAlbum) Values(107471936,'Ziggy Stardust','https://api.deezer.com/album/11205422/image',194,228,11205422);
INSERT INTO Musica(id,nome,imagemCapa,reproducoes,idVideoclip, idAlbum) Values(107471938,'Suffragette City','https://api.deezer.com/album/11205422/image',209,229,11205422);
INSERT INTO Musica(id,nome,imagemCapa,reproducoes,idVideoclip, idAlbum) Values(107471940,'Rock ''n'' Roll Suicide','https://api.deezer.com/album/11205422/image',183,230,11205422);
INSERT INTO Musica(id,nome,imagemCapa,reproducoes,idVideoclip, idAlbum) Values(143848116,'Amar Pelos Dois','https://api.deezer.com/album/15586282/image',185,231,15586282);
INSERT INTO Musica(id,nome,imagemCapa,reproducoes,idVideoclip, idAlbum) Values(62724014,'Young Girls','https://api.deezer.com/album/6157080/image',254,232,6157080);
INSERT INTO Musica(id,nome,imagemCapa,reproducoes,idVideoclip, idAlbum) Values(62724015,'Locked out of Heaven','https://api.deezer.com/album/6157080/image',235,233,6157080);
INSERT INTO Musica(id,nome,imagemCapa,reproducoes,idVideoclip, idAlbum) Values(62724016,'Gorilla','https://api.deezer.com/album/6157080/image',197,234,6157080);
INSERT INTO Musica(id,nome,imagemCapa,reproducoes,idVideoclip, idAlbum) Values(62724017,'Treasure','https://api.deezer.com/album/6157080/image',1362,235,6157080);
INSERT INTO Musica(id,nome,imagemCapa,reproducoes,idVideoclip, idAlbum) Values(62724018,'Moonshine','https://api.deezer.com/album/6157080/image',467,236,6157080);
INSERT INTO Musica(id,nome,imagemCapa,reproducoes,idVideoclip, idAlbum) Values(62724019,'When I Was Your Man','https://api.deezer.com/album/6157080/image',235,237,6157080);
INSERT INTO Musica(id,nome,imagemCapa,reproducoes,idVideoclip, idAlbum) Values(62724020,'Natalie','https://api.deezer.com/album/6157080/image',830,238,6157080);
INSERT INTO Musica(id,nome,imagemCapa,reproducoes,idVideoclip, idAlbum) Values(62724021,'Show Me','https://api.deezer.com/album/6157080/image',252,239,6157080);
INSERT INTO Musica(id,nome,imagemCapa,reproducoes,idVideoclip, idAlbum) Values(62724022,'Money Make Her Smile','https://api.deezer.com/album/6157080/image',205,240,6157080);
INSERT INTO Musica(id,nome,imagemCapa,reproducoes,idVideoclip, idAlbum) Values(62724023,'If I Knew','https://api.deezer.com/album/6157080/image',133,241,6157080);
INSERT INTO Musica(id,nome,imagemCapa,reproducoes,idVideoclip, idAlbum) Values(1260522302,'Leave The Door Open','https://api.deezer.com/album/211423112/image',249,242,211423112);
INSERT INTO Musica(id,nome,imagemCapa,reproducoes,idVideoclip, idAlbum) Values(585667452,'The Chase (feat. Kadhja Bonet)','https://api.deezer.com/album/78640552/image',204,243,78640552);
INSERT INTO Musica(id,nome,imagemCapa,reproducoes,idVideoclip, idAlbum) Values(585667462,'Headlow (feat. Norelle)','https://api.deezer.com/album/78640552/image',251,244,78640552);
INSERT INTO Musica(id,nome,imagemCapa,reproducoes,idVideoclip, idAlbum) Values(585667472,'Tints (feat. Kendrick Lamar)','https://api.deezer.com/album/78640552/image',323,245,78640552);
INSERT INTO Musica(id,nome,imagemCapa,reproducoes,idVideoclip, idAlbum) Values(585667482,'Who R U?','https://api.deezer.com/album/78640552/image',124,246,78640552);
INSERT INTO Musica(id,nome,imagemCapa,reproducoes,idVideoclip, idAlbum) Values(585667492,'6 Summers','https://api.deezer.com/album/78640552/image',283,247,78640552);
INSERT INTO Musica(id,nome,imagemCapa,reproducoes,idVideoclip, idAlbum) Values(585667502,'Saviers Road','https://api.deezer.com/album/78640552/image',145,248,78640552);
INSERT INTO Musica(id,nome,imagemCapa,reproducoes,idVideoclip, idAlbum) Values(585667512,'Smile/Petty (feat. Sonyae Elise)','https://api.deezer.com/album/78640552/image',283,249,78640552);
INSERT INTO Musica(id,nome,imagemCapa,reproducoes,idVideoclip, idAlbum) Values(585667522,'Mansa Musa (feat. Dr. Dre & Cocoa Sarai)','https://api.deezer.com/album/78640552/image',174,250,78640552);
INSERT INTO Musica(id,nome,imagemCapa,reproducoes,idVideoclip, idAlbum) Values(585667532,'Brother''s Keeper (feat. Pusha T)','https://api.deezer.com/album/78640552/image',255,251,78640552);
INSERT INTO Musica(id,nome,imagemCapa,reproducoes,idVideoclip, idAlbum) Values(585667542,'Anywhere (feat. Snoop Dogg & The Last Artful, Dodgr)','https://api.deezer.com/album/78640552/image',227,252,78640552);
INSERT INTO Musica(id,nome,imagemCapa,reproducoes,idVideoclip, idAlbum) Values(585667552,'Trippy (feat. J. Cole)','https://api.deezer.com/album/78640552/image',324,253,78640552);
INSERT INTO Musica(id,nome,imagemCapa,reproducoes,idVideoclip, idAlbum) Values(585667562,'Cheers (feat. Q-Tip)','https://api.deezer.com/album/78640552/image',335,254,78640552);
INSERT INTO Musica(id,nome,imagemCapa,reproducoes,idVideoclip, idAlbum) Values(585667572,'Sweet Chick (feat. BJ The Chicago Kid)','https://api.deezer.com/album/78640552/image',238,255,78640552);
INSERT INTO Musica(id,nome,imagemCapa,reproducoes,idVideoclip, idAlbum) Values(585667582,'Left To Right','https://api.deezer.com/album/78640552/image',135,256,78640552);
INSERT INTO Musica(id,nome,imagemCapa,reproducoes,idVideoclip, idAlbum) Values(9997008,'Death On Two Legs (Dedicated To...)','https://api.deezer.com/album/915785/image',244,257,915785);
INSERT INTO Musica(id,nome,imagemCapa,reproducoes,idVideoclip, idAlbum) Values(9997009,'Lazing On A Sunday Afternoon','https://api.deezer.com/album/915785/image',76,258,915785);
INSERT INTO Musica(id,nome,imagemCapa,reproducoes,idVideoclip, idAlbum) Values(9997010,'I''m In Love With My Car','https://api.deezer.com/album/915785/image',196,259,915785);
INSERT INTO Musica(id,nome,imagemCapa,reproducoes,idVideoclip, idAlbum) Values(9997011,'You''re My Best Friend','https://api.deezer.com/album/915785/image',188,260,915785);
INSERT INTO Musica(id,nome,imagemCapa,reproducoes,idVideoclip, idAlbum) Values(9997012,'''39','https://api.deezer.com/album/915785/image',218,261,915785);
INSERT INTO Musica(id,nome,imagemCapa,reproducoes,idVideoclip, idAlbum) Values(9997013,'Sweet Lady','https://api.deezer.com/album/915785/image',260,262,915785);
INSERT INTO Musica(id,nome,imagemCapa,reproducoes,idVideoclip, idAlbum) Values(9997014,'Seaside Rendezvous','https://api.deezer.com/album/915785/image',148,263,915785);
INSERT INTO Musica(id,nome,imagemCapa,reproducoes,idVideoclip, idAlbum) Values(9997015,'The Prophet''s Song','https://api.deezer.com/album/915785/image',508,264,915785);
INSERT INTO Musica(id,nome,imagemCapa,reproducoes,idVideoclip, idAlbum) Values(9997016,'Love Of My Life','https://api.deezer.com/album/915785/image',246,265,915785);
INSERT INTO Musica(id,nome,imagemCapa,reproducoes,idVideoclip, idAlbum) Values(9997017,'Good Company','https://api.deezer.com/album/915785/image',250,266,915785);
INSERT INTO Musica(id,nome,imagemCapa,reproducoes,idVideoclip, idAlbum) Values(9997018,'Bohemian Rhapsody','https://api.deezer.com/album/915785/image',0,267,915785);
INSERT INTO Musica(id,nome,imagemCapa,reproducoes,idVideoclip, idAlbum) Values(9997019,'God Save The Queen','https://api.deezer.com/album/915785/image',215,268,915785);
INSERT INTO Musica(id,nome,imagemCapa,reproducoes,idVideoclip, idAlbum) Values(12209320,'Mustapha','https://api.deezer.com/album/1121401/image',189,269,1121401);
INSERT INTO Musica(id,nome,imagemCapa,reproducoes,idVideoclip, idAlbum) Values(12209321,'Fat Bottomed Girls','https://api.deezer.com/album/1121401/image',231,270,1121401);
INSERT INTO Musica(id,nome,imagemCapa,reproducoes,idVideoclip, idAlbum) Values(12209322,'Jealousy','https://api.deezer.com/album/1121401/image',7078733,271,1121401);
INSERT INTO Musica(id,nome,imagemCapa,reproducoes,idVideoclip, idAlbum) Values(12209323,'Bicycle Race','https://api.deezer.com/album/1121401/image',6768616,272,1121401);
INSERT INTO Musica(id,nome,imagemCapa,reproducoes,idVideoclip, idAlbum) Values(12209324,'If You Can''t Beat Them','https://api.deezer.com/album/1121401/image',8034486,273,1121401);
INSERT INTO Musica(id,nome,imagemCapa,reproducoes,idVideoclip, idAlbum) Values(12209325,'Let Me Entertain You','https://api.deezer.com/album/1121401/image',9996766,274,1121401);
INSERT INTO Musica(id,nome,imagemCapa,reproducoes,idVideoclip, idAlbum) Values(12209326,'Dead On Time','https://api.deezer.com/album/1121401/image',3369628,275,1121401);
INSERT INTO Musica(id,nome,imagemCapa,reproducoes,idVideoclip, idAlbum) Values(12209327,'In Only Seven Days','https://api.deezer.com/album/1121401/image',3223410,276,1121401);
INSERT INTO Musica(id,nome,imagemCapa,reproducoes,idVideoclip, idAlbum) Values(12209328,'Dreamer''s Ball','https://api.deezer.com/album/1121401/image',3405901,277,1121401);
INSERT INTO Musica(id,nome,imagemCapa,reproducoes,idVideoclip, idAlbum) Values(12209329,'Fun It','https://api.deezer.com/album/1121401/image',155297,278,1121401);
INSERT INTO Musica(id,nome,imagemCapa,reproducoes,idVideoclip, idAlbum) Values(12209330,'Leaving Home Ain''t Easy','https://api.deezer.com/album/1121401/image',7065569,279,1121401);
INSERT INTO Musica(id,nome,imagemCapa,reproducoes,idVideoclip, idAlbum) Values(12209331,'Don''t Stop Me Now','https://api.deezer.com/album/1121401/image',6981647,280,1121401);
INSERT INTO Musica(id,nome,imagemCapa,reproducoes,idVideoclip, idAlbum) Values(12209332,'More Of That Jazz','https://api.deezer.com/album/1121401/image',2413047,281,1121401);
INSERT INTO Musica(id,nome,imagemCapa,reproducoes,idVideoclip, idAlbum) Values(13459064,'Radio Ga Ga','https://api.deezer.com/album/1232880/image',3692872,282,1232880);
INSERT INTO Musica(id,nome,imagemCapa,reproducoes,idVideoclip, idAlbum) Values(13459065,'Tear It Up','https://api.deezer.com/album/1232880/image',2367287,283,1232880);
INSERT INTO Musica(id,nome,imagemCapa,reproducoes,idVideoclip, idAlbum) Values(13459066,'It''s A Hard Life','https://api.deezer.com/album/1232880/image',6384251,284,1232880);
INSERT INTO Musica(id,nome,imagemCapa,reproducoes,idVideoclip, idAlbum) Values(13459067,'Man On The Prowl','https://api.deezer.com/album/1232880/image',8349,285,1232880);
INSERT INTO Musica(id,nome,imagemCapa,reproducoes,idVideoclip, idAlbum) Values(13459068,'Machines (Or Back To Humans)','https://api.deezer.com/album/1232880/image',6654166,286,1232880);
INSERT INTO Musica(id,nome,imagemCapa,reproducoes,idVideoclip, idAlbum) Values(13459069,'I Want To Break Free','https://api.deezer.com/album/1232880/image',6765915,287,1232880);
INSERT INTO Musica(id,nome,imagemCapa,reproducoes,idVideoclip, idAlbum) Values(13459070,'Keep Passing The Open Windows','https://api.deezer.com/album/1232880/image',6438759,288,1232880);
INSERT INTO Musica(id,nome,imagemCapa,reproducoes,idVideoclip, idAlbum) Values(13459071,'Hammer To Fall','https://api.deezer.com/album/1232880/image',4295081,289,1232880);
INSERT INTO Musica(id,nome,imagemCapa,reproducoes,idVideoclip, idAlbum) Values(13459072,'Is This The World We Created...?','https://api.deezer.com/album/1232880/image',609002,290,1232880);
-- Table: Utilizador
INSERT INTO Utilizador(id,nome,username,dataNascimento,nacionalidade,idUltimaOuvida) Values(0,'Lauren Campbell','@Lauren_Campbell','2003-02-08','Lithuania',568147762);
INSERT INTO Utilizador(id,nome,username,dataNascimento,nacionalidade,idUltimaOuvida) Values(1,'Rolando Jacobs','@Rolando_Jacobs','1975-12-18','Czech Republic',116348642);
INSERT INTO Utilizador(id,nome,username,dataNascimento,nacionalidade,idUltimaOuvida) Values(2,'Susan Black','@Susan_Black','1987-01-19','Portugal',568147802);
INSERT INTO Utilizador(id,nome,username,dataNascimento,nacionalidade,idUltimaOuvida) Values(3,'James Garcia','@James_Garcia','1969-04-29','Germany',568147772);
INSERT INTO Utilizador(id,nome,username,dataNascimento,nacionalidade,idUltimaOuvida) Values(4,'Louise Jarvis','@Louise_Jarvis','1957-01-09','Bosnia and Herzegovina',107471930);
INSERT INTO Utilizador(id,nome,username,dataNascimento,nacionalidade,idUltimaOuvida) Values(5,'Scott Wyche','@Scott_Wyche','1994-05-08','Liechtenstein',384157611);
INSERT INTO Utilizador(id,nome,username,dataNascimento,nacionalidade,idUltimaOuvida) Values(6,'Janice Bates','@Janice_Bates','2005-11-08','Portugal',681009712);
INSERT INTO Utilizador(id,nome,username,dataNascimento,nacionalidade,idUltimaOuvida) Values(7,'Harland Lum','@Harland_Lum','1960-12-24','Italy',681009672);
INSERT INTO Utilizador(id,nome,username,dataNascimento,nacionalidade,idUltimaOuvida) Values(8,'Judy Williams','@Judy_Williams','1991-03-29','Portugal',785411472);
INSERT INTO Utilizador(id,nome,username,dataNascimento,nacionalidade,idUltimaOuvida) Values(9,'Elizabeth Jones','@Elizabeth_Jones','2009-08-17','San Marino',2293068);
INSERT INTO Utilizador(id,nome,username,dataNascimento,nacionalidade,idUltimaOuvida) Values(10,'Malissa Murphy','@Malissa_Murphy','1984-10-28','Switzerland',2293089);
INSERT INTO Utilizador(id,nome,username,dataNascimento,nacionalidade,idUltimaOuvida) Values(11,'Oscar Harris','@Oscar_Harris','1955-04-24','Lithuania',568147762);
INSERT INTO Utilizador(id,nome,username,dataNascimento,nacionalidade,idUltimaOuvida) Values(12,'Jackie Eason','@Jackie_Eason','2003-06-27','Greece',384157571);
INSERT INTO Utilizador(id,nome,username,dataNascimento,nacionalidade,idUltimaOuvida) Values(13,'Carolina Marshall','@Carolina_Marshall','2012-11-18','Luxembourg',126772761);
INSERT INTO Utilizador(id,nome,username,dataNascimento,nacionalidade,idUltimaOuvida) Values(14,'Rodolfo Cradle','@Rodolfo_Cradle','2000-08-21','Estonia',585667452);
INSERT INTO Utilizador(id,nome,username,dataNascimento,nacionalidade,idUltimaOuvida) Values(15,'Michael Henke','@Michael_Henke','1973-04-16','Slovakia',67238730);
INSERT INTO Utilizador(id,nome,username,dataNascimento,nacionalidade,idUltimaOuvida) Values(16,'Joseph Schoberg','@Joseph_Schoberg','1986-04-11','Finland',4315388);
INSERT INTO Utilizador(id,nome,username,dataNascimento,nacionalidade,idUltimaOuvida) Values(17,'Gary Nowlen','@Gary_Nowlen','1990-12-04','Malta',74617611);
INSERT INTO Utilizador(id,nome,username,dataNascimento,nacionalidade,idUltimaOuvida) Values(18,'Jack Furst','@Jack_Furst','2001-06-27','Albania',74617616);
INSERT INTO Utilizador(id,nome,username,dataNascimento,nacionalidade,idUltimaOuvida) Values(19,'Bonnie Carreon','@Bonnie_Carreon','1988-10-16','Portugal',384157641);
INSERT INTO Utilizador(id,nome,username,dataNascimento,nacionalidade,idUltimaOuvida) Values(20,'Alan Head','@Alan_Head','1968-01-04','Cyprus',107471924);
INSERT INTO Utilizador(id,nome,username,dataNascimento,nacionalidade,idUltimaOuvida) Values(21,'Marlene Brown','@Marlene_Brown','1959-08-12','Georgia',116348656);
INSERT INTO Utilizador(id,nome,username,dataNascimento,nacionalidade,idUltimaOuvida) Values(22,'Sandra Ruddock','@Sandra_Ruddock','2000-11-07','Denmark',585667562);
INSERT INTO Utilizador(id,nome,username,dataNascimento,nacionalidade,idUltimaOuvida) Values(23,'Branden Thompson','@Branden_Thompson','1990-05-31','Georgia',70322138);
INSERT INTO Utilizador(id,nome,username,dataNascimento,nacionalidade,idUltimaOuvida) Values(24,'Maria Grogan','@Maria_Grogan','1954-01-10','Bosnia and Herzegovina',67238735);
INSERT INTO Utilizador(id,nome,username,dataNascimento,nacionalidade,idUltimaOuvida) Values(25,'Adalberto Harari','@Adalberto_Harari','1991-09-19','Malta',116348482);
INSERT INTO Utilizador(id,nome,username,dataNascimento,nacionalidade,idUltimaOuvida) Values(26,'Rebecca Decker','@Rebecca_Decker','1979-08-19','Hungary',785411462);
INSERT INTO Utilizador(id,nome,username,dataNascimento,nacionalidade,idUltimaOuvida) Values(27,'Justin Jackson','@Justin_Jackson','2014-09-25','Armenia',70322133);
INSERT INTO Utilizador(id,nome,username,dataNascimento,nacionalidade,idUltimaOuvida) Values(28,'Marva Matthews','@Marva_Matthews','2013-06-18','United Kingdom',116348476);
INSERT INTO Utilizador(id,nome,username,dataNascimento,nacionalidade,idUltimaOuvida) Values(29,'Jake Chumley','@Jake_Chumley','1993-03-03','Monaco',107471934);
-- Table: Genero
INSERT INTO Genero(id,nome) Values(113,'Dance');
INSERT INTO Genero(id,nome) Values(132,'Pop');
INSERT INTO Genero(id,nome) Values(85,'Alternativa');
INSERT INTO Genero(id,nome) Values(116,'Rap/Hip Hop');
INSERT INTO Genero(id,nome) Values(129,'Jazz');
INSERT INTO Genero(id,nome) Values(152,'Rock');
-- Table: Playlist
INSERT INTO Playlist(id,nome,idUtilizador) Values(0,'Jungle Music',9);
INSERT INTO Playlist(id,nome,idUtilizador) Values(1,'Discooooo Baby',24);
INSERT INTO Playlist(id,nome,idUtilizador) Values(2,'Songs about food',29);
INSERT INTO Playlist(id,nome,idUtilizador) Values(3,'Serial Killer Favourites',27);
INSERT INTO Playlist(id,nome,idUtilizador) Values(4,'Rhythmic Existentialism',24);
INSERT INTO Playlist(id,nome,idUtilizador) Values(5,'Songs that make no sense',1);
INSERT INTO Playlist(id,nome,idUtilizador) Values(6,'Artist''s that murmur their lyrics',19);
INSERT INTO Playlist(id,nome,idUtilizador) Values(7,'Alarm Tones disguised as Songs',9);
INSERT INTO Playlist(id,nome,idUtilizador) Values(8,'Rhythmic Existentialism',5);
INSERT INTO Playlist(id,nome,idUtilizador) Values(9,'Rockabilly Dazzlers',24);
INSERT INTO Playlist(id,nome,idUtilizador) Values(10,'Not Your Valentine',21);
INSERT INTO Playlist(id,nome,idUtilizador) Values(11,'Jungle Music',22);
INSERT INTO Playlist(id,nome,idUtilizador) Values(12,'Uprise  Groovy Like a Drive in Movie',8);
INSERT INTO Playlist(id,nome,idUtilizador) Values(13,'Today''s Deep House',12);
INSERT INTO Playlist(id,nome,idUtilizador) Values(14,'Jungle Music',27);
INSERT INTO Playlist(id,nome,idUtilizador) Values(15,'Faded Under Gold Skies',22);
INSERT INTO Playlist(id,nome,idUtilizador) Values(16,'Listen With Caution',16);
INSERT INTO Playlist(id,nome,idUtilizador) Values(17,'Uprise  Groovy Like a Drive in Movie',21);
INSERT INTO Playlist(id,nome,idUtilizador) Values(18,'Jungle Music',20);
INSERT INTO Playlist(id,nome,idUtilizador) Values(19,'Serial Killer Favourites',15);
-- Table: Autor
INSERT INTO Autor(id,nome) Values(27,'Daft Punk');
INSERT INTO Autor(id,nome) Values(100000000,'Guy-Manuel de Homem-Christo');
INSERT INTO Autor(id,nome) Values(100000001,'Thomas Bangalter');
INSERT INTO Autor(id,nome) Values(1182,'Arctic Monkeys');
INSERT INTO Autor(id,nome) Values(1195633,'Alex Turner');
INSERT INTO Autor(id,nome) Values(100000002,'Jamie Cook');
INSERT INTO Autor(id,nome) Values(100000003,'Nick O''Malley');
INSERT INTO Autor(id,nome) Values(100000004,'Matt Helders');
INSERT INTO Autor(id,nome) Values(11121068,'Tamino');
INSERT INTO Autor(id,nome) Values(10963720,'X-Tense');
INSERT INTO Autor(id,nome) Values(14687,'Djavan');
INSERT INTO Autor(id,nome) Values(5168,'João Gilberto');
INSERT INTO Autor(id,nome) Values(1,'The Beatles');
INSERT INTO Autor(id,nome) Values(226,'John Lennon');
INSERT INTO Autor(id,nome) Values(1446,'Paul McCartney');
INSERT INTO Autor(id,nome) Values(100000005,'George Harrison');
INSERT INTO Autor(id,nome) Values(100000006,'Ringo Starr');
INSERT INTO Autor(id,nome) Values(230,'Kanye West');
INSERT INTO Autor(id,nome) Values(70016862,'Chico da Tina');
INSERT INTO Autor(id,nome) Values(1194083,'Tyler, The Creator');
INSERT INTO Autor(id,nome) Values(997,'David Bowie');
INSERT INTO Autor(id,nome) Values(9877750,'Salvador Sobral');
INSERT INTO Autor(id,nome) Values(429675,'Bruno Mars');
INSERT INTO Autor(id,nome) Values(6474027,'Anderson .Paak');
INSERT INTO Autor(id,nome) Values(412,'Queen');
-- Table: Banda
INSERT INTO Banda(id,nome,dataFormacao) Values(27,'Daft Punk','1953');
INSERT INTO Banda(id,nome,dataFormacao) Values(1182,'Arctic Monkeys','1958');
INSERT INTO Banda(id,nome,dataFormacao) Values(1,'The Beatles','1993');
-- Table: Artista
INSERT INTO Artista(id,nome,dataNascimento) Values(100000000,'Guy-Manuel de Homem-Christo','1999');
INSERT INTO Artista(id,nome,dataNascimento) Values(100000001,'Thomas Bangalter','1960');
INSERT INTO Artista(id,nome,dataNascimento) Values(1195633,'Alex Turner','1968');
INSERT INTO Artista(id,nome,dataNascimento) Values(100000002,'Jamie Cook','1976');
INSERT INTO Artista(id,nome,dataNascimento) Values(100000003,'Nick O''Malley','1982');
INSERT INTO Artista(id,nome,dataNascimento) Values(100000004,'Matt Helders','1961');
INSERT INTO Artista(id,nome,dataNascimento) Values(11121068,'Tamino','1954');
INSERT INTO Artista(id,nome,dataNascimento) Values(10963720,'X-Tense','1991');
INSERT INTO Artista(id,nome,dataNascimento) Values(14687,'Djavan','1999');
INSERT INTO Artista(id,nome,dataNascimento) Values(5168,'João Gilberto','1974');
INSERT INTO Artista(id,nome,dataNascimento) Values(226,'John Lennon','1975');
INSERT INTO Artista(id,nome,dataNascimento) Values(1446,'Paul McCartney','1986');
INSERT INTO Artista(id,nome,dataNascimento) Values(100000005,'George Harrison','1998');
INSERT INTO Artista(id,nome,dataNascimento) Values(100000006,'Ringo Starr','1965');
INSERT INTO Artista(id,nome,dataNascimento) Values(230,'Kanye West','1976');
INSERT INTO Artista(id,nome,dataNascimento) Values(70016862,'Chico da Tina','1993');
INSERT INTO Artista(id,nome,dataNascimento) Values(1194083,'Tyler, The Creator','1969');
INSERT INTO Artista(id,nome,dataNascimento) Values(997,'David Bowie','1953');
INSERT INTO Artista(id,nome,dataNascimento) Values(9877750,'Salvador Sobral','1978');
INSERT INTO Artista(id,nome,dataNascimento) Values(429675,'Bruno Mars','1999');
INSERT INTO Artista(id,nome,dataNascimento) Values(6474027,'Anderson .Paak','2000');
INSERT INTO Artista(id,nome,dataNascimento) Values(412,'Queen','1983');
-- Table: Concerto
INSERT INTO Concerto(id,data,local) Values(0,'1994-12-22','Moldova');
INSERT INTO Concerto(id,data,local) Values(1,'1952-10-02','Cyprus');
INSERT INTO Concerto(id,data,local) Values(2,'2000-03-15','Russia');
INSERT INTO Concerto(id,data,local) Values(3,'1962-10-15','Slovakia');
INSERT INTO Concerto(id,data,local) Values(4,'1992-09-09','Georgia');
INSERT INTO Concerto(id,data,local) Values(5,'1999-02-08','Slovakia');
INSERT INTO Concerto(id,data,local) Values(6,'2004-12-13','Liechtenstein');
INSERT INTO Concerto(id,data,local) Values(7,'1951-05-30','Serbia');
INSERT INTO Concerto(id,data,local) Values(8,'1953-07-12','Bulgaria');
INSERT INTO Concerto(id,data,local) Values(9,'2002-09-16','Armenia');
INSERT INTO Concerto(id,data,local) Values(10,'1985-08-26','Monaco');
INSERT INTO Concerto(id,data,local) Values(11,'2002-03-22','Moldova');
INSERT INTO Concerto(id,data,local) Values(12,'1963-01-25','Hungary');
INSERT INTO Concerto(id,data,local) Values(13,'1954-09-24','Finland');
INSERT INTO Concerto(id,data,local) Values(14,'1991-03-31','Montenegro');
INSERT INTO Concerto(id,data,local) Values(15,'2009-07-02','San Marino');
INSERT INTO Concerto(id,data,local) Values(16,'1984-05-27','Albania');
INSERT INTO Concerto(id,data,local) Values(17,'2001-06-07','Macedonia');
INSERT INTO Concerto(id,data,local) Values(18,'2004-07-14','Spain');
INSERT INTO Concerto(id,data,local) Values(19,'1968-02-16','Liechtenstein');
INSERT INTO Concerto(id,data,local) Values(20,'1975-11-19','Spain');
INSERT INTO Concerto(id,data,local) Values(21,'1991-01-12','Liechtenstein');
INSERT INTO Concerto(id,data,local) Values(22,'1956-05-11','Spain');
INSERT INTO Concerto(id,data,local) Values(23,'1984-08-09','Liechtenstein');
INSERT INTO Concerto(id,data,local) Values(24,'1968-05-18','Austria');
INSERT INTO Concerto(id,data,local) Values(25,'2008-08-07','Czech Republic');
INSERT INTO Concerto(id,data,local) Values(26,'1995-08-10','Monaco');
INSERT INTO Concerto(id,data,local) Values(27,'1954-11-02','Sweden');
INSERT INTO Concerto(id,data,local) Values(28,'1983-10-15','Serbia');
INSERT INTO Concerto(id,data,local) Values(29,'1990-09-18','Finland');
INSERT INTO Concerto(id,data,local) Values(30,'1989-11-03','Liechtenstein');
INSERT INTO Concerto(id,data,local) Values(31,'2012-09-13','Belarus');
INSERT INTO Concerto(id,data,local) Values(32,'1958-08-02','Czech Republic');
INSERT INTO Concerto(id,data,local) Values(33,'1970-08-06','Albania');
INSERT INTO Concerto(id,data,local) Values(34,'1992-07-09','Luxembourg');
-- Table: Ator
INSERT INTO Ator(id,nome) Values(0,'Michael Hughes');
INSERT INTO Ator(id,nome) Values(1,'Edwin Nash');
INSERT INTO Ator(id,nome) Values(2,'Robert Transou');
INSERT INTO Ator(id,nome) Values(3,'Margaret Mckenzie');
INSERT INTO Ator(id,nome) Values(4,'Sandra Woelfel');
INSERT INTO Ator(id,nome) Values(5,'Jaclyn Miles');
INSERT INTO Ator(id,nome) Values(6,'Jeanette Boucher');
INSERT INTO Ator(id,nome) Values(7,'Elizabeth Hiemstra');
INSERT INTO Ator(id,nome) Values(8,'Doyle Segarra');
INSERT INTO Ator(id,nome) Values(9,'Shirley Boyd');
INSERT INTO Ator(id,nome) Values(10,'Darrell Reinhardt');
INSERT INTO Ator(id,nome) Values(11,'Carol Pinter');
INSERT INTO Ator(id,nome) Values(12,'Tina Morris');
INSERT INTO Ator(id,nome) Values(13,'Alma Riehle');
INSERT INTO Ator(id,nome) Values(14,'Barbara Butler');
INSERT INTO Ator(id,nome) Values(15,'Albert Behling');
INSERT INTO Ator(id,nome) Values(16,'Mary Raborn');
INSERT INTO Ator(id,nome) Values(17,'Gregoria Elder');
INSERT INTO Ator(id,nome) Values(18,'Jean Rodriguez');
INSERT INTO Ator(id,nome) Values(19,'Kim Rouse');
INSERT INTO Ator(id,nome) Values(20,'Erica Battles');
INSERT INTO Ator(id,nome) Values(21,'Jean Wirth');
INSERT INTO Ator(id,nome) Values(22,'Kristy Jewels');
INSERT INTO Ator(id,nome) Values(23,'Ivonne Smith');
INSERT INTO Ator(id,nome) Values(24,'Tamara Burke');
INSERT INTO Ator(id,nome) Values(25,'Edwin Doonan');
INSERT INTO Ator(id,nome) Values(26,'Major Labelle');
INSERT INTO Ator(id,nome) Values(27,'Peggy Ogaldez');
INSERT INTO Ator(id,nome) Values(28,'Joshua Rizzo');
INSERT INTO Ator(id,nome) Values(29,'Lawrence Holt');
-- Table: Produtor
INSERT INTO Produtor(id,nome) Values(0,'Anne May');
INSERT INTO Produtor(id,nome) Values(1,'Rufus Kimble');
INSERT INTO Produtor(id,nome) Values(2,'Willard Weeks');
INSERT INTO Produtor(id,nome) Values(3,'Kristin Murphy');
INSERT INTO Produtor(id,nome) Values(4,'Betty Woods');
INSERT INTO Produtor(id,nome) Values(5,'Roslyn Hall');
INSERT INTO Produtor(id,nome) Values(6,'Mary Baines');
INSERT INTO Produtor(id,nome) Values(7,'Edwin Sperling');
INSERT INTO Produtor(id,nome) Values(8,'Amber Gonzalez');
INSERT INTO Produtor(id,nome) Values(9,'Veronica Klein');
INSERT INTO Produtor(id,nome) Values(10,'Eleanor Workman');
INSERT INTO Produtor(id,nome) Values(11,'Robin Scott');
INSERT INTO Produtor(id,nome) Values(12,'Karen Miller');
INSERT INTO Produtor(id,nome) Values(13,'Mark Mcclellan');
INSERT INTO Produtor(id,nome) Values(14,'Cecil Capuano');
INSERT INTO Produtor(id,nome) Values(15,'Daniel Biggs');
INSERT INTO Produtor(id,nome) Values(16,'Kelly Helwig');
INSERT INTO Produtor(id,nome) Values(17,'Robert Valdes');
INSERT INTO Produtor(id,nome) Values(18,'John Charles');
INSERT INTO Produtor(id,nome) Values(19,'Tanya Spohn');
INSERT INTO Produtor(id,nome) Values(20,'Johnnie Dage');
INSERT INTO Produtor(id,nome) Values(21,'Christina Wong');
INSERT INTO Produtor(id,nome) Values(22,'Matthew Brockhaus');
INSERT INTO Produtor(id,nome) Values(23,'Shirley Hayworth');
INSERT INTO Produtor(id,nome) Values(24,'Christina Currier');
INSERT INTO Produtor(id,nome) Values(25,'Carmela Stepler');
INSERT INTO Produtor(id,nome) Values(26,'Gala Spillman');
INSERT INTO Produtor(id,nome) Values(27,'Kevin Gunter');
INSERT INTO Produtor(id,nome) Values(28,'Jessica Bemis');
INSERT INTO Produtor(id,nome) Values(29,'Raul Anderson');
-- Table: VideoclipAtor
INSERT INTO VideoclipAtor(idVideoclip,idAtor) Values(0,16);
INSERT INTO VideoclipAtor(idVideoclip,idAtor) Values(0,19);
INSERT INTO VideoclipAtor(idVideoclip,idAtor) Values(1,14);
INSERT INTO VideoclipAtor(idVideoclip,idAtor) Values(2,28);
INSERT INTO VideoclipAtor(idVideoclip,idAtor) Values(2,16);
INSERT INTO VideoclipAtor(idVideoclip,idAtor) Values(2,17);
INSERT INTO VideoclipAtor(idVideoclip,idAtor) Values(3,3);
INSERT INTO VideoclipAtor(idVideoclip,idAtor) Values(4,22);
INSERT INTO VideoclipAtor(idVideoclip,idAtor) Values(5,12);
INSERT INTO VideoclipAtor(idVideoclip,idAtor) Values(6,14);
INSERT INTO VideoclipAtor(idVideoclip,idAtor) Values(6,11);
INSERT INTO VideoclipAtor(idVideoclip,idAtor) Values(6,24);
INSERT INTO VideoclipAtor(idVideoclip,idAtor) Values(7,7);
INSERT INTO VideoclipAtor(idVideoclip,idAtor) Values(7,14);
INSERT INTO VideoclipAtor(idVideoclip,idAtor) Values(7,17);
INSERT INTO VideoclipAtor(idVideoclip,idAtor) Values(8,29);
INSERT INTO VideoclipAtor(idVideoclip,idAtor) Values(9,19);
INSERT INTO VideoclipAtor(idVideoclip,idAtor) Values(10,27);
INSERT INTO VideoclipAtor(idVideoclip,idAtor) Values(10,4);
INSERT INTO VideoclipAtor(idVideoclip,idAtor) Values(11,13);
INSERT INTO VideoclipAtor(idVideoclip,idAtor) Values(12,2);
INSERT INTO VideoclipAtor(idVideoclip,idAtor) Values(12,26);
INSERT INTO VideoclipAtor(idVideoclip,idAtor) Values(12,12);
INSERT INTO VideoclipAtor(idVideoclip,idAtor) Values(13,27);
INSERT INTO VideoclipAtor(idVideoclip,idAtor) Values(13,28);
INSERT INTO VideoclipAtor(idVideoclip,idAtor) Values(14,2);
INSERT INTO VideoclipAtor(idVideoclip,idAtor) Values(14,26);
INSERT INTO VideoclipAtor(idVideoclip,idAtor) Values(14,8);
INSERT INTO VideoclipAtor(idVideoclip,idAtor) Values(15,4);
INSERT INTO VideoclipAtor(idVideoclip,idAtor) Values(15,12);
INSERT INTO VideoclipAtor(idVideoclip,idAtor) Values(15,11);
INSERT INTO VideoclipAtor(idVideoclip,idAtor) Values(16,14);
INSERT INTO VideoclipAtor(idVideoclip,idAtor) Values(17,13);
INSERT INTO VideoclipAtor(idVideoclip,idAtor) Values(18,0);
INSERT INTO VideoclipAtor(idVideoclip,idAtor) Values(18,19);
INSERT INTO VideoclipAtor(idVideoclip,idAtor) Values(18,9);
INSERT INTO VideoclipAtor(idVideoclip,idAtor) Values(19,6);
INSERT INTO VideoclipAtor(idVideoclip,idAtor) Values(20,7);
INSERT INTO VideoclipAtor(idVideoclip,idAtor) Values(20,9);
INSERT INTO VideoclipAtor(idVideoclip,idAtor) Values(21,26);
INSERT INTO VideoclipAtor(idVideoclip,idAtor) Values(21,27);
INSERT INTO VideoclipAtor(idVideoclip,idAtor) Values(21,24);
INSERT INTO VideoclipAtor(idVideoclip,idAtor) Values(22,13);
INSERT INTO VideoclipAtor(idVideoclip,idAtor) Values(22,9);
INSERT INTO VideoclipAtor(idVideoclip,idAtor) Values(23,16);
INSERT INTO VideoclipAtor(idVideoclip,idAtor) Values(23,3);
INSERT INTO VideoclipAtor(idVideoclip,idAtor) Values(24,14);
INSERT INTO VideoclipAtor(idVideoclip,idAtor) Values(24,22);
INSERT INTO VideoclipAtor(idVideoclip,idAtor) Values(25,5);
INSERT INTO VideoclipAtor(idVideoclip,idAtor) Values(25,17);
INSERT INTO VideoclipAtor(idVideoclip,idAtor) Values(25,27);
INSERT INTO VideoclipAtor(idVideoclip,idAtor) Values(26,11);
INSERT INTO VideoclipAtor(idVideoclip,idAtor) Values(27,0);
INSERT INTO VideoclipAtor(idVideoclip,idAtor) Values(27,29);
INSERT INTO VideoclipAtor(idVideoclip,idAtor) Values(28,11);
INSERT INTO VideoclipAtor(idVideoclip,idAtor) Values(28,17);
INSERT INTO VideoclipAtor(idVideoclip,idAtor) Values(29,23);
INSERT INTO VideoclipAtor(idVideoclip,idAtor) Values(30,23);
INSERT INTO VideoclipAtor(idVideoclip,idAtor) Values(30,29);
INSERT INTO VideoclipAtor(idVideoclip,idAtor) Values(31,23);
INSERT INTO VideoclipAtor(idVideoclip,idAtor) Values(32,21);
INSERT INTO VideoclipAtor(idVideoclip,idAtor) Values(32,8);
INSERT INTO VideoclipAtor(idVideoclip,idAtor) Values(32,23);
INSERT INTO VideoclipAtor(idVideoclip,idAtor) Values(33,0);
INSERT INTO VideoclipAtor(idVideoclip,idAtor) Values(34,10);
INSERT INTO VideoclipAtor(idVideoclip,idAtor) Values(34,23);
INSERT INTO VideoclipAtor(idVideoclip,idAtor) Values(34,18);
INSERT INTO VideoclipAtor(idVideoclip,idAtor) Values(35,14);
INSERT INTO VideoclipAtor(idVideoclip,idAtor) Values(35,18);
INSERT INTO VideoclipAtor(idVideoclip,idAtor) Values(36,28);
INSERT INTO VideoclipAtor(idVideoclip,idAtor) Values(37,3);
INSERT INTO VideoclipAtor(idVideoclip,idAtor) Values(37,14);
INSERT INTO VideoclipAtor(idVideoclip,idAtor) Values(38,7);
INSERT INTO VideoclipAtor(idVideoclip,idAtor) Values(38,26);
INSERT INTO VideoclipAtor(idVideoclip,idAtor) Values(39,0);
INSERT INTO VideoclipAtor(idVideoclip,idAtor) Values(39,9);
INSERT INTO VideoclipAtor(idVideoclip,idAtor) Values(40,20);
INSERT INTO VideoclipAtor(idVideoclip,idAtor) Values(40,13);
INSERT INTO VideoclipAtor(idVideoclip,idAtor) Values(40,2);
INSERT INTO VideoclipAtor(idVideoclip,idAtor) Values(41,21);
INSERT INTO VideoclipAtor(idVideoclip,idAtor) Values(42,19);
INSERT INTO VideoclipAtor(idVideoclip,idAtor) Values(42,17);
INSERT INTO VideoclipAtor(idVideoclip,idAtor) Values(43,29);
INSERT INTO VideoclipAtor(idVideoclip,idAtor) Values(43,7);
INSERT INTO VideoclipAtor(idVideoclip,idAtor) Values(43,19);
INSERT INTO VideoclipAtor(idVideoclip,idAtor) Values(44,16);
INSERT INTO VideoclipAtor(idVideoclip,idAtor) Values(45,24);
INSERT INTO VideoclipAtor(idVideoclip,idAtor) Values(45,15);
INSERT INTO VideoclipAtor(idVideoclip,idAtor) Values(46,8);
INSERT INTO VideoclipAtor(idVideoclip,idAtor) Values(46,17);
INSERT INTO VideoclipAtor(idVideoclip,idAtor) Values(46,13);
INSERT INTO VideoclipAtor(idVideoclip,idAtor) Values(47,14);
INSERT INTO VideoclipAtor(idVideoclip,idAtor) Values(47,0);
INSERT INTO VideoclipAtor(idVideoclip,idAtor) Values(47,3);
INSERT INTO VideoclipAtor(idVideoclip,idAtor) Values(48,25);
INSERT INTO VideoclipAtor(idVideoclip,idAtor) Values(48,21);
INSERT INTO VideoclipAtor(idVideoclip,idAtor) Values(49,16);
INSERT INTO VideoclipAtor(idVideoclip,idAtor) Values(49,12);
INSERT INTO VideoclipAtor(idVideoclip,idAtor) Values(50,14);
INSERT INTO VideoclipAtor(idVideoclip,idAtor) Values(51,1);
INSERT INTO VideoclipAtor(idVideoclip,idAtor) Values(51,16);
INSERT INTO VideoclipAtor(idVideoclip,idAtor) Values(52,28);
INSERT INTO VideoclipAtor(idVideoclip,idAtor) Values(52,1);
INSERT INTO VideoclipAtor(idVideoclip,idAtor) Values(53,17);
INSERT INTO VideoclipAtor(idVideoclip,idAtor) Values(53,10);
INSERT INTO VideoclipAtor(idVideoclip,idAtor) Values(53,13);
INSERT INTO VideoclipAtor(idVideoclip,idAtor) Values(54,25);
INSERT INTO VideoclipAtor(idVideoclip,idAtor) Values(55,17);
INSERT INTO VideoclipAtor(idVideoclip,idAtor) Values(56,8);
INSERT INTO VideoclipAtor(idVideoclip,idAtor) Values(56,9);
INSERT INTO VideoclipAtor(idVideoclip,idAtor) Values(57,19);
INSERT INTO VideoclipAtor(idVideoclip,idAtor) Values(58,3);
INSERT INTO VideoclipAtor(idVideoclip,idAtor) Values(58,22);
INSERT INTO VideoclipAtor(idVideoclip,idAtor) Values(58,10);
INSERT INTO VideoclipAtor(idVideoclip,idAtor) Values(59,29);
INSERT INTO VideoclipAtor(idVideoclip,idAtor) Values(60,29);
INSERT INTO VideoclipAtor(idVideoclip,idAtor) Values(60,13);
INSERT INTO VideoclipAtor(idVideoclip,idAtor) Values(60,20);
INSERT INTO VideoclipAtor(idVideoclip,idAtor) Values(61,2);
INSERT INTO VideoclipAtor(idVideoclip,idAtor) Values(61,1);
INSERT INTO VideoclipAtor(idVideoclip,idAtor) Values(61,26);
INSERT INTO VideoclipAtor(idVideoclip,idAtor) Values(62,9);
INSERT INTO VideoclipAtor(idVideoclip,idAtor) Values(63,4);
INSERT INTO VideoclipAtor(idVideoclip,idAtor) Values(63,13);
INSERT INTO VideoclipAtor(idVideoclip,idAtor) Values(63,20);
INSERT INTO VideoclipAtor(idVideoclip,idAtor) Values(64,23);
INSERT INTO VideoclipAtor(idVideoclip,idAtor) Values(64,22);
INSERT INTO VideoclipAtor(idVideoclip,idAtor) Values(64,18);
INSERT INTO VideoclipAtor(idVideoclip,idAtor) Values(65,9);
INSERT INTO VideoclipAtor(idVideoclip,idAtor) Values(66,19);
INSERT INTO VideoclipAtor(idVideoclip,idAtor) Values(66,17);
INSERT INTO VideoclipAtor(idVideoclip,idAtor) Values(67,18);
INSERT INTO VideoclipAtor(idVideoclip,idAtor) Values(67,23);
INSERT INTO VideoclipAtor(idVideoclip,idAtor) Values(67,7);
INSERT INTO VideoclipAtor(idVideoclip,idAtor) Values(68,19);
INSERT INTO VideoclipAtor(idVideoclip,idAtor) Values(69,11);
INSERT INTO VideoclipAtor(idVideoclip,idAtor) Values(69,6);
INSERT INTO VideoclipAtor(idVideoclip,idAtor) Values(70,11);
INSERT INTO VideoclipAtor(idVideoclip,idAtor) Values(71,16);
INSERT INTO VideoclipAtor(idVideoclip,idAtor) Values(71,12);
INSERT INTO VideoclipAtor(idVideoclip,idAtor) Values(72,0);
INSERT INTO VideoclipAtor(idVideoclip,idAtor) Values(73,21);
INSERT INTO VideoclipAtor(idVideoclip,idAtor) Values(74,2);
INSERT INTO VideoclipAtor(idVideoclip,idAtor) Values(74,8);
INSERT INTO VideoclipAtor(idVideoclip,idAtor) Values(75,21);
INSERT INTO VideoclipAtor(idVideoclip,idAtor) Values(75,18);
INSERT INTO VideoclipAtor(idVideoclip,idAtor) Values(75,13);
INSERT INTO VideoclipAtor(idVideoclip,idAtor) Values(76,28);
INSERT INTO VideoclipAtor(idVideoclip,idAtor) Values(76,10);
INSERT INTO VideoclipAtor(idVideoclip,idAtor) Values(77,19);
INSERT INTO VideoclipAtor(idVideoclip,idAtor) Values(77,5);
INSERT INTO VideoclipAtor(idVideoclip,idAtor) Values(78,18);
INSERT INTO VideoclipAtor(idVideoclip,idAtor) Values(78,6);
INSERT INTO VideoclipAtor(idVideoclip,idAtor) Values(78,16);
INSERT INTO VideoclipAtor(idVideoclip,idAtor) Values(79,10);
INSERT INTO VideoclipAtor(idVideoclip,idAtor) Values(79,7);
INSERT INTO VideoclipAtor(idVideoclip,idAtor) Values(80,22);
INSERT INTO VideoclipAtor(idVideoclip,idAtor) Values(80,9);
INSERT INTO VideoclipAtor(idVideoclip,idAtor) Values(81,28);
INSERT INTO VideoclipAtor(idVideoclip,idAtor) Values(82,11);
INSERT INTO VideoclipAtor(idVideoclip,idAtor) Values(83,8);
INSERT INTO VideoclipAtor(idVideoclip,idAtor) Values(83,21);
INSERT INTO VideoclipAtor(idVideoclip,idAtor) Values(83,29);
INSERT INTO VideoclipAtor(idVideoclip,idAtor) Values(84,8);
INSERT INTO VideoclipAtor(idVideoclip,idAtor) Values(84,13);
INSERT INTO VideoclipAtor(idVideoclip,idAtor) Values(85,17);
INSERT INTO VideoclipAtor(idVideoclip,idAtor) Values(85,14);
INSERT INTO VideoclipAtor(idVideoclip,idAtor) Values(85,13);
INSERT INTO VideoclipAtor(idVideoclip,idAtor) Values(86,6);
INSERT INTO VideoclipAtor(idVideoclip,idAtor) Values(87,26);
INSERT INTO VideoclipAtor(idVideoclip,idAtor) Values(87,13);
INSERT INTO VideoclipAtor(idVideoclip,idAtor) Values(87,15);
INSERT INTO VideoclipAtor(idVideoclip,idAtor) Values(88,12);
INSERT INTO VideoclipAtor(idVideoclip,idAtor) Values(88,13);
INSERT INTO VideoclipAtor(idVideoclip,idAtor) Values(89,23);
INSERT INTO VideoclipAtor(idVideoclip,idAtor) Values(89,11);
INSERT INTO VideoclipAtor(idVideoclip,idAtor) Values(90,26);
INSERT INTO VideoclipAtor(idVideoclip,idAtor) Values(91,25);
INSERT INTO VideoclipAtor(idVideoclip,idAtor) Values(92,8);
INSERT INTO VideoclipAtor(idVideoclip,idAtor) Values(92,0);
INSERT INTO VideoclipAtor(idVideoclip,idAtor) Values(93,15);
INSERT INTO VideoclipAtor(idVideoclip,idAtor) Values(93,5);
INSERT INTO VideoclipAtor(idVideoclip,idAtor) Values(94,27);
INSERT INTO VideoclipAtor(idVideoclip,idAtor) Values(94,12);
INSERT INTO VideoclipAtor(idVideoclip,idAtor) Values(95,28);
INSERT INTO VideoclipAtor(idVideoclip,idAtor) Values(95,10);
INSERT INTO VideoclipAtor(idVideoclip,idAtor) Values(96,6);
INSERT INTO VideoclipAtor(idVideoclip,idAtor) Values(96,13);
INSERT INTO VideoclipAtor(idVideoclip,idAtor) Values(97,18);
INSERT INTO VideoclipAtor(idVideoclip,idAtor) Values(98,12);
INSERT INTO VideoclipAtor(idVideoclip,idAtor) Values(98,10);
INSERT INTO VideoclipAtor(idVideoclip,idAtor) Values(99,25);
INSERT INTO VideoclipAtor(idVideoclip,idAtor) Values(99,12);
INSERT INTO VideoclipAtor(idVideoclip,idAtor) Values(99,4);
INSERT INTO VideoclipAtor(idVideoclip,idAtor) Values(100,1);
INSERT INTO VideoclipAtor(idVideoclip,idAtor) Values(100,24);
INSERT INTO VideoclipAtor(idVideoclip,idAtor) Values(100,29);
INSERT INTO VideoclipAtor(idVideoclip,idAtor) Values(101,20);
INSERT INTO VideoclipAtor(idVideoclip,idAtor) Values(101,28);
INSERT INTO VideoclipAtor(idVideoclip,idAtor) Values(101,23);
INSERT INTO VideoclipAtor(idVideoclip,idAtor) Values(102,29);
INSERT INTO VideoclipAtor(idVideoclip,idAtor) Values(102,20);
INSERT INTO VideoclipAtor(idVideoclip,idAtor) Values(103,18);
INSERT INTO VideoclipAtor(idVideoclip,idAtor) Values(103,25);
INSERT INTO VideoclipAtor(idVideoclip,idAtor) Values(104,7);
INSERT INTO VideoclipAtor(idVideoclip,idAtor) Values(105,21);
INSERT INTO VideoclipAtor(idVideoclip,idAtor) Values(105,6);
INSERT INTO VideoclipAtor(idVideoclip,idAtor) Values(106,2);
INSERT INTO VideoclipAtor(idVideoclip,idAtor) Values(106,21);
INSERT INTO VideoclipAtor(idVideoclip,idAtor) Values(107,3);
INSERT INTO VideoclipAtor(idVideoclip,idAtor) Values(107,28);
INSERT INTO VideoclipAtor(idVideoclip,idAtor) Values(107,27);
INSERT INTO VideoclipAtor(idVideoclip,idAtor) Values(108,17);
INSERT INTO VideoclipAtor(idVideoclip,idAtor) Values(108,6);
INSERT INTO VideoclipAtor(idVideoclip,idAtor) Values(108,9);
INSERT INTO VideoclipAtor(idVideoclip,idAtor) Values(109,8);
INSERT INTO VideoclipAtor(idVideoclip,idAtor) Values(110,8);
INSERT INTO VideoclipAtor(idVideoclip,idAtor) Values(111,12);
INSERT INTO VideoclipAtor(idVideoclip,idAtor) Values(112,16);
INSERT INTO VideoclipAtor(idVideoclip,idAtor) Values(113,25);
INSERT INTO VideoclipAtor(idVideoclip,idAtor) Values(114,5);
INSERT INTO VideoclipAtor(idVideoclip,idAtor) Values(114,15);
INSERT INTO VideoclipAtor(idVideoclip,idAtor) Values(115,21);
INSERT INTO VideoclipAtor(idVideoclip,idAtor) Values(116,27);
INSERT INTO VideoclipAtor(idVideoclip,idAtor) Values(116,0);
INSERT INTO VideoclipAtor(idVideoclip,idAtor) Values(116,22);
INSERT INTO VideoclipAtor(idVideoclip,idAtor) Values(117,29);
INSERT INTO VideoclipAtor(idVideoclip,idAtor) Values(117,6);
INSERT INTO VideoclipAtor(idVideoclip,idAtor) Values(118,3);
INSERT INTO VideoclipAtor(idVideoclip,idAtor) Values(119,15);
INSERT INTO VideoclipAtor(idVideoclip,idAtor) Values(120,13);
INSERT INTO VideoclipAtor(idVideoclip,idAtor) Values(120,17);
INSERT INTO VideoclipAtor(idVideoclip,idAtor) Values(120,9);
INSERT INTO VideoclipAtor(idVideoclip,idAtor) Values(121,15);
INSERT INTO VideoclipAtor(idVideoclip,idAtor) Values(121,26);
INSERT INTO VideoclipAtor(idVideoclip,idAtor) Values(121,14);
INSERT INTO VideoclipAtor(idVideoclip,idAtor) Values(122,23);
INSERT INTO VideoclipAtor(idVideoclip,idAtor) Values(122,5);
INSERT INTO VideoclipAtor(idVideoclip,idAtor) Values(123,19);
INSERT INTO VideoclipAtor(idVideoclip,idAtor) Values(123,12);
INSERT INTO VideoclipAtor(idVideoclip,idAtor) Values(123,16);
INSERT INTO VideoclipAtor(idVideoclip,idAtor) Values(124,8);
INSERT INTO VideoclipAtor(idVideoclip,idAtor) Values(124,7);
INSERT INTO VideoclipAtor(idVideoclip,idAtor) Values(125,1);
INSERT INTO VideoclipAtor(idVideoclip,idAtor) Values(126,22);
INSERT INTO VideoclipAtor(idVideoclip,idAtor) Values(126,28);
INSERT INTO VideoclipAtor(idVideoclip,idAtor) Values(126,16);
INSERT INTO VideoclipAtor(idVideoclip,idAtor) Values(127,7);
INSERT INTO VideoclipAtor(idVideoclip,idAtor) Values(127,21);
INSERT INTO VideoclipAtor(idVideoclip,idAtor) Values(128,22);
INSERT INTO VideoclipAtor(idVideoclip,idAtor) Values(128,7);
INSERT INTO VideoclipAtor(idVideoclip,idAtor) Values(128,11);
INSERT INTO VideoclipAtor(idVideoclip,idAtor) Values(129,0);
INSERT INTO VideoclipAtor(idVideoclip,idAtor) Values(129,7);
INSERT INTO VideoclipAtor(idVideoclip,idAtor) Values(129,25);
INSERT INTO VideoclipAtor(idVideoclip,idAtor) Values(130,28);
INSERT INTO VideoclipAtor(idVideoclip,idAtor) Values(131,18);
INSERT INTO VideoclipAtor(idVideoclip,idAtor) Values(132,17);
INSERT INTO VideoclipAtor(idVideoclip,idAtor) Values(132,11);
INSERT INTO VideoclipAtor(idVideoclip,idAtor) Values(132,4);
INSERT INTO VideoclipAtor(idVideoclip,idAtor) Values(133,20);
INSERT INTO VideoclipAtor(idVideoclip,idAtor) Values(133,9);
INSERT INTO VideoclipAtor(idVideoclip,idAtor) Values(134,2);
INSERT INTO VideoclipAtor(idVideoclip,idAtor) Values(135,11);
INSERT INTO VideoclipAtor(idVideoclip,idAtor) Values(135,12);
INSERT INTO VideoclipAtor(idVideoclip,idAtor) Values(136,15);
INSERT INTO VideoclipAtor(idVideoclip,idAtor) Values(136,1);
INSERT INTO VideoclipAtor(idVideoclip,idAtor) Values(136,13);
INSERT INTO VideoclipAtor(idVideoclip,idAtor) Values(137,8);
INSERT INTO VideoclipAtor(idVideoclip,idAtor) Values(137,6);
INSERT INTO VideoclipAtor(idVideoclip,idAtor) Values(137,10);
INSERT INTO VideoclipAtor(idVideoclip,idAtor) Values(138,8);
INSERT INTO VideoclipAtor(idVideoclip,idAtor) Values(138,17);
INSERT INTO VideoclipAtor(idVideoclip,idAtor) Values(139,3);
INSERT INTO VideoclipAtor(idVideoclip,idAtor) Values(139,21);
INSERT INTO VideoclipAtor(idVideoclip,idAtor) Values(139,5);
INSERT INTO VideoclipAtor(idVideoclip,idAtor) Values(140,7);
INSERT INTO VideoclipAtor(idVideoclip,idAtor) Values(140,4);
INSERT INTO VideoclipAtor(idVideoclip,idAtor) Values(140,14);
INSERT INTO VideoclipAtor(idVideoclip,idAtor) Values(141,18);
INSERT INTO VideoclipAtor(idVideoclip,idAtor) Values(141,13);
INSERT INTO VideoclipAtor(idVideoclip,idAtor) Values(141,2);
INSERT INTO VideoclipAtor(idVideoclip,idAtor) Values(142,0);
INSERT INTO VideoclipAtor(idVideoclip,idAtor) Values(142,12);
INSERT INTO VideoclipAtor(idVideoclip,idAtor) Values(142,7);
INSERT INTO VideoclipAtor(idVideoclip,idAtor) Values(143,6);
INSERT INTO VideoclipAtor(idVideoclip,idAtor) Values(143,22);
INSERT INTO VideoclipAtor(idVideoclip,idAtor) Values(144,11);
INSERT INTO VideoclipAtor(idVideoclip,idAtor) Values(144,7);
INSERT INTO VideoclipAtor(idVideoclip,idAtor) Values(144,3);
INSERT INTO VideoclipAtor(idVideoclip,idAtor) Values(145,17);
INSERT INTO VideoclipAtor(idVideoclip,idAtor) Values(146,21);
INSERT INTO VideoclipAtor(idVideoclip,idAtor) Values(146,7);
INSERT INTO VideoclipAtor(idVideoclip,idAtor) Values(146,6);
INSERT INTO VideoclipAtor(idVideoclip,idAtor) Values(147,0);
INSERT INTO VideoclipAtor(idVideoclip,idAtor) Values(147,13);
INSERT INTO VideoclipAtor(idVideoclip,idAtor) Values(147,11);
INSERT INTO VideoclipAtor(idVideoclip,idAtor) Values(148,28);
INSERT INTO VideoclipAtor(idVideoclip,idAtor) Values(149,14);
INSERT INTO VideoclipAtor(idVideoclip,idAtor) Values(150,16);
INSERT INTO VideoclipAtor(idVideoclip,idAtor) Values(150,4);
INSERT INTO VideoclipAtor(idVideoclip,idAtor) Values(150,13);
INSERT INTO VideoclipAtor(idVideoclip,idAtor) Values(151,7);
INSERT INTO VideoclipAtor(idVideoclip,idAtor) Values(151,28);
INSERT INTO VideoclipAtor(idVideoclip,idAtor) Values(151,23);
INSERT INTO VideoclipAtor(idVideoclip,idAtor) Values(152,16);
INSERT INTO VideoclipAtor(idVideoclip,idAtor) Values(153,5);
INSERT INTO VideoclipAtor(idVideoclip,idAtor) Values(153,11);
INSERT INTO VideoclipAtor(idVideoclip,idAtor) Values(153,8);
INSERT INTO VideoclipAtor(idVideoclip,idAtor) Values(154,15);
INSERT INTO VideoclipAtor(idVideoclip,idAtor) Values(154,14);
INSERT INTO VideoclipAtor(idVideoclip,idAtor) Values(154,11);
INSERT INTO VideoclipAtor(idVideoclip,idAtor) Values(155,7);
INSERT INTO VideoclipAtor(idVideoclip,idAtor) Values(156,16);
INSERT INTO VideoclipAtor(idVideoclip,idAtor) Values(156,26);
INSERT INTO VideoclipAtor(idVideoclip,idAtor) Values(157,10);
INSERT INTO VideoclipAtor(idVideoclip,idAtor) Values(158,10);
INSERT INTO VideoclipAtor(idVideoclip,idAtor) Values(158,7);
INSERT INTO VideoclipAtor(idVideoclip,idAtor) Values(158,14);
INSERT INTO VideoclipAtor(idVideoclip,idAtor) Values(159,3);
INSERT INTO VideoclipAtor(idVideoclip,idAtor) Values(159,28);
INSERT INTO VideoclipAtor(idVideoclip,idAtor) Values(160,4);
INSERT INTO VideoclipAtor(idVideoclip,idAtor) Values(160,16);
INSERT INTO VideoclipAtor(idVideoclip,idAtor) Values(161,25);
INSERT INTO VideoclipAtor(idVideoclip,idAtor) Values(161,5);
INSERT INTO VideoclipAtor(idVideoclip,idAtor) Values(162,29);
INSERT INTO VideoclipAtor(idVideoclip,idAtor) Values(163,7);
INSERT INTO VideoclipAtor(idVideoclip,idAtor) Values(164,27);
INSERT INTO VideoclipAtor(idVideoclip,idAtor) Values(164,14);
INSERT INTO VideoclipAtor(idVideoclip,idAtor) Values(165,14);
INSERT INTO VideoclipAtor(idVideoclip,idAtor) Values(166,20);
INSERT INTO VideoclipAtor(idVideoclip,idAtor) Values(166,26);
INSERT INTO VideoclipAtor(idVideoclip,idAtor) Values(167,18);
INSERT INTO VideoclipAtor(idVideoclip,idAtor) Values(167,15);
INSERT INTO VideoclipAtor(idVideoclip,idAtor) Values(167,27);
INSERT INTO VideoclipAtor(idVideoclip,idAtor) Values(168,15);
INSERT INTO VideoclipAtor(idVideoclip,idAtor) Values(168,11);
INSERT INTO VideoclipAtor(idVideoclip,idAtor) Values(169,11);
INSERT INTO VideoclipAtor(idVideoclip,idAtor) Values(169,2);
INSERT INTO VideoclipAtor(idVideoclip,idAtor) Values(170,7);
INSERT INTO VideoclipAtor(idVideoclip,idAtor) Values(170,12);
INSERT INTO VideoclipAtor(idVideoclip,idAtor) Values(171,22);
INSERT INTO VideoclipAtor(idVideoclip,idAtor) Values(171,29);
INSERT INTO VideoclipAtor(idVideoclip,idAtor) Values(172,12);
INSERT INTO VideoclipAtor(idVideoclip,idAtor) Values(173,20);
INSERT INTO VideoclipAtor(idVideoclip,idAtor) Values(173,4);
INSERT INTO VideoclipAtor(idVideoclip,idAtor) Values(173,26);
INSERT INTO VideoclipAtor(idVideoclip,idAtor) Values(174,5);
INSERT INTO VideoclipAtor(idVideoclip,idAtor) Values(175,18);
INSERT INTO VideoclipAtor(idVideoclip,idAtor) Values(175,26);
INSERT INTO VideoclipAtor(idVideoclip,idAtor) Values(175,3);
INSERT INTO VideoclipAtor(idVideoclip,idAtor) Values(176,10);
INSERT INTO VideoclipAtor(idVideoclip,idAtor) Values(177,11);
INSERT INTO VideoclipAtor(idVideoclip,idAtor) Values(177,19);
INSERT INTO VideoclipAtor(idVideoclip,idAtor) Values(177,16);
INSERT INTO VideoclipAtor(idVideoclip,idAtor) Values(178,25);
INSERT INTO VideoclipAtor(idVideoclip,idAtor) Values(178,7);
INSERT INTO VideoclipAtor(idVideoclip,idAtor) Values(178,24);
INSERT INTO VideoclipAtor(idVideoclip,idAtor) Values(179,13);
INSERT INTO VideoclipAtor(idVideoclip,idAtor) Values(179,15);
INSERT INTO VideoclipAtor(idVideoclip,idAtor) Values(179,26);
INSERT INTO VideoclipAtor(idVideoclip,idAtor) Values(180,28);
INSERT INTO VideoclipAtor(idVideoclip,idAtor) Values(180,0);
INSERT INTO VideoclipAtor(idVideoclip,idAtor) Values(181,5);
INSERT INTO VideoclipAtor(idVideoclip,idAtor) Values(181,2);
INSERT INTO VideoclipAtor(idVideoclip,idAtor) Values(181,8);
INSERT INTO VideoclipAtor(idVideoclip,idAtor) Values(182,7);
INSERT INTO VideoclipAtor(idVideoclip,idAtor) Values(182,29);
INSERT INTO VideoclipAtor(idVideoclip,idAtor) Values(183,24);
INSERT INTO VideoclipAtor(idVideoclip,idAtor) Values(183,22);
INSERT INTO VideoclipAtor(idVideoclip,idAtor) Values(183,5);
INSERT INTO VideoclipAtor(idVideoclip,idAtor) Values(184,25);
INSERT INTO VideoclipAtor(idVideoclip,idAtor) Values(184,28);
INSERT INTO VideoclipAtor(idVideoclip,idAtor) Values(184,6);
INSERT INTO VideoclipAtor(idVideoclip,idAtor) Values(185,9);
INSERT INTO VideoclipAtor(idVideoclip,idAtor) Values(185,15);
INSERT INTO VideoclipAtor(idVideoclip,idAtor) Values(186,4);
INSERT INTO VideoclipAtor(idVideoclip,idAtor) Values(186,2);
INSERT INTO VideoclipAtor(idVideoclip,idAtor) Values(187,24);
INSERT INTO VideoclipAtor(idVideoclip,idAtor) Values(187,21);
INSERT INTO VideoclipAtor(idVideoclip,idAtor) Values(188,26);
INSERT INTO VideoclipAtor(idVideoclip,idAtor) Values(188,5);
INSERT INTO VideoclipAtor(idVideoclip,idAtor) Values(188,9);
INSERT INTO VideoclipAtor(idVideoclip,idAtor) Values(189,9);
INSERT INTO VideoclipAtor(idVideoclip,idAtor) Values(189,25);
INSERT INTO VideoclipAtor(idVideoclip,idAtor) Values(190,22);
INSERT INTO VideoclipAtor(idVideoclip,idAtor) Values(190,24);
INSERT INTO VideoclipAtor(idVideoclip,idAtor) Values(191,0);
INSERT INTO VideoclipAtor(idVideoclip,idAtor) Values(192,12);
INSERT INTO VideoclipAtor(idVideoclip,idAtor) Values(192,25);
INSERT INTO VideoclipAtor(idVideoclip,idAtor) Values(193,14);
INSERT INTO VideoclipAtor(idVideoclip,idAtor) Values(194,24);
INSERT INTO VideoclipAtor(idVideoclip,idAtor) Values(195,4);
INSERT INTO VideoclipAtor(idVideoclip,idAtor) Values(195,24);
INSERT INTO VideoclipAtor(idVideoclip,idAtor) Values(195,14);
INSERT INTO VideoclipAtor(idVideoclip,idAtor) Values(196,8);
INSERT INTO VideoclipAtor(idVideoclip,idAtor) Values(197,20);
INSERT INTO VideoclipAtor(idVideoclip,idAtor) Values(197,21);
INSERT INTO VideoclipAtor(idVideoclip,idAtor) Values(198,3);
INSERT INTO VideoclipAtor(idVideoclip,idAtor) Values(198,27);
INSERT INTO VideoclipAtor(idVideoclip,idAtor) Values(199,9);
INSERT INTO VideoclipAtor(idVideoclip,idAtor) Values(200,28);
INSERT INTO VideoclipAtor(idVideoclip,idAtor) Values(201,17);
INSERT INTO VideoclipAtor(idVideoclip,idAtor) Values(201,9);
INSERT INTO VideoclipAtor(idVideoclip,idAtor) Values(201,1);
INSERT INTO VideoclipAtor(idVideoclip,idAtor) Values(202,24);
INSERT INTO VideoclipAtor(idVideoclip,idAtor) Values(202,20);
INSERT INTO VideoclipAtor(idVideoclip,idAtor) Values(202,2);
INSERT INTO VideoclipAtor(idVideoclip,idAtor) Values(203,12);
INSERT INTO VideoclipAtor(idVideoclip,idAtor) Values(203,9);
INSERT INTO VideoclipAtor(idVideoclip,idAtor) Values(203,23);
INSERT INTO VideoclipAtor(idVideoclip,idAtor) Values(204,14);
INSERT INTO VideoclipAtor(idVideoclip,idAtor) Values(204,13);
INSERT INTO VideoclipAtor(idVideoclip,idAtor) Values(205,10);
INSERT INTO VideoclipAtor(idVideoclip,idAtor) Values(205,22);
INSERT INTO VideoclipAtor(idVideoclip,idAtor) Values(206,26);
INSERT INTO VideoclipAtor(idVideoclip,idAtor) Values(206,12);
INSERT INTO VideoclipAtor(idVideoclip,idAtor) Values(206,6);
INSERT INTO VideoclipAtor(idVideoclip,idAtor) Values(207,15);
INSERT INTO VideoclipAtor(idVideoclip,idAtor) Values(207,29);
INSERT INTO VideoclipAtor(idVideoclip,idAtor) Values(207,27);
INSERT INTO VideoclipAtor(idVideoclip,idAtor) Values(208,16);
INSERT INTO VideoclipAtor(idVideoclip,idAtor) Values(209,19);
INSERT INTO VideoclipAtor(idVideoclip,idAtor) Values(209,14);
INSERT INTO VideoclipAtor(idVideoclip,idAtor) Values(209,16);
INSERT INTO VideoclipAtor(idVideoclip,idAtor) Values(210,25);
INSERT INTO VideoclipAtor(idVideoclip,idAtor) Values(210,21);
INSERT INTO VideoclipAtor(idVideoclip,idAtor) Values(210,13);
INSERT INTO VideoclipAtor(idVideoclip,idAtor) Values(211,27);
INSERT INTO VideoclipAtor(idVideoclip,idAtor) Values(211,2);
INSERT INTO VideoclipAtor(idVideoclip,idAtor) Values(212,15);
INSERT INTO VideoclipAtor(idVideoclip,idAtor) Values(213,5);
INSERT INTO VideoclipAtor(idVideoclip,idAtor) Values(213,28);
INSERT INTO VideoclipAtor(idVideoclip,idAtor) Values(214,13);
INSERT INTO VideoclipAtor(idVideoclip,idAtor) Values(215,14);
INSERT INTO VideoclipAtor(idVideoclip,idAtor) Values(215,6);
INSERT INTO VideoclipAtor(idVideoclip,idAtor) Values(216,17);
INSERT INTO VideoclipAtor(idVideoclip,idAtor) Values(216,14);
INSERT INTO VideoclipAtor(idVideoclip,idAtor) Values(216,7);
INSERT INTO VideoclipAtor(idVideoclip,idAtor) Values(217,5);
INSERT INTO VideoclipAtor(idVideoclip,idAtor) Values(217,4);
INSERT INTO VideoclipAtor(idVideoclip,idAtor) Values(218,10);
INSERT INTO VideoclipAtor(idVideoclip,idAtor) Values(219,16);
INSERT INTO VideoclipAtor(idVideoclip,idAtor) Values(219,9);
INSERT INTO VideoclipAtor(idVideoclip,idAtor) Values(219,15);
INSERT INTO VideoclipAtor(idVideoclip,idAtor) Values(220,15);
INSERT INTO VideoclipAtor(idVideoclip,idAtor) Values(220,1);
INSERT INTO VideoclipAtor(idVideoclip,idAtor) Values(220,0);
INSERT INTO VideoclipAtor(idVideoclip,idAtor) Values(221,19);
INSERT INTO VideoclipAtor(idVideoclip,idAtor) Values(222,8);
INSERT INTO VideoclipAtor(idVideoclip,idAtor) Values(222,13);
INSERT INTO VideoclipAtor(idVideoclip,idAtor) Values(223,16);
INSERT INTO VideoclipAtor(idVideoclip,idAtor) Values(224,25);
INSERT INTO VideoclipAtor(idVideoclip,idAtor) Values(225,8);
INSERT INTO VideoclipAtor(idVideoclip,idAtor) Values(225,3);
INSERT INTO VideoclipAtor(idVideoclip,idAtor) Values(225,7);
INSERT INTO VideoclipAtor(idVideoclip,idAtor) Values(226,22);
INSERT INTO VideoclipAtor(idVideoclip,idAtor) Values(226,10);
INSERT INTO VideoclipAtor(idVideoclip,idAtor) Values(227,10);
INSERT INTO VideoclipAtor(idVideoclip,idAtor) Values(227,23);
INSERT INTO VideoclipAtor(idVideoclip,idAtor) Values(227,11);
INSERT INTO VideoclipAtor(idVideoclip,idAtor) Values(228,28);
INSERT INTO VideoclipAtor(idVideoclip,idAtor) Values(228,17);
INSERT INTO VideoclipAtor(idVideoclip,idAtor) Values(228,4);
INSERT INTO VideoclipAtor(idVideoclip,idAtor) Values(229,1);
INSERT INTO VideoclipAtor(idVideoclip,idAtor) Values(229,7);
INSERT INTO VideoclipAtor(idVideoclip,idAtor) Values(230,25);
INSERT INTO VideoclipAtor(idVideoclip,idAtor) Values(230,17);
INSERT INTO VideoclipAtor(idVideoclip,idAtor) Values(230,12);
INSERT INTO VideoclipAtor(idVideoclip,idAtor) Values(231,24);
INSERT INTO VideoclipAtor(idVideoclip,idAtor) Values(232,28);
INSERT INTO VideoclipAtor(idVideoclip,idAtor) Values(232,24);
INSERT INTO VideoclipAtor(idVideoclip,idAtor) Values(232,11);
INSERT INTO VideoclipAtor(idVideoclip,idAtor) Values(233,12);
INSERT INTO VideoclipAtor(idVideoclip,idAtor) Values(233,17);
INSERT INTO VideoclipAtor(idVideoclip,idAtor) Values(234,14);
INSERT INTO VideoclipAtor(idVideoclip,idAtor) Values(234,9);
INSERT INTO VideoclipAtor(idVideoclip,idAtor) Values(234,10);
INSERT INTO VideoclipAtor(idVideoclip,idAtor) Values(235,3);
INSERT INTO VideoclipAtor(idVideoclip,idAtor) Values(236,26);
INSERT INTO VideoclipAtor(idVideoclip,idAtor) Values(236,23);
INSERT INTO VideoclipAtor(idVideoclip,idAtor) Values(236,27);
INSERT INTO VideoclipAtor(idVideoclip,idAtor) Values(237,7);
INSERT INTO VideoclipAtor(idVideoclip,idAtor) Values(237,13);
INSERT INTO VideoclipAtor(idVideoclip,idAtor) Values(237,18);
INSERT INTO VideoclipAtor(idVideoclip,idAtor) Values(238,28);
INSERT INTO VideoclipAtor(idVideoclip,idAtor) Values(239,21);
INSERT INTO VideoclipAtor(idVideoclip,idAtor) Values(239,9);
INSERT INTO VideoclipAtor(idVideoclip,idAtor) Values(239,28);
INSERT INTO VideoclipAtor(idVideoclip,idAtor) Values(240,15);
INSERT INTO VideoclipAtor(idVideoclip,idAtor) Values(240,29);
INSERT INTO VideoclipAtor(idVideoclip,idAtor) Values(241,4);
INSERT INTO VideoclipAtor(idVideoclip,idAtor) Values(241,14);
INSERT INTO VideoclipAtor(idVideoclip,idAtor) Values(242,2);
INSERT INTO VideoclipAtor(idVideoclip,idAtor) Values(242,3);
INSERT INTO VideoclipAtor(idVideoclip,idAtor) Values(243,9);
INSERT INTO VideoclipAtor(idVideoclip,idAtor) Values(243,17);
INSERT INTO VideoclipAtor(idVideoclip,idAtor) Values(244,0);
INSERT INTO VideoclipAtor(idVideoclip,idAtor) Values(244,7);
INSERT INTO VideoclipAtor(idVideoclip,idAtor) Values(245,23);
INSERT INTO VideoclipAtor(idVideoclip,idAtor) Values(245,14);
INSERT INTO VideoclipAtor(idVideoclip,idAtor) Values(246,15);
INSERT INTO VideoclipAtor(idVideoclip,idAtor) Values(246,1);
INSERT INTO VideoclipAtor(idVideoclip,idAtor) Values(246,24);
INSERT INTO VideoclipAtor(idVideoclip,idAtor) Values(247,1);
INSERT INTO VideoclipAtor(idVideoclip,idAtor) Values(247,19);
INSERT INTO VideoclipAtor(idVideoclip,idAtor) Values(248,14);
INSERT INTO VideoclipAtor(idVideoclip,idAtor) Values(249,20);
INSERT INTO VideoclipAtor(idVideoclip,idAtor) Values(249,19);
INSERT INTO VideoclipAtor(idVideoclip,idAtor) Values(249,6);
INSERT INTO VideoclipAtor(idVideoclip,idAtor) Values(250,8);
INSERT INTO VideoclipAtor(idVideoclip,idAtor) Values(250,25);
INSERT INTO VideoclipAtor(idVideoclip,idAtor) Values(250,26);
INSERT INTO VideoclipAtor(idVideoclip,idAtor) Values(251,21);
INSERT INTO VideoclipAtor(idVideoclip,idAtor) Values(252,6);
INSERT INTO VideoclipAtor(idVideoclip,idAtor) Values(252,4);
INSERT INTO VideoclipAtor(idVideoclip,idAtor) Values(252,14);
INSERT INTO VideoclipAtor(idVideoclip,idAtor) Values(253,8);
INSERT INTO VideoclipAtor(idVideoclip,idAtor) Values(253,5);
INSERT INTO VideoclipAtor(idVideoclip,idAtor) Values(253,9);
INSERT INTO VideoclipAtor(idVideoclip,idAtor) Values(254,29);
INSERT INTO VideoclipAtor(idVideoclip,idAtor) Values(255,27);
INSERT INTO VideoclipAtor(idVideoclip,idAtor) Values(256,26);
INSERT INTO VideoclipAtor(idVideoclip,idAtor) Values(257,11);
INSERT INTO VideoclipAtor(idVideoclip,idAtor) Values(258,21);
INSERT INTO VideoclipAtor(idVideoclip,idAtor) Values(258,14);
INSERT INTO VideoclipAtor(idVideoclip,idAtor) Values(258,28);
INSERT INTO VideoclipAtor(idVideoclip,idAtor) Values(259,26);
INSERT INTO VideoclipAtor(idVideoclip,idAtor) Values(259,1);
INSERT INTO VideoclipAtor(idVideoclip,idAtor) Values(259,8);
INSERT INTO VideoclipAtor(idVideoclip,idAtor) Values(260,11);
INSERT INTO VideoclipAtor(idVideoclip,idAtor) Values(260,12);
INSERT INTO VideoclipAtor(idVideoclip,idAtor) Values(261,11);
INSERT INTO VideoclipAtor(idVideoclip,idAtor) Values(261,1);
INSERT INTO VideoclipAtor(idVideoclip,idAtor) Values(261,16);
INSERT INTO VideoclipAtor(idVideoclip,idAtor) Values(262,16);
INSERT INTO VideoclipAtor(idVideoclip,idAtor) Values(262,21);
INSERT INTO VideoclipAtor(idVideoclip,idAtor) Values(263,3);
INSERT INTO VideoclipAtor(idVideoclip,idAtor) Values(263,13);
INSERT INTO VideoclipAtor(idVideoclip,idAtor) Values(264,21);
INSERT INTO VideoclipAtor(idVideoclip,idAtor) Values(264,25);
INSERT INTO VideoclipAtor(idVideoclip,idAtor) Values(265,29);
INSERT INTO VideoclipAtor(idVideoclip,idAtor) Values(265,21);
INSERT INTO VideoclipAtor(idVideoclip,idAtor) Values(265,2);
INSERT INTO VideoclipAtor(idVideoclip,idAtor) Values(266,18);
INSERT INTO VideoclipAtor(idVideoclip,idAtor) Values(267,28);
INSERT INTO VideoclipAtor(idVideoclip,idAtor) Values(267,6);
INSERT INTO VideoclipAtor(idVideoclip,idAtor) Values(267,17);
INSERT INTO VideoclipAtor(idVideoclip,idAtor) Values(268,3);
INSERT INTO VideoclipAtor(idVideoclip,idAtor) Values(268,0);
INSERT INTO VideoclipAtor(idVideoclip,idAtor) Values(269,16);
INSERT INTO VideoclipAtor(idVideoclip,idAtor) Values(269,12);
INSERT INTO VideoclipAtor(idVideoclip,idAtor) Values(270,1);
INSERT INTO VideoclipAtor(idVideoclip,idAtor) Values(271,28);
INSERT INTO VideoclipAtor(idVideoclip,idAtor) Values(271,18);
INSERT INTO VideoclipAtor(idVideoclip,idAtor) Values(272,2);
INSERT INTO VideoclipAtor(idVideoclip,idAtor) Values(272,24);
INSERT INTO VideoclipAtor(idVideoclip,idAtor) Values(273,25);
INSERT INTO VideoclipAtor(idVideoclip,idAtor) Values(273,27);
INSERT INTO VideoclipAtor(idVideoclip,idAtor) Values(274,9);
INSERT INTO VideoclipAtor(idVideoclip,idAtor) Values(274,22);
INSERT INTO VideoclipAtor(idVideoclip,idAtor) Values(274,27);
INSERT INTO VideoclipAtor(idVideoclip,idAtor) Values(275,28);
INSERT INTO VideoclipAtor(idVideoclip,idAtor) Values(276,24);
INSERT INTO VideoclipAtor(idVideoclip,idAtor) Values(277,11);
INSERT INTO VideoclipAtor(idVideoclip,idAtor) Values(277,3);
INSERT INTO VideoclipAtor(idVideoclip,idAtor) Values(278,23);
INSERT INTO VideoclipAtor(idVideoclip,idAtor) Values(278,2);
INSERT INTO VideoclipAtor(idVideoclip,idAtor) Values(279,3);
INSERT INTO VideoclipAtor(idVideoclip,idAtor) Values(280,18);
INSERT INTO VideoclipAtor(idVideoclip,idAtor) Values(280,17);
INSERT INTO VideoclipAtor(idVideoclip,idAtor) Values(281,7);
INSERT INTO VideoclipAtor(idVideoclip,idAtor) Values(281,11);
INSERT INTO VideoclipAtor(idVideoclip,idAtor) Values(282,10);
INSERT INTO VideoclipAtor(idVideoclip,idAtor) Values(283,9);
INSERT INTO VideoclipAtor(idVideoclip,idAtor) Values(283,22);
INSERT INTO VideoclipAtor(idVideoclip,idAtor) Values(284,15);
INSERT INTO VideoclipAtor(idVideoclip,idAtor) Values(284,18);
INSERT INTO VideoclipAtor(idVideoclip,idAtor) Values(284,25);
INSERT INTO VideoclipAtor(idVideoclip,idAtor) Values(285,9);
INSERT INTO VideoclipAtor(idVideoclip,idAtor) Values(286,0);
INSERT INTO VideoclipAtor(idVideoclip,idAtor) Values(286,13);
INSERT INTO VideoclipAtor(idVideoclip,idAtor) Values(286,6);
INSERT INTO VideoclipAtor(idVideoclip,idAtor) Values(287,5);
INSERT INTO VideoclipAtor(idVideoclip,idAtor) Values(287,23);
INSERT INTO VideoclipAtor(idVideoclip,idAtor) Values(288,13);
INSERT INTO VideoclipAtor(idVideoclip,idAtor) Values(288,27);
INSERT INTO VideoclipAtor(idVideoclip,idAtor) Values(289,11);
INSERT INTO VideoclipAtor(idVideoclip,idAtor) Values(289,28);
INSERT INTO VideoclipAtor(idVideoclip,idAtor) Values(289,13);
INSERT INTO VideoclipAtor(idVideoclip,idAtor) Values(290,4);
INSERT INTO VideoclipAtor(idVideoclip,idAtor) Values(290,23);
-- Table: VideoclipProdutor
INSERT INTO VideoclipProdutor(idVideoclip,idProdutor) Values(0,2);
INSERT INTO VideoclipProdutor(idVideoclip,idProdutor) Values(1,29);
INSERT INTO VideoclipProdutor(idVideoclip,idProdutor) Values(1,22);
INSERT INTO VideoclipProdutor(idVideoclip,idProdutor) Values(1,23);
INSERT INTO VideoclipProdutor(idVideoclip,idProdutor) Values(2,1);
INSERT INTO VideoclipProdutor(idVideoclip,idProdutor) Values(3,11);
INSERT INTO VideoclipProdutor(idVideoclip,idProdutor) Values(3,26);
INSERT INTO VideoclipProdutor(idVideoclip,idProdutor) Values(4,8);
INSERT INTO VideoclipProdutor(idVideoclip,idProdutor) Values(4,29);
INSERT INTO VideoclipProdutor(idVideoclip,idProdutor) Values(4,27);
INSERT INTO VideoclipProdutor(idVideoclip,idProdutor) Values(5,12);
INSERT INTO VideoclipProdutor(idVideoclip,idProdutor) Values(5,13);
INSERT INTO VideoclipProdutor(idVideoclip,idProdutor) Values(6,0);
INSERT INTO VideoclipProdutor(idVideoclip,idProdutor) Values(6,20);
INSERT INTO VideoclipProdutor(idVideoclip,idProdutor) Values(6,11);
INSERT INTO VideoclipProdutor(idVideoclip,idProdutor) Values(7,6);
INSERT INTO VideoclipProdutor(idVideoclip,idProdutor) Values(8,14);
INSERT INTO VideoclipProdutor(idVideoclip,idProdutor) Values(9,16);
INSERT INTO VideoclipProdutor(idVideoclip,idProdutor) Values(9,22);
INSERT INTO VideoclipProdutor(idVideoclip,idProdutor) Values(10,23);
INSERT INTO VideoclipProdutor(idVideoclip,idProdutor) Values(10,3);
INSERT INTO VideoclipProdutor(idVideoclip,idProdutor) Values(10,7);
INSERT INTO VideoclipProdutor(idVideoclip,idProdutor) Values(11,3);
INSERT INTO VideoclipProdutor(idVideoclip,idProdutor) Values(12,1);
INSERT INTO VideoclipProdutor(idVideoclip,idProdutor) Values(12,11);
INSERT INTO VideoclipProdutor(idVideoclip,idProdutor) Values(12,7);
INSERT INTO VideoclipProdutor(idVideoclip,idProdutor) Values(13,12);
INSERT INTO VideoclipProdutor(idVideoclip,idProdutor) Values(13,5);
INSERT INTO VideoclipProdutor(idVideoclip,idProdutor) Values(14,0);
INSERT INTO VideoclipProdutor(idVideoclip,idProdutor) Values(14,12);
INSERT INTO VideoclipProdutor(idVideoclip,idProdutor) Values(14,15);
INSERT INTO VideoclipProdutor(idVideoclip,idProdutor) Values(15,11);
INSERT INTO VideoclipProdutor(idVideoclip,idProdutor) Values(15,27);
INSERT INTO VideoclipProdutor(idVideoclip,idProdutor) Values(16,21);
INSERT INTO VideoclipProdutor(idVideoclip,idProdutor) Values(17,13);
INSERT INTO VideoclipProdutor(idVideoclip,idProdutor) Values(17,14);
INSERT INTO VideoclipProdutor(idVideoclip,idProdutor) Values(17,25);
INSERT INTO VideoclipProdutor(idVideoclip,idProdutor) Values(18,26);
INSERT INTO VideoclipProdutor(idVideoclip,idProdutor) Values(18,22);
INSERT INTO VideoclipProdutor(idVideoclip,idProdutor) Values(19,7);
INSERT INTO VideoclipProdutor(idVideoclip,idProdutor) Values(19,21);
INSERT INTO VideoclipProdutor(idVideoclip,idProdutor) Values(20,1);
INSERT INTO VideoclipProdutor(idVideoclip,idProdutor) Values(21,28);
INSERT INTO VideoclipProdutor(idVideoclip,idProdutor) Values(21,9);
INSERT INTO VideoclipProdutor(idVideoclip,idProdutor) Values(22,15);
INSERT INTO VideoclipProdutor(idVideoclip,idProdutor) Values(23,22);
INSERT INTO VideoclipProdutor(idVideoclip,idProdutor) Values(24,25);
INSERT INTO VideoclipProdutor(idVideoclip,idProdutor) Values(24,27);
INSERT INTO VideoclipProdutor(idVideoclip,idProdutor) Values(24,22);
INSERT INTO VideoclipProdutor(idVideoclip,idProdutor) Values(25,14);
INSERT INTO VideoclipProdutor(idVideoclip,idProdutor) Values(25,21);
INSERT INTO VideoclipProdutor(idVideoclip,idProdutor) Values(25,16);
INSERT INTO VideoclipProdutor(idVideoclip,idProdutor) Values(26,24);
INSERT INTO VideoclipProdutor(idVideoclip,idProdutor) Values(26,27);
INSERT INTO VideoclipProdutor(idVideoclip,idProdutor) Values(26,26);
INSERT INTO VideoclipProdutor(idVideoclip,idProdutor) Values(27,1);
INSERT INTO VideoclipProdutor(idVideoclip,idProdutor) Values(28,26);
INSERT INTO VideoclipProdutor(idVideoclip,idProdutor) Values(29,27);
INSERT INTO VideoclipProdutor(idVideoclip,idProdutor) Values(30,27);
INSERT INTO VideoclipProdutor(idVideoclip,idProdutor) Values(30,16);
INSERT INTO VideoclipProdutor(idVideoclip,idProdutor) Values(30,20);
INSERT INTO VideoclipProdutor(idVideoclip,idProdutor) Values(31,18);
INSERT INTO VideoclipProdutor(idVideoclip,idProdutor) Values(31,10);
INSERT INTO VideoclipProdutor(idVideoclip,idProdutor) Values(31,16);
INSERT INTO VideoclipProdutor(idVideoclip,idProdutor) Values(32,17);
INSERT INTO VideoclipProdutor(idVideoclip,idProdutor) Values(32,3);
INSERT INTO VideoclipProdutor(idVideoclip,idProdutor) Values(33,8);
INSERT INTO VideoclipProdutor(idVideoclip,idProdutor) Values(33,24);
INSERT INTO VideoclipProdutor(idVideoclip,idProdutor) Values(33,29);
INSERT INTO VideoclipProdutor(idVideoclip,idProdutor) Values(34,1);
INSERT INTO VideoclipProdutor(idVideoclip,idProdutor) Values(35,27);
INSERT INTO VideoclipProdutor(idVideoclip,idProdutor) Values(35,24);
INSERT INTO VideoclipProdutor(idVideoclip,idProdutor) Values(35,4);
INSERT INTO VideoclipProdutor(idVideoclip,idProdutor) Values(36,23);
INSERT INTO VideoclipProdutor(idVideoclip,idProdutor) Values(37,0);
INSERT INTO VideoclipProdutor(idVideoclip,idProdutor) Values(37,6);
INSERT INTO VideoclipProdutor(idVideoclip,idProdutor) Values(37,8);
INSERT INTO VideoclipProdutor(idVideoclip,idProdutor) Values(38,28);
INSERT INTO VideoclipProdutor(idVideoclip,idProdutor) Values(39,16);
INSERT INTO VideoclipProdutor(idVideoclip,idProdutor) Values(39,27);
INSERT INTO VideoclipProdutor(idVideoclip,idProdutor) Values(39,10);
INSERT INTO VideoclipProdutor(idVideoclip,idProdutor) Values(40,25);
INSERT INTO VideoclipProdutor(idVideoclip,idProdutor) Values(41,4);
INSERT INTO VideoclipProdutor(idVideoclip,idProdutor) Values(41,16);
INSERT INTO VideoclipProdutor(idVideoclip,idProdutor) Values(42,21);
INSERT INTO VideoclipProdutor(idVideoclip,idProdutor) Values(42,1);
INSERT INTO VideoclipProdutor(idVideoclip,idProdutor) Values(42,15);
INSERT INTO VideoclipProdutor(idVideoclip,idProdutor) Values(43,13);
INSERT INTO VideoclipProdutor(idVideoclip,idProdutor) Values(43,0);
INSERT INTO VideoclipProdutor(idVideoclip,idProdutor) Values(44,19);
INSERT INTO VideoclipProdutor(idVideoclip,idProdutor) Values(45,28);
INSERT INTO VideoclipProdutor(idVideoclip,idProdutor) Values(46,12);
INSERT INTO VideoclipProdutor(idVideoclip,idProdutor) Values(46,7);
INSERT INTO VideoclipProdutor(idVideoclip,idProdutor) Values(46,27);
INSERT INTO VideoclipProdutor(idVideoclip,idProdutor) Values(47,16);
INSERT INTO VideoclipProdutor(idVideoclip,idProdutor) Values(47,0);
INSERT INTO VideoclipProdutor(idVideoclip,idProdutor) Values(48,2);
INSERT INTO VideoclipProdutor(idVideoclip,idProdutor) Values(49,26);
INSERT INTO VideoclipProdutor(idVideoclip,idProdutor) Values(49,28);
INSERT INTO VideoclipProdutor(idVideoclip,idProdutor) Values(50,17);
INSERT INTO VideoclipProdutor(idVideoclip,idProdutor) Values(50,7);
INSERT INTO VideoclipProdutor(idVideoclip,idProdutor) Values(51,21);
INSERT INTO VideoclipProdutor(idVideoclip,idProdutor) Values(51,14);
INSERT INTO VideoclipProdutor(idVideoclip,idProdutor) Values(52,1);
INSERT INTO VideoclipProdutor(idVideoclip,idProdutor) Values(53,26);
INSERT INTO VideoclipProdutor(idVideoclip,idProdutor) Values(54,2);
INSERT INTO VideoclipProdutor(idVideoclip,idProdutor) Values(55,20);
INSERT INTO VideoclipProdutor(idVideoclip,idProdutor) Values(55,22);
INSERT INTO VideoclipProdutor(idVideoclip,idProdutor) Values(56,3);
INSERT INTO VideoclipProdutor(idVideoclip,idProdutor) Values(57,20);
INSERT INTO VideoclipProdutor(idVideoclip,idProdutor) Values(58,29);
INSERT INTO VideoclipProdutor(idVideoclip,idProdutor) Values(58,7);
INSERT INTO VideoclipProdutor(idVideoclip,idProdutor) Values(58,9);
INSERT INTO VideoclipProdutor(idVideoclip,idProdutor) Values(59,5);
INSERT INTO VideoclipProdutor(idVideoclip,idProdutor) Values(59,10);
INSERT INTO VideoclipProdutor(idVideoclip,idProdutor) Values(60,15);
INSERT INTO VideoclipProdutor(idVideoclip,idProdutor) Values(60,12);
INSERT INTO VideoclipProdutor(idVideoclip,idProdutor) Values(61,26);
INSERT INTO VideoclipProdutor(idVideoclip,idProdutor) Values(61,2);
INSERT INTO VideoclipProdutor(idVideoclip,idProdutor) Values(61,20);
INSERT INTO VideoclipProdutor(idVideoclip,idProdutor) Values(62,17);
INSERT INTO VideoclipProdutor(idVideoclip,idProdutor) Values(62,23);
INSERT INTO VideoclipProdutor(idVideoclip,idProdutor) Values(62,22);
INSERT INTO VideoclipProdutor(idVideoclip,idProdutor) Values(63,12);
INSERT INTO VideoclipProdutor(idVideoclip,idProdutor) Values(63,14);
INSERT INTO VideoclipProdutor(idVideoclip,idProdutor) Values(63,28);
INSERT INTO VideoclipProdutor(idVideoclip,idProdutor) Values(64,0);
INSERT INTO VideoclipProdutor(idVideoclip,idProdutor) Values(64,2);
INSERT INTO VideoclipProdutor(idVideoclip,idProdutor) Values(64,8);
INSERT INTO VideoclipProdutor(idVideoclip,idProdutor) Values(65,2);
INSERT INTO VideoclipProdutor(idVideoclip,idProdutor) Values(66,13);
INSERT INTO VideoclipProdutor(idVideoclip,idProdutor) Values(66,4);
INSERT INTO VideoclipProdutor(idVideoclip,idProdutor) Values(67,16);
INSERT INTO VideoclipProdutor(idVideoclip,idProdutor) Values(67,12);
INSERT INTO VideoclipProdutor(idVideoclip,idProdutor) Values(68,16);
INSERT INTO VideoclipProdutor(idVideoclip,idProdutor) Values(68,9);
INSERT INTO VideoclipProdutor(idVideoclip,idProdutor) Values(68,5);
INSERT INTO VideoclipProdutor(idVideoclip,idProdutor) Values(69,4);
INSERT INTO VideoclipProdutor(idVideoclip,idProdutor) Values(69,17);
INSERT INTO VideoclipProdutor(idVideoclip,idProdutor) Values(70,9);
INSERT INTO VideoclipProdutor(idVideoclip,idProdutor) Values(71,0);
INSERT INTO VideoclipProdutor(idVideoclip,idProdutor) Values(72,15);
INSERT INTO VideoclipProdutor(idVideoclip,idProdutor) Values(72,5);
INSERT INTO VideoclipProdutor(idVideoclip,idProdutor) Values(72,29);
INSERT INTO VideoclipProdutor(idVideoclip,idProdutor) Values(73,13);
INSERT INTO VideoclipProdutor(idVideoclip,idProdutor) Values(73,17);
INSERT INTO VideoclipProdutor(idVideoclip,idProdutor) Values(74,12);
INSERT INTO VideoclipProdutor(idVideoclip,idProdutor) Values(74,14);
INSERT INTO VideoclipProdutor(idVideoclip,idProdutor) Values(74,24);
INSERT INTO VideoclipProdutor(idVideoclip,idProdutor) Values(75,2);
INSERT INTO VideoclipProdutor(idVideoclip,idProdutor) Values(75,18);
INSERT INTO VideoclipProdutor(idVideoclip,idProdutor) Values(75,6);
INSERT INTO VideoclipProdutor(idVideoclip,idProdutor) Values(76,5);
INSERT INTO VideoclipProdutor(idVideoclip,idProdutor) Values(77,27);
INSERT INTO VideoclipProdutor(idVideoclip,idProdutor) Values(78,27);
INSERT INTO VideoclipProdutor(idVideoclip,idProdutor) Values(78,2);
INSERT INTO VideoclipProdutor(idVideoclip,idProdutor) Values(79,9);
INSERT INTO VideoclipProdutor(idVideoclip,idProdutor) Values(79,16);
INSERT INTO VideoclipProdutor(idVideoclip,idProdutor) Values(79,19);
INSERT INTO VideoclipProdutor(idVideoclip,idProdutor) Values(80,7);
INSERT INTO VideoclipProdutor(idVideoclip,idProdutor) Values(80,16);
INSERT INTO VideoclipProdutor(idVideoclip,idProdutor) Values(81,13);
INSERT INTO VideoclipProdutor(idVideoclip,idProdutor) Values(81,21);
INSERT INTO VideoclipProdutor(idVideoclip,idProdutor) Values(82,24);
INSERT INTO VideoclipProdutor(idVideoclip,idProdutor) Values(83,17);
INSERT INTO VideoclipProdutor(idVideoclip,idProdutor) Values(83,1);
INSERT INTO VideoclipProdutor(idVideoclip,idProdutor) Values(84,7);
INSERT INTO VideoclipProdutor(idVideoclip,idProdutor) Values(85,18);
INSERT INTO VideoclipProdutor(idVideoclip,idProdutor) Values(86,5);
INSERT INTO VideoclipProdutor(idVideoclip,idProdutor) Values(87,2);
INSERT INTO VideoclipProdutor(idVideoclip,idProdutor) Values(87,22);
INSERT INTO VideoclipProdutor(idVideoclip,idProdutor) Values(88,27);
INSERT INTO VideoclipProdutor(idVideoclip,idProdutor) Values(89,29);
INSERT INTO VideoclipProdutor(idVideoclip,idProdutor) Values(89,13);
INSERT INTO VideoclipProdutor(idVideoclip,idProdutor) Values(90,26);
INSERT INTO VideoclipProdutor(idVideoclip,idProdutor) Values(90,28);
INSERT INTO VideoclipProdutor(idVideoclip,idProdutor) Values(90,6);
INSERT INTO VideoclipProdutor(idVideoclip,idProdutor) Values(91,0);
INSERT INTO VideoclipProdutor(idVideoclip,idProdutor) Values(91,16);
INSERT INTO VideoclipProdutor(idVideoclip,idProdutor) Values(91,7);
INSERT INTO VideoclipProdutor(idVideoclip,idProdutor) Values(92,19);
INSERT INTO VideoclipProdutor(idVideoclip,idProdutor) Values(92,27);
INSERT INTO VideoclipProdutor(idVideoclip,idProdutor) Values(93,6);
INSERT INTO VideoclipProdutor(idVideoclip,idProdutor) Values(94,7);
INSERT INTO VideoclipProdutor(idVideoclip,idProdutor) Values(95,25);
INSERT INTO VideoclipProdutor(idVideoclip,idProdutor) Values(96,27);
INSERT INTO VideoclipProdutor(idVideoclip,idProdutor) Values(96,1);
INSERT INTO VideoclipProdutor(idVideoclip,idProdutor) Values(96,25);
INSERT INTO VideoclipProdutor(idVideoclip,idProdutor) Values(97,26);
INSERT INTO VideoclipProdutor(idVideoclip,idProdutor) Values(97,1);
INSERT INTO VideoclipProdutor(idVideoclip,idProdutor) Values(98,19);
INSERT INTO VideoclipProdutor(idVideoclip,idProdutor) Values(99,9);
INSERT INTO VideoclipProdutor(idVideoclip,idProdutor) Values(99,23);
INSERT INTO VideoclipProdutor(idVideoclip,idProdutor) Values(99,3);
INSERT INTO VideoclipProdutor(idVideoclip,idProdutor) Values(100,12);
INSERT INTO VideoclipProdutor(idVideoclip,idProdutor) Values(100,28);
INSERT INTO VideoclipProdutor(idVideoclip,idProdutor) Values(100,7);
INSERT INTO VideoclipProdutor(idVideoclip,idProdutor) Values(101,18);
INSERT INTO VideoclipProdutor(idVideoclip,idProdutor) Values(102,17);
INSERT INTO VideoclipProdutor(idVideoclip,idProdutor) Values(102,26);
INSERT INTO VideoclipProdutor(idVideoclip,idProdutor) Values(102,22);
INSERT INTO VideoclipProdutor(idVideoclip,idProdutor) Values(103,0);
INSERT INTO VideoclipProdutor(idVideoclip,idProdutor) Values(104,25);
INSERT INTO VideoclipProdutor(idVideoclip,idProdutor) Values(105,27);
INSERT INTO VideoclipProdutor(idVideoclip,idProdutor) Values(106,1);
INSERT INTO VideoclipProdutor(idVideoclip,idProdutor) Values(106,13);
INSERT INTO VideoclipProdutor(idVideoclip,idProdutor) Values(106,7);
INSERT INTO VideoclipProdutor(idVideoclip,idProdutor) Values(107,12);
INSERT INTO VideoclipProdutor(idVideoclip,idProdutor) Values(108,17);
INSERT INTO VideoclipProdutor(idVideoclip,idProdutor) Values(108,8);
INSERT INTO VideoclipProdutor(idVideoclip,idProdutor) Values(108,29);
INSERT INTO VideoclipProdutor(idVideoclip,idProdutor) Values(109,10);
INSERT INTO VideoclipProdutor(idVideoclip,idProdutor) Values(109,20);
INSERT INTO VideoclipProdutor(idVideoclip,idProdutor) Values(110,28);
INSERT INTO VideoclipProdutor(idVideoclip,idProdutor) Values(110,8);
INSERT INTO VideoclipProdutor(idVideoclip,idProdutor) Values(111,5);
INSERT INTO VideoclipProdutor(idVideoclip,idProdutor) Values(111,21);
INSERT INTO VideoclipProdutor(idVideoclip,idProdutor) Values(112,25);
INSERT INTO VideoclipProdutor(idVideoclip,idProdutor) Values(112,15);
INSERT INTO VideoclipProdutor(idVideoclip,idProdutor) Values(112,18);
INSERT INTO VideoclipProdutor(idVideoclip,idProdutor) Values(113,28);
INSERT INTO VideoclipProdutor(idVideoclip,idProdutor) Values(113,13);
INSERT INTO VideoclipProdutor(idVideoclip,idProdutor) Values(114,17);
INSERT INTO VideoclipProdutor(idVideoclip,idProdutor) Values(114,9);
INSERT INTO VideoclipProdutor(idVideoclip,idProdutor) Values(114,12);
INSERT INTO VideoclipProdutor(idVideoclip,idProdutor) Values(115,1);
INSERT INTO VideoclipProdutor(idVideoclip,idProdutor) Values(116,1);
INSERT INTO VideoclipProdutor(idVideoclip,idProdutor) Values(117,13);
INSERT INTO VideoclipProdutor(idVideoclip,idProdutor) Values(117,23);
INSERT INTO VideoclipProdutor(idVideoclip,idProdutor) Values(117,7);
INSERT INTO VideoclipProdutor(idVideoclip,idProdutor) Values(118,9);
INSERT INTO VideoclipProdutor(idVideoclip,idProdutor) Values(118,24);
INSERT INTO VideoclipProdutor(idVideoclip,idProdutor) Values(118,13);
INSERT INTO VideoclipProdutor(idVideoclip,idProdutor) Values(119,16);
INSERT INTO VideoclipProdutor(idVideoclip,idProdutor) Values(120,26);
INSERT INTO VideoclipProdutor(idVideoclip,idProdutor) Values(121,4);
INSERT INTO VideoclipProdutor(idVideoclip,idProdutor) Values(121,23);
INSERT INTO VideoclipProdutor(idVideoclip,idProdutor) Values(121,1);
INSERT INTO VideoclipProdutor(idVideoclip,idProdutor) Values(122,21);
INSERT INTO VideoclipProdutor(idVideoclip,idProdutor) Values(122,22);
INSERT INTO VideoclipProdutor(idVideoclip,idProdutor) Values(123,22);
INSERT INTO VideoclipProdutor(idVideoclip,idProdutor) Values(123,27);
INSERT INTO VideoclipProdutor(idVideoclip,idProdutor) Values(124,11);
INSERT INTO VideoclipProdutor(idVideoclip,idProdutor) Values(124,12);
INSERT INTO VideoclipProdutor(idVideoclip,idProdutor) Values(125,21);
INSERT INTO VideoclipProdutor(idVideoclip,idProdutor) Values(125,16);
INSERT INTO VideoclipProdutor(idVideoclip,idProdutor) Values(125,3);
INSERT INTO VideoclipProdutor(idVideoclip,idProdutor) Values(126,5);
INSERT INTO VideoclipProdutor(idVideoclip,idProdutor) Values(126,14);
INSERT INTO VideoclipProdutor(idVideoclip,idProdutor) Values(127,24);
INSERT INTO VideoclipProdutor(idVideoclip,idProdutor) Values(127,14);
INSERT INTO VideoclipProdutor(idVideoclip,idProdutor) Values(127,15);
INSERT INTO VideoclipProdutor(idVideoclip,idProdutor) Values(128,29);
INSERT INTO VideoclipProdutor(idVideoclip,idProdutor) Values(129,8);
INSERT INTO VideoclipProdutor(idVideoclip,idProdutor) Values(130,15);
INSERT INTO VideoclipProdutor(idVideoclip,idProdutor) Values(131,8);
INSERT INTO VideoclipProdutor(idVideoclip,idProdutor) Values(131,14);
INSERT INTO VideoclipProdutor(idVideoclip,idProdutor) Values(131,20);
INSERT INTO VideoclipProdutor(idVideoclip,idProdutor) Values(132,1);
INSERT INTO VideoclipProdutor(idVideoclip,idProdutor) Values(133,7);
INSERT INTO VideoclipProdutor(idVideoclip,idProdutor) Values(134,16);
INSERT INTO VideoclipProdutor(idVideoclip,idProdutor) Values(134,1);
INSERT INTO VideoclipProdutor(idVideoclip,idProdutor) Values(134,4);
INSERT INTO VideoclipProdutor(idVideoclip,idProdutor) Values(135,28);
INSERT INTO VideoclipProdutor(idVideoclip,idProdutor) Values(136,1);
INSERT INTO VideoclipProdutor(idVideoclip,idProdutor) Values(136,3);
INSERT INTO VideoclipProdutor(idVideoclip,idProdutor) Values(136,27);
INSERT INTO VideoclipProdutor(idVideoclip,idProdutor) Values(137,24);
INSERT INTO VideoclipProdutor(idVideoclip,idProdutor) Values(137,6);
INSERT INTO VideoclipProdutor(idVideoclip,idProdutor) Values(138,14);
INSERT INTO VideoclipProdutor(idVideoclip,idProdutor) Values(139,11);
INSERT INTO VideoclipProdutor(idVideoclip,idProdutor) Values(139,3);
INSERT INTO VideoclipProdutor(idVideoclip,idProdutor) Values(140,27);
INSERT INTO VideoclipProdutor(idVideoclip,idProdutor) Values(141,8);
INSERT INTO VideoclipProdutor(idVideoclip,idProdutor) Values(141,22);
INSERT INTO VideoclipProdutor(idVideoclip,idProdutor) Values(142,13);
INSERT INTO VideoclipProdutor(idVideoclip,idProdutor) Values(143,16);
INSERT INTO VideoclipProdutor(idVideoclip,idProdutor) Values(143,25);
INSERT INTO VideoclipProdutor(idVideoclip,idProdutor) Values(144,9);
INSERT INTO VideoclipProdutor(idVideoclip,idProdutor) Values(144,19);
INSERT INTO VideoclipProdutor(idVideoclip,idProdutor) Values(145,14);
INSERT INTO VideoclipProdutor(idVideoclip,idProdutor) Values(145,13);
INSERT INTO VideoclipProdutor(idVideoclip,idProdutor) Values(145,8);
INSERT INTO VideoclipProdutor(idVideoclip,idProdutor) Values(146,8);
INSERT INTO VideoclipProdutor(idVideoclip,idProdutor) Values(146,18);
INSERT INTO VideoclipProdutor(idVideoclip,idProdutor) Values(147,29);
INSERT INTO VideoclipProdutor(idVideoclip,idProdutor) Values(147,23);
INSERT INTO VideoclipProdutor(idVideoclip,idProdutor) Values(147,8);
INSERT INTO VideoclipProdutor(idVideoclip,idProdutor) Values(148,0);
INSERT INTO VideoclipProdutor(idVideoclip,idProdutor) Values(148,4);
INSERT INTO VideoclipProdutor(idVideoclip,idProdutor) Values(149,7);
INSERT INTO VideoclipProdutor(idVideoclip,idProdutor) Values(149,14);
INSERT INTO VideoclipProdutor(idVideoclip,idProdutor) Values(149,21);
INSERT INTO VideoclipProdutor(idVideoclip,idProdutor) Values(150,2);
INSERT INTO VideoclipProdutor(idVideoclip,idProdutor) Values(151,16);
INSERT INTO VideoclipProdutor(idVideoclip,idProdutor) Values(152,1);
INSERT INTO VideoclipProdutor(idVideoclip,idProdutor) Values(153,5);
INSERT INTO VideoclipProdutor(idVideoclip,idProdutor) Values(153,28);
INSERT INTO VideoclipProdutor(idVideoclip,idProdutor) Values(154,3);
INSERT INTO VideoclipProdutor(idVideoclip,idProdutor) Values(154,9);
INSERT INTO VideoclipProdutor(idVideoclip,idProdutor) Values(154,16);
INSERT INTO VideoclipProdutor(idVideoclip,idProdutor) Values(155,14);
INSERT INTO VideoclipProdutor(idVideoclip,idProdutor) Values(155,15);
INSERT INTO VideoclipProdutor(idVideoclip,idProdutor) Values(156,13);
INSERT INTO VideoclipProdutor(idVideoclip,idProdutor) Values(156,5);
INSERT INTO VideoclipProdutor(idVideoclip,idProdutor) Values(157,0);
INSERT INTO VideoclipProdutor(idVideoclip,idProdutor) Values(158,22);
INSERT INTO VideoclipProdutor(idVideoclip,idProdutor) Values(159,17);
INSERT INTO VideoclipProdutor(idVideoclip,idProdutor) Values(160,25);
INSERT INTO VideoclipProdutor(idVideoclip,idProdutor) Values(160,16);
INSERT INTO VideoclipProdutor(idVideoclip,idProdutor) Values(160,4);
INSERT INTO VideoclipProdutor(idVideoclip,idProdutor) Values(161,19);
INSERT INTO VideoclipProdutor(idVideoclip,idProdutor) Values(161,20);
INSERT INTO VideoclipProdutor(idVideoclip,idProdutor) Values(162,20);
INSERT INTO VideoclipProdutor(idVideoclip,idProdutor) Values(162,27);
INSERT INTO VideoclipProdutor(idVideoclip,idProdutor) Values(163,2);
INSERT INTO VideoclipProdutor(idVideoclip,idProdutor) Values(163,10);
INSERT INTO VideoclipProdutor(idVideoclip,idProdutor) Values(163,13);
INSERT INTO VideoclipProdutor(idVideoclip,idProdutor) Values(164,23);
INSERT INTO VideoclipProdutor(idVideoclip,idProdutor) Values(164,7);
INSERT INTO VideoclipProdutor(idVideoclip,idProdutor) Values(164,3);
INSERT INTO VideoclipProdutor(idVideoclip,idProdutor) Values(165,11);
INSERT INTO VideoclipProdutor(idVideoclip,idProdutor) Values(165,4);
INSERT INTO VideoclipProdutor(idVideoclip,idProdutor) Values(165,28);
INSERT INTO VideoclipProdutor(idVideoclip,idProdutor) Values(166,10);
INSERT INTO VideoclipProdutor(idVideoclip,idProdutor) Values(166,16);
INSERT INTO VideoclipProdutor(idVideoclip,idProdutor) Values(166,12);
INSERT INTO VideoclipProdutor(idVideoclip,idProdutor) Values(167,8);
INSERT INTO VideoclipProdutor(idVideoclip,idProdutor) Values(168,2);
INSERT INTO VideoclipProdutor(idVideoclip,idProdutor) Values(168,3);
INSERT INTO VideoclipProdutor(idVideoclip,idProdutor) Values(168,20);
INSERT INTO VideoclipProdutor(idVideoclip,idProdutor) Values(169,19);
INSERT INTO VideoclipProdutor(idVideoclip,idProdutor) Values(169,5);
INSERT INTO VideoclipProdutor(idVideoclip,idProdutor) Values(170,13);
INSERT INTO VideoclipProdutor(idVideoclip,idProdutor) Values(170,3);
INSERT INTO VideoclipProdutor(idVideoclip,idProdutor) Values(171,1);
INSERT INTO VideoclipProdutor(idVideoclip,idProdutor) Values(171,5);
INSERT INTO VideoclipProdutor(idVideoclip,idProdutor) Values(171,27);
INSERT INTO VideoclipProdutor(idVideoclip,idProdutor) Values(172,6);
INSERT INTO VideoclipProdutor(idVideoclip,idProdutor) Values(172,28);
INSERT INTO VideoclipProdutor(idVideoclip,idProdutor) Values(173,29);
INSERT INTO VideoclipProdutor(idVideoclip,idProdutor) Values(174,19);
INSERT INTO VideoclipProdutor(idVideoclip,idProdutor) Values(174,5);
INSERT INTO VideoclipProdutor(idVideoclip,idProdutor) Values(175,1);
INSERT INTO VideoclipProdutor(idVideoclip,idProdutor) Values(176,29);
INSERT INTO VideoclipProdutor(idVideoclip,idProdutor) Values(176,4);
INSERT INTO VideoclipProdutor(idVideoclip,idProdutor) Values(176,7);
INSERT INTO VideoclipProdutor(idVideoclip,idProdutor) Values(177,26);
INSERT INTO VideoclipProdutor(idVideoclip,idProdutor) Values(178,29);
INSERT INTO VideoclipProdutor(idVideoclip,idProdutor) Values(178,16);
INSERT INTO VideoclipProdutor(idVideoclip,idProdutor) Values(178,20);
INSERT INTO VideoclipProdutor(idVideoclip,idProdutor) Values(179,27);
INSERT INTO VideoclipProdutor(idVideoclip,idProdutor) Values(180,6);
INSERT INTO VideoclipProdutor(idVideoclip,idProdutor) Values(180,10);
INSERT INTO VideoclipProdutor(idVideoclip,idProdutor) Values(181,10);
INSERT INTO VideoclipProdutor(idVideoclip,idProdutor) Values(181,17);
INSERT INTO VideoclipProdutor(idVideoclip,idProdutor) Values(181,6);
INSERT INTO VideoclipProdutor(idVideoclip,idProdutor) Values(182,18);
INSERT INTO VideoclipProdutor(idVideoclip,idProdutor) Values(182,7);
INSERT INTO VideoclipProdutor(idVideoclip,idProdutor) Values(182,8);
INSERT INTO VideoclipProdutor(idVideoclip,idProdutor) Values(183,6);
INSERT INTO VideoclipProdutor(idVideoclip,idProdutor) Values(183,11);
INSERT INTO VideoclipProdutor(idVideoclip,idProdutor) Values(184,28);
INSERT INTO VideoclipProdutor(idVideoclip,idProdutor) Values(184,5);
INSERT INTO VideoclipProdutor(idVideoclip,idProdutor) Values(184,15);
INSERT INTO VideoclipProdutor(idVideoclip,idProdutor) Values(185,17);
INSERT INTO VideoclipProdutor(idVideoclip,idProdutor) Values(185,1);
INSERT INTO VideoclipProdutor(idVideoclip,idProdutor) Values(186,3);
INSERT INTO VideoclipProdutor(idVideoclip,idProdutor) Values(187,23);
INSERT INTO VideoclipProdutor(idVideoclip,idProdutor) Values(188,4);
INSERT INTO VideoclipProdutor(idVideoclip,idProdutor) Values(188,27);
INSERT INTO VideoclipProdutor(idVideoclip,idProdutor) Values(189,23);
INSERT INTO VideoclipProdutor(idVideoclip,idProdutor) Values(190,21);
INSERT INTO VideoclipProdutor(idVideoclip,idProdutor) Values(191,4);
INSERT INTO VideoclipProdutor(idVideoclip,idProdutor) Values(192,20);
INSERT INTO VideoclipProdutor(idVideoclip,idProdutor) Values(193,9);
INSERT INTO VideoclipProdutor(idVideoclip,idProdutor) Values(193,25);
INSERT INTO VideoclipProdutor(idVideoclip,idProdutor) Values(193,6);
INSERT INTO VideoclipProdutor(idVideoclip,idProdutor) Values(194,8);
INSERT INTO VideoclipProdutor(idVideoclip,idProdutor) Values(194,16);
INSERT INTO VideoclipProdutor(idVideoclip,idProdutor) Values(194,1);
INSERT INTO VideoclipProdutor(idVideoclip,idProdutor) Values(195,1);
INSERT INTO VideoclipProdutor(idVideoclip,idProdutor) Values(196,19);
INSERT INTO VideoclipProdutor(idVideoclip,idProdutor) Values(196,16);
INSERT INTO VideoclipProdutor(idVideoclip,idProdutor) Values(197,17);
INSERT INTO VideoclipProdutor(idVideoclip,idProdutor) Values(198,26);
INSERT INTO VideoclipProdutor(idVideoclip,idProdutor) Values(199,1);
INSERT INTO VideoclipProdutor(idVideoclip,idProdutor) Values(199,5);
INSERT INTO VideoclipProdutor(idVideoclip,idProdutor) Values(199,14);
INSERT INTO VideoclipProdutor(idVideoclip,idProdutor) Values(200,16);
INSERT INTO VideoclipProdutor(idVideoclip,idProdutor) Values(200,25);
INSERT INTO VideoclipProdutor(idVideoclip,idProdutor) Values(201,10);
INSERT INTO VideoclipProdutor(idVideoclip,idProdutor) Values(201,7);
INSERT INTO VideoclipProdutor(idVideoclip,idProdutor) Values(202,16);
INSERT INTO VideoclipProdutor(idVideoclip,idProdutor) Values(202,22);
INSERT INTO VideoclipProdutor(idVideoclip,idProdutor) Values(202,18);
INSERT INTO VideoclipProdutor(idVideoclip,idProdutor) Values(203,16);
INSERT INTO VideoclipProdutor(idVideoclip,idProdutor) Values(204,13);
INSERT INTO VideoclipProdutor(idVideoclip,idProdutor) Values(204,5);
INSERT INTO VideoclipProdutor(idVideoclip,idProdutor) Values(205,14);
INSERT INTO VideoclipProdutor(idVideoclip,idProdutor) Values(206,11);
INSERT INTO VideoclipProdutor(idVideoclip,idProdutor) Values(206,17);
INSERT INTO VideoclipProdutor(idVideoclip,idProdutor) Values(206,2);
INSERT INTO VideoclipProdutor(idVideoclip,idProdutor) Values(207,23);
INSERT INTO VideoclipProdutor(idVideoclip,idProdutor) Values(207,6);
INSERT INTO VideoclipProdutor(idVideoclip,idProdutor) Values(208,4);
INSERT INTO VideoclipProdutor(idVideoclip,idProdutor) Values(208,5);
INSERT INTO VideoclipProdutor(idVideoclip,idProdutor) Values(208,23);
INSERT INTO VideoclipProdutor(idVideoclip,idProdutor) Values(209,7);
INSERT INTO VideoclipProdutor(idVideoclip,idProdutor) Values(209,1);
INSERT INTO VideoclipProdutor(idVideoclip,idProdutor) Values(210,25);
INSERT INTO VideoclipProdutor(idVideoclip,idProdutor) Values(210,13);
INSERT INTO VideoclipProdutor(idVideoclip,idProdutor) Values(210,16);
INSERT INTO VideoclipProdutor(idVideoclip,idProdutor) Values(211,6);
INSERT INTO VideoclipProdutor(idVideoclip,idProdutor) Values(211,15);
INSERT INTO VideoclipProdutor(idVideoclip,idProdutor) Values(211,11);
INSERT INTO VideoclipProdutor(idVideoclip,idProdutor) Values(212,6);
INSERT INTO VideoclipProdutor(idVideoclip,idProdutor) Values(212,4);
INSERT INTO VideoclipProdutor(idVideoclip,idProdutor) Values(213,14);
INSERT INTO VideoclipProdutor(idVideoclip,idProdutor) Values(213,23);
INSERT INTO VideoclipProdutor(idVideoclip,idProdutor) Values(213,15);
INSERT INTO VideoclipProdutor(idVideoclip,idProdutor) Values(214,14);
INSERT INTO VideoclipProdutor(idVideoclip,idProdutor) Values(214,0);
INSERT INTO VideoclipProdutor(idVideoclip,idProdutor) Values(214,12);
INSERT INTO VideoclipProdutor(idVideoclip,idProdutor) Values(215,20);
INSERT INTO VideoclipProdutor(idVideoclip,idProdutor) Values(216,25);
INSERT INTO VideoclipProdutor(idVideoclip,idProdutor) Values(216,13);
INSERT INTO VideoclipProdutor(idVideoclip,idProdutor) Values(217,11);
INSERT INTO VideoclipProdutor(idVideoclip,idProdutor) Values(217,18);
INSERT INTO VideoclipProdutor(idVideoclip,idProdutor) Values(217,12);
INSERT INTO VideoclipProdutor(idVideoclip,idProdutor) Values(218,27);
INSERT INTO VideoclipProdutor(idVideoclip,idProdutor) Values(218,28);
INSERT INTO VideoclipProdutor(idVideoclip,idProdutor) Values(219,26);
INSERT INTO VideoclipProdutor(idVideoclip,idProdutor) Values(220,12);
INSERT INTO VideoclipProdutor(idVideoclip,idProdutor) Values(220,5);
INSERT INTO VideoclipProdutor(idVideoclip,idProdutor) Values(221,18);
INSERT INTO VideoclipProdutor(idVideoclip,idProdutor) Values(221,17);
INSERT INTO VideoclipProdutor(idVideoclip,idProdutor) Values(222,3);
INSERT INTO VideoclipProdutor(idVideoclip,idProdutor) Values(222,24);
INSERT INTO VideoclipProdutor(idVideoclip,idProdutor) Values(222,0);
INSERT INTO VideoclipProdutor(idVideoclip,idProdutor) Values(223,17);
INSERT INTO VideoclipProdutor(idVideoclip,idProdutor) Values(224,19);
INSERT INTO VideoclipProdutor(idVideoclip,idProdutor) Values(224,27);
INSERT INTO VideoclipProdutor(idVideoclip,idProdutor) Values(225,21);
INSERT INTO VideoclipProdutor(idVideoclip,idProdutor) Values(225,3);
INSERT INTO VideoclipProdutor(idVideoclip,idProdutor) Values(226,5);
INSERT INTO VideoclipProdutor(idVideoclip,idProdutor) Values(226,20);
INSERT INTO VideoclipProdutor(idVideoclip,idProdutor) Values(227,19);
INSERT INTO VideoclipProdutor(idVideoclip,idProdutor) Values(227,1);
INSERT INTO VideoclipProdutor(idVideoclip,idProdutor) Values(227,20);
INSERT INTO VideoclipProdutor(idVideoclip,idProdutor) Values(228,20);
INSERT INTO VideoclipProdutor(idVideoclip,idProdutor) Values(228,2);
INSERT INTO VideoclipProdutor(idVideoclip,idProdutor) Values(229,2);
INSERT INTO VideoclipProdutor(idVideoclip,idProdutor) Values(229,5);
INSERT INTO VideoclipProdutor(idVideoclip,idProdutor) Values(229,25);
INSERT INTO VideoclipProdutor(idVideoclip,idProdutor) Values(230,15);
INSERT INTO VideoclipProdutor(idVideoclip,idProdutor) Values(230,14);
INSERT INTO VideoclipProdutor(idVideoclip,idProdutor) Values(231,5);
INSERT INTO VideoclipProdutor(idVideoclip,idProdutor) Values(231,15);
INSERT INTO VideoclipProdutor(idVideoclip,idProdutor) Values(232,21);
INSERT INTO VideoclipProdutor(idVideoclip,idProdutor) Values(232,7);
INSERT INTO VideoclipProdutor(idVideoclip,idProdutor) Values(232,0);
INSERT INTO VideoclipProdutor(idVideoclip,idProdutor) Values(233,26);
INSERT INTO VideoclipProdutor(idVideoclip,idProdutor) Values(233,28);
INSERT INTO VideoclipProdutor(idVideoclip,idProdutor) Values(234,7);
INSERT INTO VideoclipProdutor(idVideoclip,idProdutor) Values(234,2);
INSERT INTO VideoclipProdutor(idVideoclip,idProdutor) Values(235,8);
INSERT INTO VideoclipProdutor(idVideoclip,idProdutor) Values(235,3);
INSERT INTO VideoclipProdutor(idVideoclip,idProdutor) Values(235,17);
INSERT INTO VideoclipProdutor(idVideoclip,idProdutor) Values(236,20);
INSERT INTO VideoclipProdutor(idVideoclip,idProdutor) Values(237,26);
INSERT INTO VideoclipProdutor(idVideoclip,idProdutor) Values(238,21);
INSERT INTO VideoclipProdutor(idVideoclip,idProdutor) Values(238,5);
INSERT INTO VideoclipProdutor(idVideoclip,idProdutor) Values(238,27);
INSERT INTO VideoclipProdutor(idVideoclip,idProdutor) Values(239,1);
INSERT INTO VideoclipProdutor(idVideoclip,idProdutor) Values(239,11);
INSERT INTO VideoclipProdutor(idVideoclip,idProdutor) Values(240,10);
INSERT INTO VideoclipProdutor(idVideoclip,idProdutor) Values(241,23);
INSERT INTO VideoclipProdutor(idVideoclip,idProdutor) Values(241,21);
INSERT INTO VideoclipProdutor(idVideoclip,idProdutor) Values(241,12);
INSERT INTO VideoclipProdutor(idVideoclip,idProdutor) Values(242,21);
INSERT INTO VideoclipProdutor(idVideoclip,idProdutor) Values(243,7);
INSERT INTO VideoclipProdutor(idVideoclip,idProdutor) Values(243,3);
INSERT INTO VideoclipProdutor(idVideoclip,idProdutor) Values(243,14);
INSERT INTO VideoclipProdutor(idVideoclip,idProdutor) Values(244,17);
INSERT INTO VideoclipProdutor(idVideoclip,idProdutor) Values(245,11);
INSERT INTO VideoclipProdutor(idVideoclip,idProdutor) Values(245,6);
INSERT INTO VideoclipProdutor(idVideoclip,idProdutor) Values(245,23);
INSERT INTO VideoclipProdutor(idVideoclip,idProdutor) Values(246,26);
INSERT INTO VideoclipProdutor(idVideoclip,idProdutor) Values(246,27);
INSERT INTO VideoclipProdutor(idVideoclip,idProdutor) Values(246,5);
INSERT INTO VideoclipProdutor(idVideoclip,idProdutor) Values(247,26);
INSERT INTO VideoclipProdutor(idVideoclip,idProdutor) Values(248,12);
INSERT INTO VideoclipProdutor(idVideoclip,idProdutor) Values(248,4);
INSERT INTO VideoclipProdutor(idVideoclip,idProdutor) Values(249,25);
INSERT INTO VideoclipProdutor(idVideoclip,idProdutor) Values(249,10);
INSERT INTO VideoclipProdutor(idVideoclip,idProdutor) Values(250,23);
INSERT INTO VideoclipProdutor(idVideoclip,idProdutor) Values(250,20);
INSERT INTO VideoclipProdutor(idVideoclip,idProdutor) Values(250,17);
INSERT INTO VideoclipProdutor(idVideoclip,idProdutor) Values(251,24);
INSERT INTO VideoclipProdutor(idVideoclip,idProdutor) Values(251,27);
INSERT INTO VideoclipProdutor(idVideoclip,idProdutor) Values(251,29);
INSERT INTO VideoclipProdutor(idVideoclip,idProdutor) Values(252,11);
INSERT INTO VideoclipProdutor(idVideoclip,idProdutor) Values(252,10);
INSERT INTO VideoclipProdutor(idVideoclip,idProdutor) Values(252,20);
INSERT INTO VideoclipProdutor(idVideoclip,idProdutor) Values(253,9);
INSERT INTO VideoclipProdutor(idVideoclip,idProdutor) Values(253,29);
INSERT INTO VideoclipProdutor(idVideoclip,idProdutor) Values(253,11);
INSERT INTO VideoclipProdutor(idVideoclip,idProdutor) Values(254,24);
INSERT INTO VideoclipProdutor(idVideoclip,idProdutor) Values(255,14);
INSERT INTO VideoclipProdutor(idVideoclip,idProdutor) Values(255,6);
INSERT INTO VideoclipProdutor(idVideoclip,idProdutor) Values(256,17);
INSERT INTO VideoclipProdutor(idVideoclip,idProdutor) Values(257,4);
INSERT INTO VideoclipProdutor(idVideoclip,idProdutor) Values(257,14);
INSERT INTO VideoclipProdutor(idVideoclip,idProdutor) Values(257,7);
INSERT INTO VideoclipProdutor(idVideoclip,idProdutor) Values(258,5);
INSERT INTO VideoclipProdutor(idVideoclip,idProdutor) Values(258,20);
INSERT INTO VideoclipProdutor(idVideoclip,idProdutor) Values(259,12);
INSERT INTO VideoclipProdutor(idVideoclip,idProdutor) Values(259,6);
INSERT INTO VideoclipProdutor(idVideoclip,idProdutor) Values(259,29);
INSERT INTO VideoclipProdutor(idVideoclip,idProdutor) Values(260,11);
INSERT INTO VideoclipProdutor(idVideoclip,idProdutor) Values(260,14);
INSERT INTO VideoclipProdutor(idVideoclip,idProdutor) Values(261,11);
INSERT INTO VideoclipProdutor(idVideoclip,idProdutor) Values(262,25);
INSERT INTO VideoclipProdutor(idVideoclip,idProdutor) Values(262,8);
INSERT INTO VideoclipProdutor(idVideoclip,idProdutor) Values(263,11);
INSERT INTO VideoclipProdutor(idVideoclip,idProdutor) Values(263,12);
INSERT INTO VideoclipProdutor(idVideoclip,idProdutor) Values(264,16);
INSERT INTO VideoclipProdutor(idVideoclip,idProdutor) Values(265,25);
INSERT INTO VideoclipProdutor(idVideoclip,idProdutor) Values(265,19);
INSERT INTO VideoclipProdutor(idVideoclip,idProdutor) Values(266,17);
INSERT INTO VideoclipProdutor(idVideoclip,idProdutor) Values(266,11);
INSERT INTO VideoclipProdutor(idVideoclip,idProdutor) Values(267,13);
INSERT INTO VideoclipProdutor(idVideoclip,idProdutor) Values(268,2);
INSERT INTO VideoclipProdutor(idVideoclip,idProdutor) Values(269,21);
INSERT INTO VideoclipProdutor(idVideoclip,idProdutor) Values(269,14);
INSERT INTO VideoclipProdutor(idVideoclip,idProdutor) Values(269,9);
INSERT INTO VideoclipProdutor(idVideoclip,idProdutor) Values(270,26);
INSERT INTO VideoclipProdutor(idVideoclip,idProdutor) Values(270,2);
INSERT INTO VideoclipProdutor(idVideoclip,idProdutor) Values(270,1);
INSERT INTO VideoclipProdutor(idVideoclip,idProdutor) Values(271,16);
INSERT INTO VideoclipProdutor(idVideoclip,idProdutor) Values(271,29);
INSERT INTO VideoclipProdutor(idVideoclip,idProdutor) Values(272,3);
INSERT INTO VideoclipProdutor(idVideoclip,idProdutor) Values(273,10);
INSERT INTO VideoclipProdutor(idVideoclip,idProdutor) Values(273,24);
INSERT INTO VideoclipProdutor(idVideoclip,idProdutor) Values(273,22);
INSERT INTO VideoclipProdutor(idVideoclip,idProdutor) Values(274,6);
INSERT INTO VideoclipProdutor(idVideoclip,idProdutor) Values(274,26);
INSERT INTO VideoclipProdutor(idVideoclip,idProdutor) Values(275,13);
INSERT INTO VideoclipProdutor(idVideoclip,idProdutor) Values(275,25);
INSERT INTO VideoclipProdutor(idVideoclip,idProdutor) Values(275,8);
INSERT INTO VideoclipProdutor(idVideoclip,idProdutor) Values(276,28);
INSERT INTO VideoclipProdutor(idVideoclip,idProdutor) Values(277,5);
INSERT INTO VideoclipProdutor(idVideoclip,idProdutor) Values(277,20);
INSERT INTO VideoclipProdutor(idVideoclip,idProdutor) Values(278,24);
INSERT INTO VideoclipProdutor(idVideoclip,idProdutor) Values(278,10);
INSERT INTO VideoclipProdutor(idVideoclip,idProdutor) Values(278,13);
INSERT INTO VideoclipProdutor(idVideoclip,idProdutor) Values(279,10);
INSERT INTO VideoclipProdutor(idVideoclip,idProdutor) Values(279,22);
INSERT INTO VideoclipProdutor(idVideoclip,idProdutor) Values(280,21);
INSERT INTO VideoclipProdutor(idVideoclip,idProdutor) Values(280,6);
INSERT INTO VideoclipProdutor(idVideoclip,idProdutor) Values(281,22);
INSERT INTO VideoclipProdutor(idVideoclip,idProdutor) Values(281,5);
INSERT INTO VideoclipProdutor(idVideoclip,idProdutor) Values(281,2);
INSERT INTO VideoclipProdutor(idVideoclip,idProdutor) Values(282,11);
INSERT INTO VideoclipProdutor(idVideoclip,idProdutor) Values(283,20);
INSERT INTO VideoclipProdutor(idVideoclip,idProdutor) Values(283,0);
INSERT INTO VideoclipProdutor(idVideoclip,idProdutor) Values(283,11);
INSERT INTO VideoclipProdutor(idVideoclip,idProdutor) Values(284,3);
INSERT INTO VideoclipProdutor(idVideoclip,idProdutor) Values(285,29);
INSERT INTO VideoclipProdutor(idVideoclip,idProdutor) Values(285,15);
INSERT INTO VideoclipProdutor(idVideoclip,idProdutor) Values(285,22);
INSERT INTO VideoclipProdutor(idVideoclip,idProdutor) Values(286,25);
INSERT INTO VideoclipProdutor(idVideoclip,idProdutor) Values(287,4);
INSERT INTO VideoclipProdutor(idVideoclip,idProdutor) Values(287,14);
INSERT INTO VideoclipProdutor(idVideoclip,idProdutor) Values(287,9);
INSERT INTO VideoclipProdutor(idVideoclip,idProdutor) Values(288,17);
INSERT INTO VideoclipProdutor(idVideoclip,idProdutor) Values(288,2);
INSERT INTO VideoclipProdutor(idVideoclip,idProdutor) Values(288,9);
INSERT INTO VideoclipProdutor(idVideoclip,idProdutor) Values(289,5);
INSERT INTO VideoclipProdutor(idVideoclip,idProdutor) Values(289,16);
INSERT INTO VideoclipProdutor(idVideoclip,idProdutor) Values(289,13);
INSERT INTO VideoclipProdutor(idVideoclip,idProdutor) Values(290,14);
-- Table: PlaylistMusica
INSERT INTO PlaylistMusica(idPlaylist,idMusica) Values(0,116348662);
INSERT INTO PlaylistMusica(idPlaylist,idMusica) Values(0,585667552);
INSERT INTO PlaylistMusica(idPlaylist,idMusica) Values(0,9997016);
INSERT INTO PlaylistMusica(idPlaylist,idMusica) Values(0,2293100);
INSERT INTO PlaylistMusica(idPlaylist,idMusica) Values(0,126772731);
INSERT INTO PlaylistMusica(idPlaylist,idMusica) Values(1,585667472);
INSERT INTO PlaylistMusica(idPlaylist,idMusica) Values(1,67238738);
INSERT INTO PlaylistMusica(idPlaylist,idMusica) Values(1,785411472);
INSERT INTO PlaylistMusica(idPlaylist,idMusica) Values(1,3135558);
INSERT INTO PlaylistMusica(idPlaylist,idMusica) Values(1,13459070);
INSERT INTO PlaylistMusica(idPlaylist,idMusica) Values(1,116348668);
INSERT INTO PlaylistMusica(idPlaylist,idMusica) Values(1,4315383);
INSERT INTO PlaylistMusica(idPlaylist,idMusica) Values(1,126772735);
INSERT INTO PlaylistMusica(idPlaylist,idMusica) Values(1,70322140);
INSERT INTO PlaylistMusica(idPlaylist,idMusica) Values(1,585667502);
INSERT INTO PlaylistMusica(idPlaylist,idMusica) Values(2,568147752);
INSERT INTO PlaylistMusica(idPlaylist,idMusica) Values(2,384157601);
INSERT INTO PlaylistMusica(idPlaylist,idMusica) Values(2,116348600);
INSERT INTO PlaylistMusica(idPlaylist,idMusica) Values(2,107471930);
INSERT INTO PlaylistMusica(idPlaylist,idMusica) Values(2,126772743);
INSERT INTO PlaylistMusica(idPlaylist,idMusica) Values(2,62724020);
INSERT INTO PlaylistMusica(idPlaylist,idMusica) Values(2,74617613);
INSERT INTO PlaylistMusica(idPlaylist,idMusica) Values(2,3135560);
INSERT INTO PlaylistMusica(idPlaylist,idMusica) Values(2,126772765);
INSERT INTO PlaylistMusica(idPlaylist,idMusica) Values(2,70322136);
INSERT INTO PlaylistMusica(idPlaylist,idMusica) Values(2,785411462);
INSERT INTO PlaylistMusica(idPlaylist,idMusica) Values(2,116348616);
INSERT INTO PlaylistMusica(idPlaylist,idMusica) Values(3,67238729);
INSERT INTO PlaylistMusica(idPlaylist,idMusica) Values(3,9997013);
INSERT INTO PlaylistMusica(idPlaylist,idMusica) Values(3,116348602);
INSERT INTO PlaylistMusica(idPlaylist,idMusica) Values(3,107471920);
INSERT INTO PlaylistMusica(idPlaylist,idMusica) Values(3,384157631);
INSERT INTO PlaylistMusica(idPlaylist,idMusica) Values(3,116348638);
INSERT INTO PlaylistMusica(idPlaylist,idMusica) Values(3,126772729);
INSERT INTO PlaylistMusica(idPlaylist,idMusica) Values(3,568147722);
INSERT INTO PlaylistMusica(idPlaylist,idMusica) Values(3,116348646);
INSERT INTO PlaylistMusica(idPlaylist,idMusica) Values(4,116348638);
INSERT INTO PlaylistMusica(idPlaylist,idMusica) Values(4,4315320);
INSERT INTO PlaylistMusica(idPlaylist,idMusica) Values(4,126772761);
INSERT INTO PlaylistMusica(idPlaylist,idMusica) Values(4,3135566);
INSERT INTO PlaylistMusica(idPlaylist,idMusica) Values(4,568147712);
INSERT INTO PlaylistMusica(idPlaylist,idMusica) Values(4,74617611);
INSERT INTO PlaylistMusica(idPlaylist,idMusica) Values(4,13459069);
INSERT INTO PlaylistMusica(idPlaylist,idMusica) Values(4,107471938);
INSERT INTO PlaylistMusica(idPlaylist,idMusica) Values(4,585667532);
INSERT INTO PlaylistMusica(idPlaylist,idMusica) Values(4,62724020);
INSERT INTO PlaylistMusica(idPlaylist,idMusica) Values(5,62724023);
INSERT INTO PlaylistMusica(idPlaylist,idMusica) Values(5,3135556);
INSERT INTO PlaylistMusica(idPlaylist,idMusica) Values(5,62724015);
INSERT INTO PlaylistMusica(idPlaylist,idMusica) Values(5,4315384);
INSERT INTO PlaylistMusica(idPlaylist,idMusica) Values(5,126772765);
INSERT INTO PlaylistMusica(idPlaylist,idMusica) Values(5,68442677);
INSERT INTO PlaylistMusica(idPlaylist,idMusica) Values(5,3135558);
INSERT INTO PlaylistMusica(idPlaylist,idMusica) Values(5,116348616);
INSERT INTO PlaylistMusica(idPlaylist,idMusica) Values(5,107471928);
INSERT INTO PlaylistMusica(idPlaylist,idMusica) Values(6,62724018);
INSERT INTO PlaylistMusica(idPlaylist,idMusica) Values(6,116348594);
INSERT INTO PlaylistMusica(idPlaylist,idMusica) Values(6,116348632);
INSERT INTO PlaylistMusica(idPlaylist,idMusica) Values(6,116348624);
INSERT INTO PlaylistMusica(idPlaylist,idMusica) Values(6,116348466);
INSERT INTO PlaylistMusica(idPlaylist,idMusica) Values(6,681009742);
INSERT INTO PlaylistMusica(idPlaylist,idMusica) Values(6,12209331);
INSERT INTO PlaylistMusica(idPlaylist,idMusica) Values(6,74617611);
INSERT INTO PlaylistMusica(idPlaylist,idMusica) Values(6,116348460);
INSERT INTO PlaylistMusica(idPlaylist,idMusica) Values(6,126772755);
INSERT INTO PlaylistMusica(idPlaylist,idMusica) Values(6,384157691);
INSERT INTO PlaylistMusica(idPlaylist,idMusica) Values(7,585667542);
INSERT INTO PlaylistMusica(idPlaylist,idMusica) Values(7,116348592);
INSERT INTO PlaylistMusica(idPlaylist,idMusica) Values(7,785411492);
INSERT INTO PlaylistMusica(idPlaylist,idMusica) Values(7,62724015);
INSERT INTO PlaylistMusica(idPlaylist,idMusica) Values(7,585667502);
INSERT INTO PlaylistMusica(idPlaylist,idMusica) Values(8,4315315);
INSERT INTO PlaylistMusica(idPlaylist,idMusica) Values(8,116348610);
INSERT INTO PlaylistMusica(idPlaylist,idMusica) Values(8,10064647);
INSERT INTO PlaylistMusica(idPlaylist,idMusica) Values(8,116348648);
INSERT INTO PlaylistMusica(idPlaylist,idMusica) Values(8,9997011);
INSERT INTO PlaylistMusica(idPlaylist,idMusica) Values(8,116348482);
INSERT INTO PlaylistMusica(idPlaylist,idMusica) Values(8,4315386);
INSERT INTO PlaylistMusica(idPlaylist,idMusica) Values(8,116348458);
INSERT INTO PlaylistMusica(idPlaylist,idMusica) Values(9,9997018);
INSERT INTO PlaylistMusica(idPlaylist,idMusica) Values(9,1272174692);
INSERT INTO PlaylistMusica(idPlaylist,idMusica) Values(9,126772733);
INSERT INTO PlaylistMusica(idPlaylist,idMusica) Values(9,2293080);
INSERT INTO PlaylistMusica(idPlaylist,idMusica) Values(9,585667482);
INSERT INTO PlaylistMusica(idPlaylist,idMusica) Values(9,74617616);
INSERT INTO PlaylistMusica(idPlaylist,idMusica) Values(9,116348662);
INSERT INTO PlaylistMusica(idPlaylist,idMusica) Values(9,4315385);
INSERT INTO PlaylistMusica(idPlaylist,idMusica) Values(9,568147752);
INSERT INTO PlaylistMusica(idPlaylist,idMusica) Values(9,116348630);
INSERT INTO PlaylistMusica(idPlaylist,idMusica) Values(9,9997017);
INSERT INTO PlaylistMusica(idPlaylist,idMusica) Values(9,116348656);
INSERT INTO PlaylistMusica(idPlaylist,idMusica) Values(10,568147822);
INSERT INTO PlaylistMusica(idPlaylist,idMusica) Values(10,12209330);
INSERT INTO PlaylistMusica(idPlaylist,idMusica) Values(10,9997016);
INSERT INTO PlaylistMusica(idPlaylist,idMusica) Values(10,3135559);
INSERT INTO PlaylistMusica(idPlaylist,idMusica) Values(10,4315313);
INSERT INTO PlaylistMusica(idPlaylist,idMusica) Values(10,10064647);
INSERT INTO PlaylistMusica(idPlaylist,idMusica) Values(10,116348468);
INSERT INTO PlaylistMusica(idPlaylist,idMusica) Values(10,70322136);
INSERT INTO PlaylistMusica(idPlaylist,idMusica) Values(10,116348454);
INSERT INTO PlaylistMusica(idPlaylist,idMusica) Values(10,785411462);
INSERT INTO PlaylistMusica(idPlaylist,idMusica) Values(10,116348662);
INSERT INTO PlaylistMusica(idPlaylist,idMusica) Values(10,67238740);
INSERT INTO PlaylistMusica(idPlaylist,idMusica) Values(10,4315317);
INSERT INTO PlaylistMusica(idPlaylist,idMusica) Values(10,384157561);
INSERT INTO PlaylistMusica(idPlaylist,idMusica) Values(10,4315315);
INSERT INTO PlaylistMusica(idPlaylist,idMusica) Values(11,116348600);
INSERT INTO PlaylistMusica(idPlaylist,idMusica) Values(11,4315317);
INSERT INTO PlaylistMusica(idPlaylist,idMusica) Values(11,70322141);
INSERT INTO PlaylistMusica(idPlaylist,idMusica) Values(11,568147772);
INSERT INTO PlaylistMusica(idPlaylist,idMusica) Values(11,116348608);
INSERT INTO PlaylistMusica(idPlaylist,idMusica) Values(12,67238739);
INSERT INTO PlaylistMusica(idPlaylist,idMusica) Values(12,70322139);
INSERT INTO PlaylistMusica(idPlaylist,idMusica) Values(12,3135561);
INSERT INTO PlaylistMusica(idPlaylist,idMusica) Values(12,2293061);
INSERT INTO PlaylistMusica(idPlaylist,idMusica) Values(12,9997014);
INSERT INTO PlaylistMusica(idPlaylist,idMusica) Values(12,107471922);
INSERT INTO PlaylistMusica(idPlaylist,idMusica) Values(12,67238736);
INSERT INTO PlaylistMusica(idPlaylist,idMusica) Values(12,681009722);
INSERT INTO PlaylistMusica(idPlaylist,idMusica) Values(12,681009752);
INSERT INTO PlaylistMusica(idPlaylist,idMusica) Values(12,568147732);
INSERT INTO PlaylistMusica(idPlaylist,idMusica) Values(12,681009642);
INSERT INTO PlaylistMusica(idPlaylist,idMusica) Values(12,568147782);
INSERT INTO PlaylistMusica(idPlaylist,idMusica) Values(12,116348460);
INSERT INTO PlaylistMusica(idPlaylist,idMusica) Values(12,107471926);
INSERT INTO PlaylistMusica(idPlaylist,idMusica) Values(12,126772735);
INSERT INTO PlaylistMusica(idPlaylist,idMusica) Values(13,116348650);
INSERT INTO PlaylistMusica(idPlaylist,idMusica) Values(13,70322134);
INSERT INTO PlaylistMusica(idPlaylist,idMusica) Values(13,2293092);
INSERT INTO PlaylistMusica(idPlaylist,idMusica) Values(13,62724017);
INSERT INTO PlaylistMusica(idPlaylist,idMusica) Values(13,116348666);
INSERT INTO PlaylistMusica(idPlaylist,idMusica) Values(13,116348474);
INSERT INTO PlaylistMusica(idPlaylist,idMusica) Values(13,116348640);
INSERT INTO PlaylistMusica(idPlaylist,idMusica) Values(13,126772731);
INSERT INTO PlaylistMusica(idPlaylist,idMusica) Values(13,126772753);
INSERT INTO PlaylistMusica(idPlaylist,idMusica) Values(13,9997014);
INSERT INTO PlaylistMusica(idPlaylist,idMusica) Values(13,681009662);
INSERT INTO PlaylistMusica(idPlaylist,idMusica) Values(13,116348458);
INSERT INTO PlaylistMusica(idPlaylist,idMusica) Values(13,681009682);
INSERT INTO PlaylistMusica(idPlaylist,idMusica) Values(14,67238730);
INSERT INTO PlaylistMusica(idPlaylist,idMusica) Values(14,2293068);
INSERT INTO PlaylistMusica(idPlaylist,idMusica) Values(14,126772763);
INSERT INTO PlaylistMusica(idPlaylist,idMusica) Values(14,585667582);
INSERT INTO PlaylistMusica(idPlaylist,idMusica) Values(14,681009652);
INSERT INTO PlaylistMusica(idPlaylist,idMusica) Values(14,568147732);
INSERT INTO PlaylistMusica(idPlaylist,idMusica) Values(14,9997013);
INSERT INTO PlaylistMusica(idPlaylist,idMusica) Values(14,2293064);
INSERT INTO PlaylistMusica(idPlaylist,idMusica) Values(14,116348662);
INSERT INTO PlaylistMusica(idPlaylist,idMusica) Values(14,107471920);
INSERT INTO PlaylistMusica(idPlaylist,idMusica) Values(14,785411542);
INSERT INTO PlaylistMusica(idPlaylist,idMusica) Values(14,12209326);
INSERT INTO PlaylistMusica(idPlaylist,idMusica) Values(14,70322137);
INSERT INTO PlaylistMusica(idPlaylist,idMusica) Values(15,3135559);
INSERT INTO PlaylistMusica(idPlaylist,idMusica) Values(15,67238729);
INSERT INTO PlaylistMusica(idPlaylist,idMusica) Values(15,3135563);
INSERT INTO PlaylistMusica(idPlaylist,idMusica) Values(15,4315378);
INSERT INTO PlaylistMusica(idPlaylist,idMusica) Values(15,3135556);
INSERT INTO PlaylistMusica(idPlaylist,idMusica) Values(15,116348642);
INSERT INTO PlaylistMusica(idPlaylist,idMusica) Values(15,681009742);
INSERT INTO PlaylistMusica(idPlaylist,idMusica) Values(15,4315384);
INSERT INTO PlaylistMusica(idPlaylist,idMusica) Values(15,2293074);
INSERT INTO PlaylistMusica(idPlaylist,idMusica) Values(15,12209326);
INSERT INTO PlaylistMusica(idPlaylist,idMusica) Values(15,116348614);
INSERT INTO PlaylistMusica(idPlaylist,idMusica) Values(15,568147732);
INSERT INTO PlaylistMusica(idPlaylist,idMusica) Values(15,384157631);
INSERT INTO PlaylistMusica(idPlaylist,idMusica) Values(15,74617609);
INSERT INTO PlaylistMusica(idPlaylist,idMusica) Values(15,62724022);
INSERT INTO PlaylistMusica(idPlaylist,idMusica) Values(16,116348648);
INSERT INTO PlaylistMusica(idPlaylist,idMusica) Values(16,67238735);
INSERT INTO PlaylistMusica(idPlaylist,idMusica) Values(16,9997008);
INSERT INTO PlaylistMusica(idPlaylist,idMusica) Values(16,126772751);
INSERT INTO PlaylistMusica(idPlaylist,idMusica) Values(16,585667512);
INSERT INTO PlaylistMusica(idPlaylist,idMusica) Values(16,70322135);
INSERT INTO PlaylistMusica(idPlaylist,idMusica) Values(16,116348482);
INSERT INTO PlaylistMusica(idPlaylist,idMusica) Values(16,785411452);
INSERT INTO PlaylistMusica(idPlaylist,idMusica) Values(16,107471928);
INSERT INTO PlaylistMusica(idPlaylist,idMusica) Values(17,116348474);
INSERT INTO PlaylistMusica(idPlaylist,idMusica) Values(17,4315316);
INSERT INTO PlaylistMusica(idPlaylist,idMusica) Values(17,1523554262);
INSERT INTO PlaylistMusica(idPlaylist,idMusica) Values(17,74617610);
INSERT INTO PlaylistMusica(idPlaylist,idMusica) Values(17,116348638);
INSERT INTO PlaylistMusica(idPlaylist,idMusica) Values(17,116348634);
INSERT INTO PlaylistMusica(idPlaylist,idMusica) Values(17,3135557);
INSERT INTO PlaylistMusica(idPlaylist,idMusica) Values(17,4315384);
INSERT INTO PlaylistMusica(idPlaylist,idMusica) Values(17,4315313);
INSERT INTO PlaylistMusica(idPlaylist,idMusica) Values(18,12209331);
INSERT INTO PlaylistMusica(idPlaylist,idMusica) Values(18,4315318);
INSERT INTO PlaylistMusica(idPlaylist,idMusica) Values(18,116348608);
INSERT INTO PlaylistMusica(idPlaylist,idMusica) Values(18,4315380);
INSERT INTO PlaylistMusica(idPlaylist,idMusica) Values(18,126772753);
INSERT INTO PlaylistMusica(idPlaylist,idMusica) Values(18,9997016);
INSERT INTO PlaylistMusica(idPlaylist,idMusica) Values(18,116348602);
INSERT INTO PlaylistMusica(idPlaylist,idMusica) Values(18,4315389);
INSERT INTO PlaylistMusica(idPlaylist,idMusica) Values(18,585667512);
INSERT INTO PlaylistMusica(idPlaylist,idMusica) Values(18,4315387);
INSERT INTO PlaylistMusica(idPlaylist,idMusica) Values(18,116348660);
INSERT INTO PlaylistMusica(idPlaylist,idMusica) Values(19,384157571);
INSERT INTO PlaylistMusica(idPlaylist,idMusica) Values(19,116348632);
INSERT INTO PlaylistMusica(idPlaylist,idMusica) Values(19,126772767);
INSERT INTO PlaylistMusica(idPlaylist,idMusica) Values(19,2293080);
INSERT INTO PlaylistMusica(idPlaylist,idMusica) Values(19,116348598);
INSERT INTO PlaylistMusica(idPlaylist,idMusica) Values(19,126772763);
INSERT INTO PlaylistMusica(idPlaylist,idMusica) Values(19,126772743);
INSERT INTO PlaylistMusica(idPlaylist,idMusica) Values(19,12209320);
INSERT INTO PlaylistMusica(idPlaylist,idMusica) Values(19,13459065);
INSERT INTO PlaylistMusica(idPlaylist,idMusica) Values(19,681009682);
INSERT INTO PlaylistMusica(idPlaylist,idMusica) Values(19,107471934);
INSERT INTO PlaylistMusica(idPlaylist,idMusica) Values(19,143848116);
INSERT INTO PlaylistMusica(idPlaylist,idMusica) Values(19,585667452);
INSERT INTO PlaylistMusica(idPlaylist,idMusica) Values(19,681009742);
INSERT INTO PlaylistMusica(idPlaylist,idMusica) Values(19,126772755);
-- Table: AutorAlbum
INSERT INTO AutorAlbum(idAutor,idAlbum) Values(27,302127);
INSERT INTO AutorAlbum(idAutor,idAlbum) Values(27,6575789);
INSERT INTO AutorAlbum(idAutor,idAlbum) Values(27,6703346);
INSERT INTO AutorAlbum(idAutor,idAlbum) Values(1182,6899610);
INSERT INTO AutorAlbum(idAutor,idAlbum) Values(1182,401346);
INSERT INTO AutorAlbum(idAutor,idAlbum) Values(1182,401340);
INSERT INTO AutorAlbum(idAutor,idAlbum) Values(1195633,921000);
INSERT INTO AutorAlbum(idAutor,idAlbum) Values(11121068,75624372);
INSERT INTO AutorAlbum(idAutor,idAlbum) Values(10963720,106585062);
INSERT INTO AutorAlbum(idAutor,idAlbum) Values(14687,7371939);
INSERT INTO AutorAlbum(idAutor,idAlbum) Values(5168,228644);
INSERT INTO AutorAlbum(idAutor,idAlbum) Values(1,12047958);
INSERT INTO AutorAlbum(idAutor,idAlbum) Values(1,12047952);
INSERT INTO AutorAlbum(idAutor,idAlbum) Values(1,12047956);
INSERT INTO AutorAlbum(idAutor,idAlbum) Values(230,13357219);
INSERT INTO AutorAlbum(idAutor,idAlbum) Values(230,116355212);
INSERT INTO AutorAlbum(idAutor,idAlbum) Values(70016862,265953002);
INSERT INTO AutorAlbum(idAutor,idAlbum) Values(70016862,214037042);
INSERT INTO AutorAlbum(idAutor,idAlbum) Values(1194083,44730061);
INSERT INTO AutorAlbum(idAutor,idAlbum) Values(1194083,97140952);
INSERT INTO AutorAlbum(idAutor,idAlbum) Values(997,11205422);
INSERT INTO AutorAlbum(idAutor,idAlbum) Values(9877750,15586282);
INSERT INTO AutorAlbum(idAutor,idAlbum) Values(429675,6157080);
INSERT INTO AutorAlbum(idAutor,idAlbum) Values(429675,211423112);
INSERT INTO AutorAlbum(idAutor,idAlbum) Values(6474027,78640552);
INSERT INTO AutorAlbum(idAutor,idAlbum) Values(412,915785);
INSERT INTO AutorAlbum(idAutor,idAlbum) Values(412,1121401);
INSERT INTO AutorAlbum(idAutor,idAlbum) Values(412,1232880);
-- Table: ConcertoAutor
INSERT INTO ConcertoAutor(idConcerto,idAutor) Values(0,100000005);
INSERT INTO ConcertoAutor(idConcerto,idAutor) Values(0,14687);
INSERT INTO ConcertoAutor(idConcerto,idAutor) Values(1,100000005);
INSERT INTO ConcertoAutor(idConcerto,idAutor) Values(1,1);
INSERT INTO ConcertoAutor(idConcerto,idAutor) Values(1,1195633);
INSERT INTO ConcertoAutor(idConcerto,idAutor) Values(2,429675);
INSERT INTO ConcertoAutor(idConcerto,idAutor) Values(2,230);
INSERT INTO ConcertoAutor(idConcerto,idAutor) Values(3,429675);
INSERT INTO ConcertoAutor(idConcerto,idAutor) Values(3,230);
INSERT INTO ConcertoAutor(idConcerto,idAutor) Values(3,997);
INSERT INTO ConcertoAutor(idConcerto,idAutor) Values(4,997);
INSERT INTO ConcertoAutor(idConcerto,idAutor) Values(4,5168);
INSERT INTO ConcertoAutor(idConcerto,idAutor) Values(4,1194083);
INSERT INTO ConcertoAutor(idConcerto,idAutor) Values(6,1182);
INSERT INTO ConcertoAutor(idConcerto,idAutor) Values(6,100000004);
INSERT INTO ConcertoAutor(idConcerto,idAutor) Values(6,70016862);
INSERT INTO ConcertoAutor(idConcerto,idAutor) Values(7,70016862);
INSERT INTO ConcertoAutor(idConcerto,idAutor) Values(7,100000006);
INSERT INTO ConcertoAutor(idConcerto,idAutor) Values(9,997);
INSERT INTO ConcertoAutor(idConcerto,idAutor) Values(11,997);
INSERT INTO ConcertoAutor(idConcerto,idAutor) Values(11,100000006);
INSERT INTO ConcertoAutor(idConcerto,idAutor) Values(11,100000005);
INSERT INTO ConcertoAutor(idConcerto,idAutor) Values(13,27);
INSERT INTO ConcertoAutor(idConcerto,idAutor) Values(13,9877750);
INSERT INTO ConcertoAutor(idConcerto,idAutor) Values(13,1182);
INSERT INTO ConcertoAutor(idConcerto,idAutor) Values(14,14687);
INSERT INTO ConcertoAutor(idConcerto,idAutor) Values(15,5168);
INSERT INTO ConcertoAutor(idConcerto,idAutor) Values(16,230);
INSERT INTO ConcertoAutor(idConcerto,idAutor) Values(16,100000001);
INSERT INTO ConcertoAutor(idConcerto,idAutor) Values(17,1182);
INSERT INTO ConcertoAutor(idConcerto,idAutor) Values(17,997);
INSERT INTO ConcertoAutor(idConcerto,idAutor) Values(17,6474027);
INSERT INTO ConcertoAutor(idConcerto,idAutor) Values(18,100000000);
INSERT INTO ConcertoAutor(idConcerto,idAutor) Values(18,412);
INSERT INTO ConcertoAutor(idConcerto,idAutor) Values(19,100000005);
INSERT INTO ConcertoAutor(idConcerto,idAutor) Values(19,11121068);
INSERT INTO ConcertoAutor(idConcerto,idAutor) Values(20,230);
INSERT INTO ConcertoAutor(idConcerto,idAutor) Values(21,10963720);
INSERT INTO ConcertoAutor(idConcerto,idAutor) Values(21,226);
INSERT INTO ConcertoAutor(idConcerto,idAutor) Values(21,5168);
INSERT INTO ConcertoAutor(idConcerto,idAutor) Values(22,100000001);
INSERT INTO ConcertoAutor(idConcerto,idAutor) Values(22,230);
INSERT INTO ConcertoAutor(idConcerto,idAutor) Values(23,1182);
INSERT INTO ConcertoAutor(idConcerto,idAutor) Values(24,100000002);
INSERT INTO ConcertoAutor(idConcerto,idAutor) Values(24,1);
INSERT INTO ConcertoAutor(idConcerto,idAutor) Values(26,5168);
INSERT INTO ConcertoAutor(idConcerto,idAutor) Values(26,6474027);
INSERT INTO ConcertoAutor(idConcerto,idAutor) Values(27,1);
INSERT INTO ConcertoAutor(idConcerto,idAutor) Values(27,11121068);
INSERT INTO ConcertoAutor(idConcerto,idAutor) Values(28,429675);
INSERT INTO ConcertoAutor(idConcerto,idAutor) Values(29,1182);
INSERT INTO ConcertoAutor(idConcerto,idAutor) Values(29,412);
INSERT INTO ConcertoAutor(idConcerto,idAutor) Values(30,27);
INSERT INTO ConcertoAutor(idConcerto,idAutor) Values(30,1195633);
INSERT INTO ConcertoAutor(idConcerto,idAutor) Values(33,10963720);
INSERT INTO ConcertoAutor(idConcerto,idAutor) Values(33,1446);
INSERT INTO ConcertoAutor(idConcerto,idAutor) Values(33,412);
INSERT INTO ConcertoAutor(idConcerto,idAutor) Values(34,1182);
INSERT INTO ConcertoAutor(idConcerto,idAutor) Values(34,11121068);
-- Table: ConcertoMusica
INSERT INTO ConcertoMusica(idConcerto,idMusica) Values(0,74617609);
INSERT INTO ConcertoMusica(idConcerto,idMusica) Values(0,74617608);
INSERT INTO ConcertoMusica(idConcerto,idMusica) Values(0,74617616);
INSERT INTO ConcertoMusica(idConcerto,idMusica) Values(0,74617610);
INSERT INTO ConcertoMusica(idConcerto,idMusica) Values(0,74617612);
INSERT INTO ConcertoMusica(idConcerto,idMusica) Values(0,74617611);
INSERT INTO ConcertoMusica(idConcerto,idMusica) Values(0,74617613);
INSERT INTO ConcertoMusica(idConcerto,idMusica) Values(1,116348666);
INSERT INTO ConcertoMusica(idConcerto,idMusica) Values(1,116348478);
INSERT INTO ConcertoMusica(idConcerto,idMusica) Values(1,116348642);
INSERT INTO ConcertoMusica(idConcerto,idMusica) Values(1,10064650);
INSERT INTO ConcertoMusica(idConcerto,idMusica) Values(1,116348632);
INSERT INTO ConcertoMusica(idConcerto,idMusica) Values(1,116348638);
INSERT INTO ConcertoMusica(idConcerto,idMusica) Values(1,116348664);
INSERT INTO ConcertoMusica(idConcerto,idMusica) Values(1,116348484);
INSERT INTO ConcertoMusica(idConcerto,idMusica) Values(1,116348468);
INSERT INTO ConcertoMusica(idConcerto,idMusica) Values(1,116348470);
INSERT INTO ConcertoMusica(idConcerto,idMusica) Values(1,116348474);
INSERT INTO ConcertoMusica(idConcerto,idMusica) Values(1,10064651);
INSERT INTO ConcertoMusica(idConcerto,idMusica) Values(1,116348480);
INSERT INTO ConcertoMusica(idConcerto,idMusica) Values(1,116348628);
INSERT INTO ConcertoMusica(idConcerto,idMusica) Values(1,116348476);
INSERT INTO ConcertoMusica(idConcerto,idMusica) Values(1,116348650);
INSERT INTO ConcertoMusica(idConcerto,idMusica) Values(1,116348616);
INSERT INTO ConcertoMusica(idConcerto,idMusica) Values(1,116348626);
INSERT INTO ConcertoMusica(idConcerto,idMusica) Values(1,116348458);
INSERT INTO ConcertoMusica(idConcerto,idMusica) Values(1,116348598);
INSERT INTO ConcertoMusica(idConcerto,idMusica) Values(1,116348620);
INSERT INTO ConcertoMusica(idConcerto,idMusica) Values(1,116348600);
INSERT INTO ConcertoMusica(idConcerto,idMusica) Values(1,116348652);
INSERT INTO ConcertoMusica(idConcerto,idMusica) Values(1,116348658);
INSERT INTO ConcertoMusica(idConcerto,idMusica) Values(1,116348662);
INSERT INTO ConcertoMusica(idConcerto,idMusica) Values(1,116348452);
INSERT INTO ConcertoMusica(idConcerto,idMusica) Values(1,116348630);
INSERT INTO ConcertoMusica(idConcerto,idMusica) Values(1,116348618);
INSERT INTO ConcertoMusica(idConcerto,idMusica) Values(1,116348640);
INSERT INTO ConcertoMusica(idConcerto,idMusica) Values(1,10064647);
INSERT INTO ConcertoMusica(idConcerto,idMusica) Values(1,116348614);
INSERT INTO ConcertoMusica(idConcerto,idMusica) Values(1,116348636);
INSERT INTO ConcertoMusica(idConcerto,idMusica) Values(1,116348592);
INSERT INTO ConcertoMusica(idConcerto,idMusica) Values(1,116348660);
INSERT INTO ConcertoMusica(idConcerto,idMusica) Values(1,116348594);
INSERT INTO ConcertoMusica(idConcerto,idMusica) Values(1,116348648);
INSERT INTO ConcertoMusica(idConcerto,idMusica) Values(1,116348466);
INSERT INTO ConcertoMusica(idConcerto,idMusica) Values(1,116348472);
INSERT INTO ConcertoMusica(idConcerto,idMusica) Values(1,116348606);
INSERT INTO ConcertoMusica(idConcerto,idMusica) Values(1,116348454);
INSERT INTO ConcertoMusica(idConcerto,idMusica) Values(1,116348634);
INSERT INTO ConcertoMusica(idConcerto,idMusica) Values(1,10064646);
INSERT INTO ConcertoMusica(idConcerto,idMusica) Values(1,116348482);
INSERT INTO ConcertoMusica(idConcerto,idMusica) Values(1,116348462);
INSERT INTO ConcertoMusica(idConcerto,idMusica) Values(1,116348460);
INSERT INTO ConcertoMusica(idConcerto,idMusica) Values(1,116348646);
INSERT INTO ConcertoMusica(idConcerto,idMusica) Values(1,116348668);
INSERT INTO ConcertoMusica(idConcerto,idMusica) Values(1,116348612);
INSERT INTO ConcertoMusica(idConcerto,idMusica) Values(1,116348622);
INSERT INTO ConcertoMusica(idConcerto,idMusica) Values(1,116348656);
INSERT INTO ConcertoMusica(idConcerto,idMusica) Values(1,116348602);
INSERT INTO ConcertoMusica(idConcerto,idMusica) Values(1,116348654);
INSERT INTO ConcertoMusica(idConcerto,idMusica) Values(1,116348644);
INSERT INTO ConcertoMusica(idConcerto,idMusica) Values(1,116348464);
INSERT INTO ConcertoMusica(idConcerto,idMusica) Values(1,116348624);
INSERT INTO ConcertoMusica(idConcerto,idMusica) Values(1,10064648);
INSERT INTO ConcertoMusica(idConcerto,idMusica) Values(2,62724021);
INSERT INTO ConcertoMusica(idConcerto,idMusica) Values(2,62724016);
INSERT INTO ConcertoMusica(idConcerto,idMusica) Values(2,126772747);
INSERT INTO ConcertoMusica(idConcerto,idMusica) Values(2,126772751);
INSERT INTO ConcertoMusica(idConcerto,idMusica) Values(2,62724022);
INSERT INTO ConcertoMusica(idConcerto,idMusica) Values(2,785411462);
INSERT INTO ConcertoMusica(idConcerto,idMusica) Values(2,785411512);
INSERT INTO ConcertoMusica(idConcerto,idMusica) Values(2,62724018);
INSERT INTO ConcertoMusica(idConcerto,idMusica) Values(2,126772753);
INSERT INTO ConcertoMusica(idConcerto,idMusica) Values(2,126772759);
INSERT INTO ConcertoMusica(idConcerto,idMusica) Values(2,62724019);
INSERT INTO ConcertoMusica(idConcerto,idMusica) Values(2,785411452);
INSERT INTO ConcertoMusica(idConcerto,idMusica) Values(2,785411472);
INSERT INTO ConcertoMusica(idConcerto,idMusica) Values(2,1260522302);
INSERT INTO ConcertoMusica(idConcerto,idMusica) Values(3,62724018);
INSERT INTO ConcertoMusica(idConcerto,idMusica) Values(3,62724022);
INSERT INTO ConcertoMusica(idConcerto,idMusica) Values(3,126772755);
INSERT INTO ConcertoMusica(idConcerto,idMusica) Values(3,785411552);
INSERT INTO ConcertoMusica(idConcerto,idMusica) Values(3,107471928);
INSERT INTO ConcertoMusica(idConcerto,idMusica) Values(3,62724019);
INSERT INTO ConcertoMusica(idConcerto,idMusica) Values(3,62724023);
INSERT INTO ConcertoMusica(idConcerto,idMusica) Values(3,126772747);
INSERT INTO ConcertoMusica(idConcerto,idMusica) Values(3,126772741);
INSERT INTO ConcertoMusica(idConcerto,idMusica) Values(3,107471936);
INSERT INTO ConcertoMusica(idConcerto,idMusica) Values(3,126772739);
INSERT INTO ConcertoMusica(idConcerto,idMusica) Values(3,785411542);
INSERT INTO ConcertoMusica(idConcerto,idMusica) Values(3,126772759);
INSERT INTO ConcertoMusica(idConcerto,idMusica) Values(3,785411512);
INSERT INTO ConcertoMusica(idConcerto,idMusica) Values(3,107471934);
INSERT INTO ConcertoMusica(idConcerto,idMusica) Values(3,107471940);
INSERT INTO ConcertoMusica(idConcerto,idMusica) Values(3,107471920);
INSERT INTO ConcertoMusica(idConcerto,idMusica) Values(3,62724021);
INSERT INTO ConcertoMusica(idConcerto,idMusica) Values(3,107471924);
INSERT INTO ConcertoMusica(idConcerto,idMusica) Values(3,126772751);
INSERT INTO ConcertoMusica(idConcerto,idMusica) Values(3,785411452);
INSERT INTO ConcertoMusica(idConcerto,idMusica) Values(3,126772763);
INSERT INTO ConcertoMusica(idConcerto,idMusica) Values(3,107471932);
INSERT INTO ConcertoMusica(idConcerto,idMusica) Values(4,384157691);
INSERT INTO ConcertoMusica(idConcerto,idMusica) Values(4,384157611);
INSERT INTO ConcertoMusica(idConcerto,idMusica) Values(4,107471940);
INSERT INTO ConcertoMusica(idConcerto,idMusica) Values(4,107471928);
INSERT INTO ConcertoMusica(idConcerto,idMusica) Values(4,681009742);
INSERT INTO ConcertoMusica(idConcerto,idMusica) Values(4,2293076);
INSERT INTO ConcertoMusica(idConcerto,idMusica) Values(4,2293092);
INSERT INTO ConcertoMusica(idConcerto,idMusica) Values(4,384157581);
INSERT INTO ConcertoMusica(idConcerto,idMusica) Values(4,2293100);
INSERT INTO ConcertoMusica(idConcerto,idMusica) Values(4,107471936);
INSERT INTO ConcertoMusica(idConcerto,idMusica) Values(4,2293068);
INSERT INTO ConcertoMusica(idConcerto,idMusica) Values(4,681009652);
INSERT INTO ConcertoMusica(idConcerto,idMusica) Values(4,681009722);
INSERT INTO ConcertoMusica(idConcerto,idMusica) Values(4,2293064);
INSERT INTO ConcertoMusica(idConcerto,idMusica) Values(4,2293083);
INSERT INTO ConcertoMusica(idConcerto,idMusica) Values(4,384157681);
INSERT INTO ConcertoMusica(idConcerto,idMusica) Values(4,384157631);
INSERT INTO ConcertoMusica(idConcerto,idMusica) Values(4,384157571);
INSERT INTO ConcertoMusica(idConcerto,idMusica) Values(4,107471932);
INSERT INTO ConcertoMusica(idConcerto,idMusica) Values(4,107471930);
INSERT INTO ConcertoMusica(idConcerto,idMusica) Values(4,384157601);
INSERT INTO ConcertoMusica(idConcerto,idMusica) Values(4,384157561);
INSERT INTO ConcertoMusica(idConcerto,idMusica) Values(4,2293074);
INSERT INTO ConcertoMusica(idConcerto,idMusica) Values(6,70322135);
INSERT INTO ConcertoMusica(idConcerto,idMusica) Values(6,4315381);
INSERT INTO ConcertoMusica(idConcerto,idMusica) Values(6,4315314);
INSERT INTO ConcertoMusica(idConcerto,idMusica) Values(7,1272174692);
INSERT INTO ConcertoMusica(idConcerto,idMusica) Values(7,1523554262);
INSERT INTO ConcertoMusica(idConcerto,idMusica) Values(9,107471926);
INSERT INTO ConcertoMusica(idConcerto,idMusica) Values(9,107471922);
INSERT INTO ConcertoMusica(idConcerto,idMusica) Values(9,107471930);
INSERT INTO ConcertoMusica(idConcerto,idMusica) Values(9,107471940);
INSERT INTO ConcertoMusica(idConcerto,idMusica) Values(9,107471924);
INSERT INTO ConcertoMusica(idConcerto,idMusica) Values(9,107471938);
INSERT INTO ConcertoMusica(idConcerto,idMusica) Values(9,107471934);
INSERT INTO ConcertoMusica(idConcerto,idMusica) Values(11,107471940);
INSERT INTO ConcertoMusica(idConcerto,idMusica) Values(11,107471930);
INSERT INTO ConcertoMusica(idConcerto,idMusica) Values(11,107471938);
INSERT INTO ConcertoMusica(idConcerto,idMusica) Values(11,107471928);
INSERT INTO ConcertoMusica(idConcerto,idMusica) Values(11,107471926);
INSERT INTO ConcertoMusica(idConcerto,idMusica) Values(11,107471922);
INSERT INTO ConcertoMusica(idConcerto,idMusica) Values(13,67238736);
INSERT INTO ConcertoMusica(idConcerto,idMusica) Values(13,70322134);
INSERT INTO ConcertoMusica(idConcerto,idMusica) Values(13,70322132);
INSERT INTO ConcertoMusica(idConcerto,idMusica) Values(13,3135558);
INSERT INTO ConcertoMusica(idConcerto,idMusica) Values(13,3135562);
INSERT INTO ConcertoMusica(idConcerto,idMusica) Values(13,4315311);
INSERT INTO ConcertoMusica(idConcerto,idMusica) Values(13,67238733);
INSERT INTO ConcertoMusica(idConcerto,idMusica) Values(13,3135566);
INSERT INTO ConcertoMusica(idConcerto,idMusica) Values(13,67238737);
INSERT INTO ConcertoMusica(idConcerto,idMusica) Values(13,67238734);
INSERT INTO ConcertoMusica(idConcerto,idMusica) Values(13,70322138);
INSERT INTO ConcertoMusica(idConcerto,idMusica) Values(13,4315387);
INSERT INTO ConcertoMusica(idConcerto,idMusica) Values(13,4315320);
INSERT INTO ConcertoMusica(idConcerto,idMusica) Values(13,3135561);
INSERT INTO ConcertoMusica(idConcerto,idMusica) Values(13,3135564);
INSERT INTO ConcertoMusica(idConcerto,idMusica) Values(13,4315378);
INSERT INTO ConcertoMusica(idConcerto,idMusica) Values(13,4315380);
INSERT INTO ConcertoMusica(idConcerto,idMusica) Values(13,4315317);
INSERT INTO ConcertoMusica(idConcerto,idMusica) Values(13,4315382);
INSERT INTO ConcertoMusica(idConcerto,idMusica) Values(13,4315312);
INSERT INTO ConcertoMusica(idConcerto,idMusica) Values(13,67238731);
INSERT INTO ConcertoMusica(idConcerto,idMusica) Values(13,70322139);
INSERT INTO ConcertoMusica(idConcerto,idMusica) Values(13,4315386);
INSERT INTO ConcertoMusica(idConcerto,idMusica) Values(13,4315384);
INSERT INTO ConcertoMusica(idConcerto,idMusica) Values(13,4315314);
INSERT INTO ConcertoMusica(idConcerto,idMusica) Values(13,70322136);
INSERT INTO ConcertoMusica(idConcerto,idMusica) Values(13,4315385);
INSERT INTO ConcertoMusica(idConcerto,idMusica) Values(13,4315381);
INSERT INTO ConcertoMusica(idConcerto,idMusica) Values(13,4315316);
INSERT INTO ConcertoMusica(idConcerto,idMusica) Values(13,4315313);
INSERT INTO ConcertoMusica(idConcerto,idMusica) Values(13,143848116);
INSERT INTO ConcertoMusica(idConcerto,idMusica) Values(13,67238729);
INSERT INTO ConcertoMusica(idConcerto,idMusica) Values(13,3135563);
INSERT INTO ConcertoMusica(idConcerto,idMusica) Values(13,3135565);
INSERT INTO ConcertoMusica(idConcerto,idMusica) Values(13,70322130);
INSERT INTO ConcertoMusica(idConcerto,idMusica) Values(13,67238738);
INSERT INTO ConcertoMusica(idConcerto,idMusica) Values(13,4315388);
INSERT INTO ConcertoMusica(idConcerto,idMusica) Values(13,67238730);
INSERT INTO ConcertoMusica(idConcerto,idMusica) Values(14,74617615);
INSERT INTO ConcertoMusica(idConcerto,idMusica) Values(14,74617611);
INSERT INTO ConcertoMusica(idConcerto,idMusica) Values(14,74617616);
INSERT INTO ConcertoMusica(idConcerto,idMusica) Values(14,74617613);
INSERT INTO ConcertoMusica(idConcerto,idMusica) Values(14,74617610);
INSERT INTO ConcertoMusica(idConcerto,idMusica) Values(15,2293083);
INSERT INTO ConcertoMusica(idConcerto,idMusica) Values(15,2293068);
INSERT INTO ConcertoMusica(idConcerto,idMusica) Values(15,2293074);
INSERT INTO ConcertoMusica(idConcerto,idMusica) Values(15,2293100);
INSERT INTO ConcertoMusica(idConcerto,idMusica) Values(15,2293089);
INSERT INTO ConcertoMusica(idConcerto,idMusica) Values(15,2293076);
INSERT INTO ConcertoMusica(idConcerto,idMusica) Values(15,2293088);
INSERT INTO ConcertoMusica(idConcerto,idMusica) Values(15,2293097);
INSERT INTO ConcertoMusica(idConcerto,idMusica) Values(16,785411542);
INSERT INTO ConcertoMusica(idConcerto,idMusica) Values(16,785411512);
INSERT INTO ConcertoMusica(idConcerto,idMusica) Values(16,785411492);
INSERT INTO ConcertoMusica(idConcerto,idMusica) Values(16,126772741);
INSERT INTO ConcertoMusica(idConcerto,idMusica) Values(16,126772735);
INSERT INTO ConcertoMusica(idConcerto,idMusica) Values(16,126772743);
INSERT INTO ConcertoMusica(idConcerto,idMusica) Values(16,126772767);
INSERT INTO ConcertoMusica(idConcerto,idMusica) Values(16,126772739);
INSERT INTO ConcertoMusica(idConcerto,idMusica) Values(17,4315385);
INSERT INTO ConcertoMusica(idConcerto,idMusica) Values(17,585667502);
INSERT INTO ConcertoMusica(idConcerto,idMusica) Values(17,70322139);
INSERT INTO ConcertoMusica(idConcerto,idMusica) Values(17,585667462);
INSERT INTO ConcertoMusica(idConcerto,idMusica) Values(17,4315312);
INSERT INTO ConcertoMusica(idConcerto,idMusica) Values(17,4315383);
INSERT INTO ConcertoMusica(idConcerto,idMusica) Values(17,70322136);
INSERT INTO ConcertoMusica(idConcerto,idMusica) Values(17,70322138);
INSERT INTO ConcertoMusica(idConcerto,idMusica) Values(17,4315378);
INSERT INTO ConcertoMusica(idConcerto,idMusica) Values(17,585667532);
INSERT INTO ConcertoMusica(idConcerto,idMusica) Values(17,107471936);
INSERT INTO ConcertoMusica(idConcerto,idMusica) Values(17,107471940);
INSERT INTO ConcertoMusica(idConcerto,idMusica) Values(17,585667472);
INSERT INTO ConcertoMusica(idConcerto,idMusica) Values(17,585667452);
INSERT INTO ConcertoMusica(idConcerto,idMusica) Values(17,70322135);
INSERT INTO ConcertoMusica(idConcerto,idMusica) Values(17,4315320);
INSERT INTO ConcertoMusica(idConcerto,idMusica) Values(17,107471926);
INSERT INTO ConcertoMusica(idConcerto,idMusica) Values(17,107471938);
INSERT INTO ConcertoMusica(idConcerto,idMusica) Values(17,70322132);
INSERT INTO ConcertoMusica(idConcerto,idMusica) Values(17,4315379);
INSERT INTO ConcertoMusica(idConcerto,idMusica) Values(17,4315316);
INSERT INTO ConcertoMusica(idConcerto,idMusica) Values(17,4315382);
INSERT INTO ConcertoMusica(idConcerto,idMusica) Values(17,585667482);
INSERT INTO ConcertoMusica(idConcerto,idMusica) Values(17,107471932);
INSERT INTO ConcertoMusica(idConcerto,idMusica) Values(17,70322133);
INSERT INTO ConcertoMusica(idConcerto,idMusica) Values(17,585667552);
INSERT INTO ConcertoMusica(idConcerto,idMusica) Values(17,4315317);
INSERT INTO ConcertoMusica(idConcerto,idMusica) Values(17,585667522);
INSERT INTO ConcertoMusica(idConcerto,idMusica) Values(17,4315321);
INSERT INTO ConcertoMusica(idConcerto,idMusica) Values(17,107471920);
INSERT INTO ConcertoMusica(idConcerto,idMusica) Values(17,4315389);
INSERT INTO ConcertoMusica(idConcerto,idMusica) Values(17,585667512);
INSERT INTO ConcertoMusica(idConcerto,idMusica) Values(17,4315386);
INSERT INTO ConcertoMusica(idConcerto,idMusica) Values(17,585667562);
INSERT INTO ConcertoMusica(idConcerto,idMusica) Values(17,4315380);
INSERT INTO ConcertoMusica(idConcerto,idMusica) Values(17,585667492);
INSERT INTO ConcertoMusica(idConcerto,idMusica) Values(17,4315314);
INSERT INTO ConcertoMusica(idConcerto,idMusica) Values(17,4315387);
INSERT INTO ConcertoMusica(idConcerto,idMusica) Values(17,70322134);
INSERT INTO ConcertoMusica(idConcerto,idMusica) Values(17,585667572);
INSERT INTO ConcertoMusica(idConcerto,idMusica) Values(17,70322137);
INSERT INTO ConcertoMusica(idConcerto,idMusica) Values(17,4315388);
INSERT INTO ConcertoMusica(idConcerto,idMusica) Values(17,107471934);
INSERT INTO ConcertoMusica(idConcerto,idMusica) Values(17,107471922);
INSERT INTO ConcertoMusica(idConcerto,idMusica) Values(17,70322141);
INSERT INTO ConcertoMusica(idConcerto,idMusica) Values(17,70322140);
INSERT INTO ConcertoMusica(idConcerto,idMusica) Values(17,107471924);
INSERT INTO ConcertoMusica(idConcerto,idMusica) Values(17,4315381);
INSERT INTO ConcertoMusica(idConcerto,idMusica) Values(17,4315319);
INSERT INTO ConcertoMusica(idConcerto,idMusica) Values(17,4315313);
INSERT INTO ConcertoMusica(idConcerto,idMusica) Values(17,585667582);
INSERT INTO ConcertoMusica(idConcerto,idMusica) Values(17,4315310);
INSERT INTO ConcertoMusica(idConcerto,idMusica) Values(17,4315384);
INSERT INTO ConcertoMusica(idConcerto,idMusica) Values(17,70322142);
INSERT INTO ConcertoMusica(idConcerto,idMusica) Values(17,4315315);
INSERT INTO ConcertoMusica(idConcerto,idMusica) Values(17,107471928);
INSERT INTO ConcertoMusica(idConcerto,idMusica) Values(17,107471930);
INSERT INTO ConcertoMusica(idConcerto,idMusica) Values(17,4315318);
INSERT INTO ConcertoMusica(idConcerto,idMusica) Values(17,70322130);
INSERT INTO ConcertoMusica(idConcerto,idMusica) Values(18,9997010);
INSERT INTO ConcertoMusica(idConcerto,idMusica) Values(18,12209322);
INSERT INTO ConcertoMusica(idConcerto,idMusica) Values(18,9997018);
INSERT INTO ConcertoMusica(idConcerto,idMusica) Values(18,9997011);
INSERT INTO ConcertoMusica(idConcerto,idMusica) Values(18,9997015);
INSERT INTO ConcertoMusica(idConcerto,idMusica) Values(18,13459065);
INSERT INTO ConcertoMusica(idConcerto,idMusica) Values(18,9997019);
INSERT INTO ConcertoMusica(idConcerto,idMusica) Values(18,9997008);
INSERT INTO ConcertoMusica(idConcerto,idMusica) Values(18,12209328);
INSERT INTO ConcertoMusica(idConcerto,idMusica) Values(18,9997014);
INSERT INTO ConcertoMusica(idConcerto,idMusica) Values(18,12209329);
INSERT INTO ConcertoMusica(idConcerto,idMusica) Values(18,13459064);
INSERT INTO ConcertoMusica(idConcerto,idMusica) Values(18,12209331);
INSERT INTO ConcertoMusica(idConcerto,idMusica) Values(18,12209332);
INSERT INTO ConcertoMusica(idConcerto,idMusica) Values(18,13459067);
INSERT INTO ConcertoMusica(idConcerto,idMusica) Values(18,9997013);
INSERT INTO ConcertoMusica(idConcerto,idMusica) Values(18,9997016);
INSERT INTO ConcertoMusica(idConcerto,idMusica) Values(18,12209320);
INSERT INTO ConcertoMusica(idConcerto,idMusica) Values(18,12209321);
INSERT INTO ConcertoMusica(idConcerto,idMusica) Values(18,12209324);
INSERT INTO ConcertoMusica(idConcerto,idMusica) Values(18,9997017);
INSERT INTO ConcertoMusica(idConcerto,idMusica) Values(18,13459070);
INSERT INTO ConcertoMusica(idConcerto,idMusica) Values(18,12209325);
INSERT INTO ConcertoMusica(idConcerto,idMusica) Values(18,13459071);
INSERT INTO ConcertoMusica(idConcerto,idMusica) Values(18,12209330);
INSERT INTO ConcertoMusica(idConcerto,idMusica) Values(18,12209327);
INSERT INTO ConcertoMusica(idConcerto,idMusica) Values(18,13459066);
INSERT INTO ConcertoMusica(idConcerto,idMusica) Values(18,12209323);
INSERT INTO ConcertoMusica(idConcerto,idMusica) Values(18,9997012);
INSERT INTO ConcertoMusica(idConcerto,idMusica) Values(18,13459068);
INSERT INTO ConcertoMusica(idConcerto,idMusica) Values(18,9997009);
INSERT INTO ConcertoMusica(idConcerto,idMusica) Values(18,12209326);
INSERT INTO ConcertoMusica(idConcerto,idMusica) Values(18,13459069);
INSERT INTO ConcertoMusica(idConcerto,idMusica) Values(19,568147782);
INSERT INTO ConcertoMusica(idConcerto,idMusica) Values(19,568147802);
INSERT INTO ConcertoMusica(idConcerto,idMusica) Values(20,785411472);
INSERT INTO ConcertoMusica(idConcerto,idMusica) Values(20,126772755);
INSERT INTO ConcertoMusica(idConcerto,idMusica) Values(20,785411532);
INSERT INTO ConcertoMusica(idConcerto,idMusica) Values(20,126772753);
INSERT INTO ConcertoMusica(idConcerto,idMusica) Values(20,126772743);
INSERT INTO ConcertoMusica(idConcerto,idMusica) Values(20,785411452);
INSERT INTO ConcertoMusica(idConcerto,idMusica) Values(20,785411552);
INSERT INTO ConcertoMusica(idConcerto,idMusica) Values(20,785411512);
INSERT INTO ConcertoMusica(idConcerto,idMusica) Values(20,126772761);
INSERT INTO ConcertoMusica(idConcerto,idMusica) Values(20,126772733);
INSERT INTO ConcertoMusica(idConcerto,idMusica) Values(20,785411542);
INSERT INTO ConcertoMusica(idConcerto,idMusica) Values(20,126772751);
INSERT INTO ConcertoMusica(idConcerto,idMusica) Values(20,126772735);
INSERT INTO ConcertoMusica(idConcerto,idMusica) Values(20,126772739);
INSERT INTO ConcertoMusica(idConcerto,idMusica) Values(20,785411482);
INSERT INTO ConcertoMusica(idConcerto,idMusica) Values(20,785411462);
INSERT INTO ConcertoMusica(idConcerto,idMusica) Values(20,785411492);
INSERT INTO ConcertoMusica(idConcerto,idMusica) Values(20,126772745);
INSERT INTO ConcertoMusica(idConcerto,idMusica) Values(20,126772741);
INSERT INTO ConcertoMusica(idConcerto,idMusica) Values(20,126772737);
INSERT INTO ConcertoMusica(idConcerto,idMusica) Values(21,2293088);
INSERT INTO ConcertoMusica(idConcerto,idMusica) Values(21,2293068);
INSERT INTO ConcertoMusica(idConcerto,idMusica) Values(21,2293089);
INSERT INTO ConcertoMusica(idConcerto,idMusica) Values(21,2293092);
INSERT INTO ConcertoMusica(idConcerto,idMusica) Values(21,2293097);
INSERT INTO ConcertoMusica(idConcerto,idMusica) Values(21,727379302);
INSERT INTO ConcertoMusica(idConcerto,idMusica) Values(21,2293083);
INSERT INTO ConcertoMusica(idConcerto,idMusica) Values(21,2293100);
INSERT INTO ConcertoMusica(idConcerto,idMusica) Values(21,2293074);
INSERT INTO ConcertoMusica(idConcerto,idMusica) Values(21,2293064);
INSERT INTO ConcertoMusica(idConcerto,idMusica) Values(21,2293061);
INSERT INTO ConcertoMusica(idConcerto,idMusica) Values(21,2293080);
INSERT INTO ConcertoMusica(idConcerto,idMusica) Values(22,126772745);
INSERT INTO ConcertoMusica(idConcerto,idMusica) Values(22,126772763);
INSERT INTO ConcertoMusica(idConcerto,idMusica) Values(22,126772747);
INSERT INTO ConcertoMusica(idConcerto,idMusica) Values(22,785411512);
INSERT INTO ConcertoMusica(idConcerto,idMusica) Values(22,126772729);
INSERT INTO ConcertoMusica(idConcerto,idMusica) Values(22,126772737);
INSERT INTO ConcertoMusica(idConcerto,idMusica) Values(23,70322132);
INSERT INTO ConcertoMusica(idConcerto,idMusica) Values(23,70322134);
INSERT INTO ConcertoMusica(idConcerto,idMusica) Values(23,4315384);
INSERT INTO ConcertoMusica(idConcerto,idMusica) Values(23,4315312);
INSERT INTO ConcertoMusica(idConcerto,idMusica) Values(23,70322130);
INSERT INTO ConcertoMusica(idConcerto,idMusica) Values(23,70322138);
INSERT INTO ConcertoMusica(idConcerto,idMusica) Values(23,4315314);
INSERT INTO ConcertoMusica(idConcerto,idMusica) Values(23,4315381);
INSERT INTO ConcertoMusica(idConcerto,idMusica) Values(23,70322137);
INSERT INTO ConcertoMusica(idConcerto,idMusica) Values(23,4315309);
INSERT INTO ConcertoMusica(idConcerto,idMusica) Values(23,4315310);
INSERT INTO ConcertoMusica(idConcerto,idMusica) Values(23,70322135);
INSERT INTO ConcertoMusica(idConcerto,idMusica) Values(23,70322141);
INSERT INTO ConcertoMusica(idConcerto,idMusica) Values(23,4315320);
INSERT INTO ConcertoMusica(idConcerto,idMusica) Values(23,4315389);
INSERT INTO ConcertoMusica(idConcerto,idMusica) Values(23,4315379);
INSERT INTO ConcertoMusica(idConcerto,idMusica) Values(23,4315317);
INSERT INTO ConcertoMusica(idConcerto,idMusica) Values(23,70322136);
INSERT INTO ConcertoMusica(idConcerto,idMusica) Values(23,4315383);
INSERT INTO ConcertoMusica(idConcerto,idMusica) Values(23,4315321);
INSERT INTO ConcertoMusica(idConcerto,idMusica) Values(23,70322139);
INSERT INTO ConcertoMusica(idConcerto,idMusica) Values(23,70322133);
INSERT INTO ConcertoMusica(idConcerto,idMusica) Values(23,4315378);
INSERT INTO ConcertoMusica(idConcerto,idMusica) Values(23,4315315);
INSERT INTO ConcertoMusica(idConcerto,idMusica) Values(23,4315382);
INSERT INTO ConcertoMusica(idConcerto,idMusica) Values(23,4315318);
INSERT INTO ConcertoMusica(idConcerto,idMusica) Values(24,116348662);
INSERT INTO ConcertoMusica(idConcerto,idMusica) Values(24,116348660);
INSERT INTO ConcertoMusica(idConcerto,idMusica) Values(24,116348456);
INSERT INTO ConcertoMusica(idConcerto,idMusica) Values(24,116348630);
INSERT INTO ConcertoMusica(idConcerto,idMusica) Values(24,116348592);
INSERT INTO ConcertoMusica(idConcerto,idMusica) Values(26,585667482);
INSERT INTO ConcertoMusica(idConcerto,idMusica) Values(26,585667502);
INSERT INTO ConcertoMusica(idConcerto,idMusica) Values(26,585667452);
INSERT INTO ConcertoMusica(idConcerto,idMusica) Values(26,2293076);
INSERT INTO ConcertoMusica(idConcerto,idMusica) Values(26,585667552);
INSERT INTO ConcertoMusica(idConcerto,idMusica) Values(26,2293068);
INSERT INTO ConcertoMusica(idConcerto,idMusica) Values(26,2293089);
INSERT INTO ConcertoMusica(idConcerto,idMusica) Values(26,2293080);
INSERT INTO ConcertoMusica(idConcerto,idMusica) Values(26,2293092);
INSERT INTO ConcertoMusica(idConcerto,idMusica) Values(26,2293083);
INSERT INTO ConcertoMusica(idConcerto,idMusica) Values(26,585667562);
INSERT INTO ConcertoMusica(idConcerto,idMusica) Values(26,585667532);
INSERT INTO ConcertoMusica(idConcerto,idMusica) Values(26,585667572);
INSERT INTO ConcertoMusica(idConcerto,idMusica) Values(26,585667472);
INSERT INTO ConcertoMusica(idConcerto,idMusica) Values(26,585667582);
INSERT INTO ConcertoMusica(idConcerto,idMusica) Values(26,2293100);
INSERT INTO ConcertoMusica(idConcerto,idMusica) Values(26,2293074);
INSERT INTO ConcertoMusica(idConcerto,idMusica) Values(26,585667492);
INSERT INTO ConcertoMusica(idConcerto,idMusica) Values(26,2293064);
INSERT INTO ConcertoMusica(idConcerto,idMusica) Values(26,2293061);
INSERT INTO ConcertoMusica(idConcerto,idMusica) Values(26,2293088);
INSERT INTO ConcertoMusica(idConcerto,idMusica) Values(26,585667542);
INSERT INTO ConcertoMusica(idConcerto,idMusica) Values(26,2293097);
INSERT INTO ConcertoMusica(idConcerto,idMusica) Values(26,585667512);
INSERT INTO ConcertoMusica(idConcerto,idMusica) Values(26,585667522);
INSERT INTO ConcertoMusica(idConcerto,idMusica) Values(27,116348610);
INSERT INTO ConcertoMusica(idConcerto,idMusica) Values(27,116348624);
INSERT INTO ConcertoMusica(idConcerto,idMusica) Values(27,116348632);
INSERT INTO ConcertoMusica(idConcerto,idMusica) Values(27,116348476);
INSERT INTO ConcertoMusica(idConcerto,idMusica) Values(27,116348470);
INSERT INTO ConcertoMusica(idConcerto,idMusica) Values(27,116348620);
INSERT INTO ConcertoMusica(idConcerto,idMusica) Values(27,568147742);
INSERT INTO ConcertoMusica(idConcerto,idMusica) Values(27,116348618);
INSERT INTO ConcertoMusica(idConcerto,idMusica) Values(27,116348482);
INSERT INTO ConcertoMusica(idConcerto,idMusica) Values(27,116348598);
INSERT INTO ConcertoMusica(idConcerto,idMusica) Values(27,116348612);
INSERT INTO ConcertoMusica(idConcerto,idMusica) Values(27,116348480);
INSERT INTO ConcertoMusica(idConcerto,idMusica) Values(27,116348666);
INSERT INTO ConcertoMusica(idConcerto,idMusica) Values(27,116348468);
INSERT INTO ConcertoMusica(idConcerto,idMusica) Values(28,62724016);
INSERT INTO ConcertoMusica(idConcerto,idMusica) Values(29,12209331);
INSERT INTO ConcertoMusica(idConcerto,idMusica) Values(29,70322134);
INSERT INTO ConcertoMusica(idConcerto,idMusica) Values(29,4315385);
INSERT INTO ConcertoMusica(idConcerto,idMusica) Values(29,9997015);
INSERT INTO ConcertoMusica(idConcerto,idMusica) Values(29,13459067);
INSERT INTO ConcertoMusica(idConcerto,idMusica) Values(29,70322138);
INSERT INTO ConcertoMusica(idConcerto,idMusica) Values(29,70322133);
INSERT INTO ConcertoMusica(idConcerto,idMusica) Values(29,12209326);
INSERT INTO ConcertoMusica(idConcerto,idMusica) Values(29,9997013);
INSERT INTO ConcertoMusica(idConcerto,idMusica) Values(29,12209327);
INSERT INTO ConcertoMusica(idConcerto,idMusica) Values(29,70322130);
INSERT INTO ConcertoMusica(idConcerto,idMusica) Values(29,70322136);
INSERT INTO ConcertoMusica(idConcerto,idMusica) Values(29,4315379);
INSERT INTO ConcertoMusica(idConcerto,idMusica) Values(29,12209325);
INSERT INTO ConcertoMusica(idConcerto,idMusica) Values(29,4315321);
INSERT INTO ConcertoMusica(idConcerto,idMusica) Values(29,13459064);
INSERT INTO ConcertoMusica(idConcerto,idMusica) Values(29,13459070);
INSERT INTO ConcertoMusica(idConcerto,idMusica) Values(29,4315381);
INSERT INTO ConcertoMusica(idConcerto,idMusica) Values(29,70322139);
INSERT INTO ConcertoMusica(idConcerto,idMusica) Values(29,12209332);
INSERT INTO ConcertoMusica(idConcerto,idMusica) Values(29,13459069);
INSERT INTO ConcertoMusica(idConcerto,idMusica) Values(29,12209328);
INSERT INTO ConcertoMusica(idConcerto,idMusica) Values(29,4315317);
INSERT INTO ConcertoMusica(idConcerto,idMusica) Values(29,12209324);
INSERT INTO ConcertoMusica(idConcerto,idMusica) Values(29,4315386);
INSERT INTO ConcertoMusica(idConcerto,idMusica) Values(29,4315310);
INSERT INTO ConcertoMusica(idConcerto,idMusica) Values(29,12209330);
INSERT INTO ConcertoMusica(idConcerto,idMusica) Values(29,4315318);
INSERT INTO ConcertoMusica(idConcerto,idMusica) Values(29,70322137);
INSERT INTO ConcertoMusica(idConcerto,idMusica) Values(29,9997011);
INSERT INTO ConcertoMusica(idConcerto,idMusica) Values(29,4315315);
INSERT INTO ConcertoMusica(idConcerto,idMusica) Values(29,9997017);
INSERT INTO ConcertoMusica(idConcerto,idMusica) Values(29,13459068);
INSERT INTO ConcertoMusica(idConcerto,idMusica) Values(29,70322132);
INSERT INTO ConcertoMusica(idConcerto,idMusica) Values(29,13459071);
INSERT INTO ConcertoMusica(idConcerto,idMusica) Values(29,12209323);
INSERT INTO ConcertoMusica(idConcerto,idMusica) Values(29,4315320);
INSERT INTO ConcertoMusica(idConcerto,idMusica) Values(29,4315309);
INSERT INTO ConcertoMusica(idConcerto,idMusica) Values(29,9997019);
INSERT INTO ConcertoMusica(idConcerto,idMusica) Values(29,4315383);
INSERT INTO ConcertoMusica(idConcerto,idMusica) Values(29,9997008);
INSERT INTO ConcertoMusica(idConcerto,idMusica) Values(29,12209329);
INSERT INTO ConcertoMusica(idConcerto,idMusica) Values(29,12209321);
INSERT INTO ConcertoMusica(idConcerto,idMusica) Values(29,9997014);
INSERT INTO ConcertoMusica(idConcerto,idMusica) Values(30,67238739);
INSERT INTO ConcertoMusica(idConcerto,idMusica) Values(30,67238738);
INSERT INTO ConcertoMusica(idConcerto,idMusica) Values(30,10064646);
INSERT INTO ConcertoMusica(idConcerto,idMusica) Values(30,10064648);
INSERT INTO ConcertoMusica(idConcerto,idMusica) Values(30,10064651);
INSERT INTO ConcertoMusica(idConcerto,idMusica) Values(30,3135560);
INSERT INTO ConcertoMusica(idConcerto,idMusica) Values(30,3135563);
INSERT INTO ConcertoMusica(idConcerto,idMusica) Values(30,3135566);
INSERT INTO ConcertoMusica(idConcerto,idMusica) Values(30,3135553);
INSERT INTO ConcertoMusica(idConcerto,idMusica) Values(30,67238732);
INSERT INTO ConcertoMusica(idConcerto,idMusica) Values(30,10064650);
INSERT INTO ConcertoMusica(idConcerto,idMusica) Values(30,3135559);
INSERT INTO ConcertoMusica(idConcerto,idMusica) Values(33,9997012);
INSERT INTO ConcertoMusica(idConcerto,idMusica) Values(33,9997019);
INSERT INTO ConcertoMusica(idConcerto,idMusica) Values(33,12209328);
INSERT INTO ConcertoMusica(idConcerto,idMusica) Values(33,9997010);
INSERT INTO ConcertoMusica(idConcerto,idMusica) Values(33,13459066);
INSERT INTO ConcertoMusica(idConcerto,idMusica) Values(33,13459064);
INSERT INTO ConcertoMusica(idConcerto,idMusica) Values(33,9997013);
INSERT INTO ConcertoMusica(idConcerto,idMusica) Values(33,9997008);
INSERT INTO ConcertoMusica(idConcerto,idMusica) Values(33,12209329);
INSERT INTO ConcertoMusica(idConcerto,idMusica) Values(33,12209331);
INSERT INTO ConcertoMusica(idConcerto,idMusica) Values(33,13459072);
INSERT INTO ConcertoMusica(idConcerto,idMusica) Values(34,568147722);
INSERT INTO ConcertoMusica(idConcerto,idMusica) Values(34,568147782);
INSERT INTO ConcertoMusica(idConcerto,idMusica) Values(34,4315312);
INSERT INTO ConcertoMusica(idConcerto,idMusica) Values(34,4315321);
INSERT INTO ConcertoMusica(idConcerto,idMusica) Values(34,70322140);
INSERT INTO ConcertoMusica(idConcerto,idMusica) Values(34,4315389);
INSERT INTO ConcertoMusica(idConcerto,idMusica) Values(34,70322130);
INSERT INTO ConcertoMusica(idConcerto,idMusica) Values(34,70322136);
INSERT INTO ConcertoMusica(idConcerto,idMusica) Values(34,4315315);
INSERT INTO ConcertoMusica(idConcerto,idMusica) Values(34,4315380);
INSERT INTO ConcertoMusica(idConcerto,idMusica) Values(34,4315310);
INSERT INTO ConcertoMusica(idConcerto,idMusica) Values(34,70322135);
INSERT INTO ConcertoMusica(idConcerto,idMusica) Values(34,4315384);
INSERT INTO ConcertoMusica(idConcerto,idMusica) Values(34,568147732);
INSERT INTO ConcertoMusica(idConcerto,idMusica) Values(34,70322142);
INSERT INTO ConcertoMusica(idConcerto,idMusica) Values(34,70322139);
INSERT INTO ConcertoMusica(idConcerto,idMusica) Values(34,4315382);
INSERT INTO ConcertoMusica(idConcerto,idMusica) Values(34,568147792);
INSERT INTO ConcertoMusica(idConcerto,idMusica) Values(34,4315379);
INSERT INTO ConcertoMusica(idConcerto,idMusica) Values(34,70322141);
INSERT INTO ConcertoMusica(idConcerto,idMusica) Values(34,568147712);
INSERT INTO ConcertoMusica(idConcerto,idMusica) Values(34,70322134);
INSERT INTO ConcertoMusica(idConcerto,idMusica) Values(34,4315385);
INSERT INTO ConcertoMusica(idConcerto,idMusica) Values(34,568147752);
INSERT INTO ConcertoMusica(idConcerto,idMusica) Values(34,4315309);
INSERT INTO ConcertoMusica(idConcerto,idMusica) Values(34,4315319);
INSERT INTO ConcertoMusica(idConcerto,idMusica) Values(34,4315316);
INSERT INTO ConcertoMusica(idConcerto,idMusica) Values(34,4315318);
INSERT INTO ConcertoMusica(idConcerto,idMusica) Values(34,568147772);
INSERT INTO ConcertoMusica(idConcerto,idMusica) Values(34,4315388);
INSERT INTO ConcertoMusica(idConcerto,idMusica) Values(34,4315386);
INSERT INTO ConcertoMusica(idConcerto,idMusica) Values(34,568147812);
INSERT INTO ConcertoMusica(idConcerto,idMusica) Values(34,4315387);
INSERT INTO ConcertoMusica(idConcerto,idMusica) Values(34,4315383);
INSERT INTO ConcertoMusica(idConcerto,idMusica) Values(34,4315381);
INSERT INTO ConcertoMusica(idConcerto,idMusica) Values(34,70322132);
INSERT INTO ConcertoMusica(idConcerto,idMusica) Values(34,568147762);
INSERT INTO ConcertoMusica(idConcerto,idMusica) Values(34,4315378);
INSERT INTO ConcertoMusica(idConcerto,idMusica) Values(34,4315317);
INSERT INTO ConcertoMusica(idConcerto,idMusica) Values(34,4315314);
INSERT INTO ConcertoMusica(idConcerto,idMusica) Values(34,568147822);
INSERT INTO ConcertoMusica(idConcerto,idMusica) Values(34,4315320);
INSERT INTO ConcertoMusica(idConcerto,idMusica) Values(34,4315313);
INSERT INTO ConcertoMusica(idConcerto,idMusica) Values(34,4315311);
INSERT INTO ConcertoMusica(idConcerto,idMusica) Values(34,70322133);
INSERT INTO ConcertoMusica(idConcerto,idMusica) Values(34,70322137);
INSERT INTO ConcertoMusica(idConcerto,idMusica) Values(34,568147802);
INSERT INTO ConcertoMusica(idConcerto,idMusica) Values(34,568147742);
-- Table: GenerosFavoritos
INSERT INTO GenerosFavoritos(idUtilizador,idGenero,numeroOrdem) Values(0,132,1);
INSERT INTO GenerosFavoritos(idUtilizador,idGenero,numeroOrdem) Values(0,113,2);
INSERT INTO GenerosFavoritos(idUtilizador,idGenero,numeroOrdem) Values(0,116,3);
INSERT INTO GenerosFavoritos(idUtilizador,idGenero,numeroOrdem) Values(1,152,1);
INSERT INTO GenerosFavoritos(idUtilizador,idGenero,numeroOrdem) Values(1,85,2);
INSERT INTO GenerosFavoritos(idUtilizador,idGenero,numeroOrdem) Values(1,113,3);
INSERT INTO GenerosFavoritos(idUtilizador,idGenero,numeroOrdem) Values(2,113,1);
INSERT INTO GenerosFavoritos(idUtilizador,idGenero,numeroOrdem) Values(2,116,2);
INSERT INTO GenerosFavoritos(idUtilizador,idGenero,numeroOrdem) Values(2,85,3);
INSERT INTO GenerosFavoritos(idUtilizador,idGenero,numeroOrdem) Values(3,129,1);
INSERT INTO GenerosFavoritos(idUtilizador,idGenero,numeroOrdem) Values(3,152,2);
INSERT INTO GenerosFavoritos(idUtilizador,idGenero,numeroOrdem) Values(3,113,3);
INSERT INTO GenerosFavoritos(idUtilizador,idGenero,numeroOrdem) Values(4,152,1);
INSERT INTO GenerosFavoritos(idUtilizador,idGenero,numeroOrdem) Values(4,129,2);
INSERT INTO GenerosFavoritos(idUtilizador,idGenero,numeroOrdem) Values(4,113,3);
INSERT INTO GenerosFavoritos(idUtilizador,idGenero,numeroOrdem) Values(5,85,1);
INSERT INTO GenerosFavoritos(idUtilizador,idGenero,numeroOrdem) Values(5,113,2);
INSERT INTO GenerosFavoritos(idUtilizador,idGenero,numeroOrdem) Values(5,129,3);
INSERT INTO GenerosFavoritos(idUtilizador,idGenero,numeroOrdem) Values(6,85,1);
INSERT INTO GenerosFavoritos(idUtilizador,idGenero,numeroOrdem) Values(6,113,2);
INSERT INTO GenerosFavoritos(idUtilizador,idGenero,numeroOrdem) Values(6,132,3);
INSERT INTO GenerosFavoritos(idUtilizador,idGenero,numeroOrdem) Values(7,113,1);
INSERT INTO GenerosFavoritos(idUtilizador,idGenero,numeroOrdem) Values(7,85,2);
INSERT INTO GenerosFavoritos(idUtilizador,idGenero,numeroOrdem) Values(7,132,3);
INSERT INTO GenerosFavoritos(idUtilizador,idGenero,numeroOrdem) Values(8,85,1);
INSERT INTO GenerosFavoritos(idUtilizador,idGenero,numeroOrdem) Values(8,132,2);
INSERT INTO GenerosFavoritos(idUtilizador,idGenero,numeroOrdem) Values(8,116,3);
INSERT INTO GenerosFavoritos(idUtilizador,idGenero,numeroOrdem) Values(9,152,1);
INSERT INTO GenerosFavoritos(idUtilizador,idGenero,numeroOrdem) Values(9,113,2);
INSERT INTO GenerosFavoritos(idUtilizador,idGenero,numeroOrdem) Values(9,132,3);
INSERT INTO GenerosFavoritos(idUtilizador,idGenero,numeroOrdem) Values(10,113,1);
INSERT INTO GenerosFavoritos(idUtilizador,idGenero,numeroOrdem) Values(10,116,2);
INSERT INTO GenerosFavoritos(idUtilizador,idGenero,numeroOrdem) Values(10,152,3);
INSERT INTO GenerosFavoritos(idUtilizador,idGenero,numeroOrdem) Values(11,85,1);
INSERT INTO GenerosFavoritos(idUtilizador,idGenero,numeroOrdem) Values(11,113,2);
INSERT INTO GenerosFavoritos(idUtilizador,idGenero,numeroOrdem) Values(11,152,3);
INSERT INTO GenerosFavoritos(idUtilizador,idGenero,numeroOrdem) Values(12,85,1);
INSERT INTO GenerosFavoritos(idUtilizador,idGenero,numeroOrdem) Values(12,116,2);
INSERT INTO GenerosFavoritos(idUtilizador,idGenero,numeroOrdem) Values(12,152,3);
INSERT INTO GenerosFavoritos(idUtilizador,idGenero,numeroOrdem) Values(13,85,1);
INSERT INTO GenerosFavoritos(idUtilizador,idGenero,numeroOrdem) Values(13,132,2);
INSERT INTO GenerosFavoritos(idUtilizador,idGenero,numeroOrdem) Values(13,129,3);
INSERT INTO GenerosFavoritos(idUtilizador,idGenero,numeroOrdem) Values(14,85,1);
INSERT INTO GenerosFavoritos(idUtilizador,idGenero,numeroOrdem) Values(14,113,2);
INSERT INTO GenerosFavoritos(idUtilizador,idGenero,numeroOrdem) Values(14,132,3);
INSERT INTO GenerosFavoritos(idUtilizador,idGenero,numeroOrdem) Values(15,129,1);
INSERT INTO GenerosFavoritos(idUtilizador,idGenero,numeroOrdem) Values(15,85,2);
INSERT INTO GenerosFavoritos(idUtilizador,idGenero,numeroOrdem) Values(15,132,3);
INSERT INTO GenerosFavoritos(idUtilizador,idGenero,numeroOrdem) Values(16,152,1);
INSERT INTO GenerosFavoritos(idUtilizador,idGenero,numeroOrdem) Values(16,85,2);
INSERT INTO GenerosFavoritos(idUtilizador,idGenero,numeroOrdem) Values(16,132,3);
INSERT INTO GenerosFavoritos(idUtilizador,idGenero,numeroOrdem) Values(17,132,1);
INSERT INTO GenerosFavoritos(idUtilizador,idGenero,numeroOrdem) Values(17,116,2);
INSERT INTO GenerosFavoritos(idUtilizador,idGenero,numeroOrdem) Values(17,113,3);
INSERT INTO GenerosFavoritos(idUtilizador,idGenero,numeroOrdem) Values(18,113,1);
INSERT INTO GenerosFavoritos(idUtilizador,idGenero,numeroOrdem) Values(18,152,2);
INSERT INTO GenerosFavoritos(idUtilizador,idGenero,numeroOrdem) Values(18,85,3);
INSERT INTO GenerosFavoritos(idUtilizador,idGenero,numeroOrdem) Values(19,116,1);
INSERT INTO GenerosFavoritos(idUtilizador,idGenero,numeroOrdem) Values(19,152,2);
INSERT INTO GenerosFavoritos(idUtilizador,idGenero,numeroOrdem) Values(19,129,3);
INSERT INTO GenerosFavoritos(idUtilizador,idGenero,numeroOrdem) Values(20,129,1);
INSERT INTO GenerosFavoritos(idUtilizador,idGenero,numeroOrdem) Values(20,113,2);
INSERT INTO GenerosFavoritos(idUtilizador,idGenero,numeroOrdem) Values(20,132,3);
INSERT INTO GenerosFavoritos(idUtilizador,idGenero,numeroOrdem) Values(21,129,1);
INSERT INTO GenerosFavoritos(idUtilizador,idGenero,numeroOrdem) Values(21,113,2);
INSERT INTO GenerosFavoritos(idUtilizador,idGenero,numeroOrdem) Values(21,132,3);
INSERT INTO GenerosFavoritos(idUtilizador,idGenero,numeroOrdem) Values(22,85,1);
INSERT INTO GenerosFavoritos(idUtilizador,idGenero,numeroOrdem) Values(22,116,2);
INSERT INTO GenerosFavoritos(idUtilizador,idGenero,numeroOrdem) Values(22,132,3);
INSERT INTO GenerosFavoritos(idUtilizador,idGenero,numeroOrdem) Values(23,113,1);
INSERT INTO GenerosFavoritos(idUtilizador,idGenero,numeroOrdem) Values(23,152,2);
INSERT INTO GenerosFavoritos(idUtilizador,idGenero,numeroOrdem) Values(23,129,3);
INSERT INTO GenerosFavoritos(idUtilizador,idGenero,numeroOrdem) Values(24,116,1);
INSERT INTO GenerosFavoritos(idUtilizador,idGenero,numeroOrdem) Values(24,129,2);
INSERT INTO GenerosFavoritos(idUtilizador,idGenero,numeroOrdem) Values(24,152,3);
INSERT INTO GenerosFavoritos(idUtilizador,idGenero,numeroOrdem) Values(25,132,1);
INSERT INTO GenerosFavoritos(idUtilizador,idGenero,numeroOrdem) Values(25,85,2);
INSERT INTO GenerosFavoritos(idUtilizador,idGenero,numeroOrdem) Values(25,113,3);
INSERT INTO GenerosFavoritos(idUtilizador,idGenero,numeroOrdem) Values(26,152,1);
INSERT INTO GenerosFavoritos(idUtilizador,idGenero,numeroOrdem) Values(26,132,2);
INSERT INTO GenerosFavoritos(idUtilizador,idGenero,numeroOrdem) Values(26,85,3);
INSERT INTO GenerosFavoritos(idUtilizador,idGenero,numeroOrdem) Values(27,152,1);
INSERT INTO GenerosFavoritos(idUtilizador,idGenero,numeroOrdem) Values(27,85,2);
INSERT INTO GenerosFavoritos(idUtilizador,idGenero,numeroOrdem) Values(27,132,3);
INSERT INTO GenerosFavoritos(idUtilizador,idGenero,numeroOrdem) Values(28,132,1);
INSERT INTO GenerosFavoritos(idUtilizador,idGenero,numeroOrdem) Values(28,129,2);
INSERT INTO GenerosFavoritos(idUtilizador,idGenero,numeroOrdem) Values(28,116,3);
INSERT INTO GenerosFavoritos(idUtilizador,idGenero,numeroOrdem) Values(29,85,1);
INSERT INTO GenerosFavoritos(idUtilizador,idGenero,numeroOrdem) Values(29,129,2);
INSERT INTO GenerosFavoritos(idUtilizador,idGenero,numeroOrdem) Values(29,152,3);
-- Table: BandaArtista
INSERT INTO BandaArtista(idBanda,idArtista) Values(27,100000000);
INSERT INTO BandaArtista(idBanda,idArtista) Values(27,100000001);
INSERT INTO BandaArtista(idBanda,idArtista) Values(1182,1195633);
INSERT INTO BandaArtista(idBanda,idArtista) Values(1182,100000002);
INSERT INTO BandaArtista(idBanda,idArtista) Values(1182,100000003);
INSERT INTO BandaArtista(idBanda,idArtista) Values(1182,100000004);
INSERT INTO BandaArtista(idBanda,idArtista) Values(1,226);
INSERT INTO BandaArtista(idBanda,idArtista) Values(1,1446);
INSERT INTO BandaArtista(idBanda,idArtista) Values(1,100000005);
INSERT INTO BandaArtista(idBanda,idArtista) Values(1,100000006);
